-- phpMyAdmin SQL Dump
-- version 5.2.1
-- https://www.phpmyadmin.net/
--
-- Host: 127.0.0.1
-- Generation Time: Aug 02, 2023 at 10:40 AM
-- Server version: 10.4.19-MariaDB
-- PHP Version: 8.1.2

SET SQL_MODE = "NO_AUTO_VALUE_ON_ZERO";
START TRANSACTION;
SET time_zone = "+00:00";


/*!40101 SET @OLD_CHARACTER_SET_CLIENT=@@CHARACTER_SET_CLIENT */;
/*!40101 SET @OLD_CHARACTER_SET_RESULTS=@@CHARACTER_SET_RESULTS */;
/*!40101 SET @OLD_COLLATION_CONNECTION=@@COLLATION_CONNECTION */;
/*!40101 SET NAMES utf8mb4 */;

--
-- Database: `u1634740_distributor_od`
--

-- --------------------------------------------------------

--
-- Table structure for table `cash_opnames`
--

CREATE TABLE `cash_opnames` (
  `id` bigint(20) UNSIGNED NOT NULL,
  `user_id` bigint(20) UNSIGNED NOT NULL,
  `nama_distributor` varchar(255) COLLATE utf8mb4_unicode_ci NOT NULL,
  `cash_awal` bigint(20) UNSIGNED NOT NULL,
  `total_transaksi` bigint(20) UNSIGNED DEFAULT NULL,
  `cash_akhir` bigint(20) UNSIGNED DEFAULT NULL,
  `selisih` bigint(20) UNSIGNED DEFAULT NULL,
  `status` tinyint(1) NOT NULL,
  `created_at` timestamp NULL DEFAULT NULL,
  `updated_at` timestamp NULL DEFAULT NULL
) ENGINE=InnoDB DEFAULT CHARSET=utf8mb4 COLLATE=utf8mb4_unicode_ci;

--
-- Dumping data for table `cash_opnames`
--

INSERT INTO `cash_opnames` (`id`, `user_id`, `nama_distributor`, `cash_awal`, `total_transaksi`, `cash_akhir`, `selisih`, `status`, `created_at`, `updated_at`) VALUES
(1, 5, 'Distributor Tp', 1000000, 1390000, 1390000, 0, 2, '2023-05-26 05:16:03', '2023-05-26 06:07:34'),
(2, 19, 'seller 1', 1000000, 1250000, 1250000, 0, 2, '2023-05-26 06:11:38', '2023-05-26 06:16:33'),
(3, 34, 'seller Tp', 1000000, 1250000, 1250000, 0, 2, '2023-05-26 08:06:43', '2023-05-26 08:09:08'),
(4, 5, 'Distributor Tp', 100000, NULL, NULL, NULL, 1, '2023-06-09 03:44:49', '2023-06-09 03:44:49');

-- --------------------------------------------------------

--
-- Table structure for table `categories`
--

CREATE TABLE `categories` (
  `id` bigint(20) UNSIGNED NOT NULL,
  `nama_kategori` varchar(255) COLLATE utf8mb4_unicode_ci NOT NULL,
  `created_at` timestamp NULL DEFAULT NULL,
  `updated_at` timestamp NULL DEFAULT NULL
) ENGINE=InnoDB DEFAULT CHARSET=utf8mb4 COLLATE=utf8mb4_unicode_ci;

--
-- Dumping data for table `categories`
--

INSERT INTO `categories` (`id`, `nama_kategori`, `created_at`, `updated_at`) VALUES
(1, 'Minuman', '2023-05-21 18:01:01', '2023-05-21 18:01:01'),
(2, 'Makanan', '2023-05-21 18:01:01', '2023-05-21 18:01:01'),
(3, 'Buah', '2023-05-21 18:01:01', '2023-05-21 18:01:01'),
(9, 'Parfum', '2023-05-26 04:04:16', '2023-05-26 04:04:16'),
(10, 'Jajan', '2023-05-26 04:04:16', '2023-05-26 04:04:16');

-- --------------------------------------------------------

--
-- Table structure for table `cities`
--

CREATE TABLE `cities` (
  `id` bigint(20) UNSIGNED NOT NULL,
  `province_id` bigint(20) UNSIGNED NOT NULL,
  `name` varchar(255) COLLATE utf8mb4_unicode_ci NOT NULL,
  `created_at` timestamp NULL DEFAULT NULL,
  `updated_at` timestamp NULL DEFAULT NULL
) ENGINE=InnoDB DEFAULT CHARSET=utf8mb4 COLLATE=utf8mb4_unicode_ci;

--
-- Dumping data for table `cities`
--

INSERT INTO `cities` (`id`, `province_id`, `name`, `created_at`, `updated_at`) VALUES
(1101, 11, 'KABUPATEN SIMEULUE', '2022-11-02 02:11:42', '2022-11-02 02:11:42'),
(1102, 11, 'KABUPATEN ACEH SINGKIL', '2022-11-02 02:11:42', '2022-11-02 02:11:42'),
(1103, 11, 'KABUPATEN ACEH SELATAN', '2022-11-02 02:11:42', '2022-11-02 02:11:42'),
(1104, 11, 'KABUPATEN ACEH TENGGARA', '2022-11-02 02:11:42', '2022-11-02 02:11:42'),
(1105, 11, 'KABUPATEN ACEH TIMUR', '2022-11-02 02:11:42', '2022-11-02 02:11:42'),
(1106, 11, 'KABUPATEN ACEH TENGAH', '2022-11-02 02:11:42', '2022-11-02 02:11:42'),
(1107, 11, 'KABUPATEN ACEH BARAT', '2022-11-02 02:11:42', '2022-11-02 02:11:42'),
(1108, 11, 'KABUPATEN ACEH BESAR', '2022-11-02 02:11:42', '2022-11-02 02:11:42'),
(1109, 11, 'KABUPATEN PIDIE', '2022-11-02 02:11:42', '2022-11-02 02:11:42'),
(1110, 11, 'KABUPATEN BIREUEN', '2022-11-02 02:11:42', '2022-11-02 02:11:42'),
(1111, 11, 'KABUPATEN ACEH UTARA', '2022-11-02 02:11:42', '2022-11-02 02:11:42'),
(1112, 11, 'KABUPATEN ACEH BARAT DAYA', '2022-11-02 02:11:42', '2022-11-02 02:11:42'),
(1113, 11, 'KABUPATEN GAYO LUES', '2022-11-02 02:11:42', '2022-11-02 02:11:42'),
(1114, 11, 'KABUPATEN ACEH TAMIANG', '2022-11-02 02:11:42', '2022-11-02 02:11:42'),
(1115, 11, 'KABUPATEN NAGAN RAYA', '2022-11-02 02:11:42', '2022-11-02 02:11:42'),
(1116, 11, 'KABUPATEN ACEH JAYA', '2022-11-02 02:11:42', '2022-11-02 02:11:42'),
(1117, 11, 'KABUPATEN BENER MERIAH', '2022-11-02 02:11:42', '2022-11-02 02:11:42'),
(1118, 11, 'KABUPATEN PIDIE JAYA', '2022-11-02 02:11:42', '2022-11-02 02:11:42'),
(1171, 11, 'KOTA BANDA ACEH', '2022-11-02 02:11:42', '2022-11-02 02:11:42'),
(1172, 11, 'KOTA SABANG', '2022-11-02 02:11:42', '2022-11-02 02:11:42'),
(1173, 11, 'KOTA LANGSA', '2022-11-02 02:11:42', '2022-11-02 02:11:42'),
(1174, 11, 'KOTA LHOKSEUMAWE', '2022-11-02 02:11:42', '2022-11-02 02:11:42'),
(1175, 11, 'KOTA SUBULUSSALAM', '2022-11-02 02:11:42', '2022-11-02 02:11:42'),
(1201, 12, 'KABUPATEN NIAS', '2022-11-02 02:11:42', '2022-11-02 02:11:42'),
(1202, 12, 'KABUPATEN MANDAILING NATAL', '2022-11-02 02:11:42', '2022-11-02 02:11:42'),
(1203, 12, 'KABUPATEN TAPANULI SELATAN', '2022-11-02 02:11:42', '2022-11-02 02:11:42'),
(1204, 12, 'KABUPATEN TAPANULI TENGAH', '2022-11-02 02:11:42', '2022-11-02 02:11:42'),
(1205, 12, 'KABUPATEN TAPANULI UTARA', '2022-11-02 02:11:42', '2022-11-02 02:11:42'),
(1206, 12, 'KABUPATEN TOBA SAMOSIR', '2022-11-02 02:11:42', '2022-11-02 02:11:42'),
(1207, 12, 'KABUPATEN LABUHAN BATU', '2022-11-02 02:11:42', '2022-11-02 02:11:42'),
(1208, 12, 'KABUPATEN ASAHAN', '2022-11-02 02:11:42', '2022-11-02 02:11:42'),
(1209, 12, 'KABUPATEN SIMALUNGUN', '2022-11-02 02:11:42', '2022-11-02 02:11:42'),
(1210, 12, 'KABUPATEN DAIRI', '2022-11-02 02:11:42', '2022-11-02 02:11:42'),
(1211, 12, 'KABUPATEN KARO', '2022-11-02 02:11:42', '2022-11-02 02:11:42'),
(1212, 12, 'KABUPATEN DELI SERDANG', '2022-11-02 02:11:42', '2022-11-02 02:11:42'),
(1213, 12, 'KABUPATEN LANGKAT', '2022-11-02 02:11:42', '2022-11-02 02:11:42'),
(1214, 12, 'KABUPATEN NIAS SELATAN', '2022-11-02 02:11:42', '2022-11-02 02:11:42'),
(1215, 12, 'KABUPATEN HUMBANG HASUNDUTAN', '2022-11-02 02:11:42', '2022-11-02 02:11:42'),
(1216, 12, 'KABUPATEN PAKPAK BHARAT', '2022-11-02 02:11:42', '2022-11-02 02:11:42'),
(1217, 12, 'KABUPATEN SAMOSIR', '2022-11-02 02:11:42', '2022-11-02 02:11:42'),
(1218, 12, 'KABUPATEN SERDANG BEDAGAI', '2022-11-02 02:11:42', '2022-11-02 02:11:42'),
(1219, 12, 'KABUPATEN BATU BARA', '2022-11-02 02:11:42', '2022-11-02 02:11:42'),
(1220, 12, 'KABUPATEN PADANG LAWAS UTARA', '2022-11-02 02:11:42', '2022-11-02 02:11:42'),
(1221, 12, 'KABUPATEN PADANG LAWAS', '2022-11-02 02:11:42', '2022-11-02 02:11:42'),
(1222, 12, 'KABUPATEN LABUHAN BATU SELATAN', '2022-11-02 02:11:42', '2022-11-02 02:11:42'),
(1223, 12, 'KABUPATEN LABUHAN BATU UTARA', '2022-11-02 02:11:42', '2022-11-02 02:11:42'),
(1224, 12, 'KABUPATEN NIAS UTARA', '2022-11-02 02:11:42', '2022-11-02 02:11:42'),
(1225, 12, 'KABUPATEN NIAS BARAT', '2022-11-02 02:11:42', '2022-11-02 02:11:42'),
(1271, 12, 'KOTA SIBOLGA', '2022-11-02 02:11:42', '2022-11-02 02:11:42'),
(1272, 12, 'KOTA TANJUNG BALAI', '2022-11-02 02:11:42', '2022-11-02 02:11:42'),
(1273, 12, 'KOTA PEMATANG SIANTAR', '2022-11-02 02:11:42', '2022-11-02 02:11:42'),
(1274, 12, 'KOTA TEBING TINGGI', '2022-11-02 02:11:42', '2022-11-02 02:11:42'),
(1275, 12, 'KOTA MEDAN', '2022-11-02 02:11:42', '2022-11-02 02:11:42'),
(1276, 12, 'KOTA BINJAI', '2022-11-02 02:11:42', '2022-11-02 02:11:42'),
(1277, 12, 'KOTA PADANGSIDIMPUAN', '2022-11-02 02:11:42', '2022-11-02 02:11:42'),
(1278, 12, 'KOTA GUNUNGSITOLI', '2022-11-02 02:11:42', '2022-11-02 02:11:42'),
(1301, 13, 'KABUPATEN KEPULAUAN MENTAWAI', '2022-11-02 02:11:42', '2022-11-02 02:11:42'),
(1302, 13, 'KABUPATEN PESISIR SELATAN', '2022-11-02 02:11:42', '2022-11-02 02:11:42'),
(1303, 13, 'KABUPATEN SOLOK', '2022-11-02 02:11:42', '2022-11-02 02:11:42'),
(1304, 13, 'KABUPATEN SIJUNJUNG', '2022-11-02 02:11:42', '2022-11-02 02:11:42'),
(1305, 13, 'KABUPATEN TANAH DATAR', '2022-11-02 02:11:42', '2022-11-02 02:11:42'),
(1306, 13, 'KABUPATEN PADANG PARIAMAN', '2022-11-02 02:11:43', '2022-11-02 02:11:43'),
(1307, 13, 'KABUPATEN AGAM', '2022-11-02 02:11:43', '2022-11-02 02:11:43'),
(1308, 13, 'KABUPATEN LIMA PULUH KOTA', '2022-11-02 02:11:43', '2022-11-02 02:11:43'),
(1309, 13, 'KABUPATEN PASAMAN', '2022-11-02 02:11:43', '2022-11-02 02:11:43'),
(1310, 13, 'KABUPATEN SOLOK SELATAN', '2022-11-02 02:11:43', '2022-11-02 02:11:43'),
(1311, 13, 'KABUPATEN DHARMASRAYA', '2022-11-02 02:11:43', '2022-11-02 02:11:43'),
(1312, 13, 'KABUPATEN PASAMAN BARAT', '2022-11-02 02:11:43', '2022-11-02 02:11:43'),
(1371, 13, 'KOTA PADANG', '2022-11-02 02:11:43', '2022-11-02 02:11:43'),
(1372, 13, 'KOTA SOLOK', '2022-11-02 02:11:43', '2022-11-02 02:11:43'),
(1373, 13, 'KOTA SAWAH LUNTO', '2022-11-02 02:11:43', '2022-11-02 02:11:43'),
(1374, 13, 'KOTA PADANG PANJANG', '2022-11-02 02:11:43', '2022-11-02 02:11:43'),
(1375, 13, 'KOTA BUKITTINGGI', '2022-11-02 02:11:43', '2022-11-02 02:11:43'),
(1376, 13, 'KOTA PAYAKUMBUH', '2022-11-02 02:11:43', '2022-11-02 02:11:43'),
(1377, 13, 'KOTA PARIAMAN', '2022-11-02 02:11:43', '2022-11-02 02:11:43'),
(1401, 14, 'KABUPATEN KUANTAN SINGINGI', '2022-11-02 02:11:43', '2022-11-02 02:11:43'),
(1402, 14, 'KABUPATEN INDRAGIRI HULU', '2022-11-02 02:11:43', '2022-11-02 02:11:43'),
(1403, 14, 'KABUPATEN INDRAGIRI HILIR', '2022-11-02 02:11:43', '2022-11-02 02:11:43'),
(1404, 14, 'KABUPATEN PELALAWAN', '2022-11-02 02:11:43', '2022-11-02 02:11:43'),
(1405, 14, 'KABUPATEN S I A K', '2022-11-02 02:11:43', '2022-11-02 02:11:43'),
(1406, 14, 'KABUPATEN KAMPAR', '2022-11-02 02:11:43', '2022-11-02 02:11:43'),
(1407, 14, 'KABUPATEN ROKAN HULU', '2022-11-02 02:11:43', '2022-11-02 02:11:43'),
(1408, 14, 'KABUPATEN BENGKALIS', '2022-11-02 02:11:43', '2022-11-02 02:11:43'),
(1409, 14, 'KABUPATEN ROKAN HILIR', '2022-11-02 02:11:43', '2022-11-02 02:11:43'),
(1410, 14, 'KABUPATEN KEPULAUAN MERANTI', '2022-11-02 02:11:43', '2022-11-02 02:11:43'),
(1471, 14, 'KOTA PEKANBARU', '2022-11-02 02:11:43', '2022-11-02 02:11:43'),
(1473, 14, 'KOTA D U M A I', '2022-11-02 02:11:43', '2022-11-02 02:11:43'),
(1501, 15, 'KABUPATEN KERINCI', '2022-11-02 02:11:43', '2022-11-02 02:11:43'),
(1502, 15, 'KABUPATEN MERANGIN', '2022-11-02 02:11:43', '2022-11-02 02:11:43'),
(1503, 15, 'KABUPATEN SAROLANGUN', '2022-11-02 02:11:43', '2022-11-02 02:11:43'),
(1504, 15, 'KABUPATEN BATANG HARI', '2022-11-02 02:11:43', '2022-11-02 02:11:43'),
(1505, 15, 'KABUPATEN MUARO JAMBI', '2022-11-02 02:11:43', '2022-11-02 02:11:43'),
(1506, 15, 'KABUPATEN TANJUNG JABUNG TIMUR', '2022-11-02 02:11:43', '2022-11-02 02:11:43'),
(1507, 15, 'KABUPATEN TANJUNG JABUNG BARAT', '2022-11-02 02:11:43', '2022-11-02 02:11:43'),
(1508, 15, 'KABUPATEN TEBO', '2022-11-02 02:11:43', '2022-11-02 02:11:43'),
(1509, 15, 'KABUPATEN BUNGO', '2022-11-02 02:11:43', '2022-11-02 02:11:43'),
(1571, 15, 'KOTA JAMBI', '2022-11-02 02:11:43', '2022-11-02 02:11:43'),
(1572, 15, 'KOTA SUNGAI PENUH', '2022-11-02 02:11:43', '2022-11-02 02:11:43'),
(1601, 16, 'KABUPATEN OGAN KOMERING ULU', '2022-11-02 02:11:43', '2022-11-02 02:11:43'),
(1602, 16, 'KABUPATEN OGAN KOMERING ILIR', '2022-11-02 02:11:43', '2022-11-02 02:11:43'),
(1603, 16, 'KABUPATEN MUARA ENIM', '2022-11-02 02:11:43', '2022-11-02 02:11:43'),
(1604, 16, 'KABUPATEN LAHAT', '2022-11-02 02:11:43', '2022-11-02 02:11:43'),
(1605, 16, 'KABUPATEN MUSI RAWAS', '2022-11-02 02:11:43', '2022-11-02 02:11:43'),
(1606, 16, 'KABUPATEN MUSI BANYUASIN', '2022-11-02 02:11:43', '2022-11-02 02:11:43'),
(1607, 16, 'KABUPATEN BANYU ASIN', '2022-11-02 02:11:43', '2022-11-02 02:11:43'),
(1608, 16, 'KABUPATEN OGAN KOMERING ULU SELATAN', '2022-11-02 02:11:43', '2022-11-02 02:11:43'),
(1609, 16, 'KABUPATEN OGAN KOMERING ULU TIMUR', '2022-11-02 02:11:43', '2022-11-02 02:11:43'),
(1610, 16, 'KABUPATEN OGAN ILIR', '2022-11-02 02:11:43', '2022-11-02 02:11:43'),
(1611, 16, 'KABUPATEN EMPAT LAWANG', '2022-11-02 02:11:43', '2022-11-02 02:11:43'),
(1612, 16, 'KABUPATEN PENUKAL ABAB LEMATANG ILIR', '2022-11-02 02:11:43', '2022-11-02 02:11:43'),
(1613, 16, 'KABUPATEN MUSI RAWAS UTARA', '2022-11-02 02:11:43', '2022-11-02 02:11:43'),
(1671, 16, 'KOTA PALEMBANG', '2022-11-02 02:11:43', '2022-11-02 02:11:43'),
(1672, 16, 'KOTA PRABUMULIH', '2022-11-02 02:11:43', '2022-11-02 02:11:43'),
(1673, 16, 'KOTA PAGAR ALAM', '2022-11-02 02:11:43', '2022-11-02 02:11:43'),
(1674, 16, 'KOTA LUBUKLINGGAU', '2022-11-02 02:11:43', '2022-11-02 02:11:43'),
(1701, 17, 'KABUPATEN BENGKULU SELATAN', '2022-11-02 02:11:43', '2022-11-02 02:11:43'),
(1702, 17, 'KABUPATEN REJANG LEBONG', '2022-11-02 02:11:43', '2022-11-02 02:11:43'),
(1703, 17, 'KABUPATEN BENGKULU UTARA', '2022-11-02 02:11:43', '2022-11-02 02:11:43'),
(1704, 17, 'KABUPATEN KAUR', '2022-11-02 02:11:43', '2022-11-02 02:11:43'),
(1705, 17, 'KABUPATEN SELUMA', '2022-11-02 02:11:43', '2022-11-02 02:11:43'),
(1706, 17, 'KABUPATEN MUKOMUKO', '2022-11-02 02:11:43', '2022-11-02 02:11:43'),
(1707, 17, 'KABUPATEN LEBONG', '2022-11-02 02:11:43', '2022-11-02 02:11:43'),
(1708, 17, 'KABUPATEN KEPAHIANG', '2022-11-02 02:11:43', '2022-11-02 02:11:43'),
(1709, 17, 'KABUPATEN BENGKULU TENGAH', '2022-11-02 02:11:43', '2022-11-02 02:11:43'),
(1771, 17, 'KOTA BENGKULU', '2022-11-02 02:11:43', '2022-11-02 02:11:43'),
(1801, 18, 'KABUPATEN LAMPUNG BARAT', '2022-11-02 02:11:43', '2022-11-02 02:11:43'),
(1802, 18, 'KABUPATEN TANGGAMUS', '2022-11-02 02:11:43', '2022-11-02 02:11:43'),
(1803, 18, 'KABUPATEN LAMPUNG SELATAN', '2022-11-02 02:11:43', '2022-11-02 02:11:43'),
(1804, 18, 'KABUPATEN LAMPUNG TIMUR', '2022-11-02 02:11:43', '2022-11-02 02:11:43'),
(1805, 18, 'KABUPATEN LAMPUNG TENGAH', '2022-11-02 02:11:43', '2022-11-02 02:11:43'),
(1806, 18, 'KABUPATEN LAMPUNG UTARA', '2022-11-02 02:11:43', '2022-11-02 02:11:43'),
(1807, 18, 'KABUPATEN WAY KANAN', '2022-11-02 02:11:43', '2022-11-02 02:11:43'),
(1808, 18, 'KABUPATEN TULANGBAWANG', '2022-11-02 02:11:43', '2022-11-02 02:11:43'),
(1809, 18, 'KABUPATEN PESAWARAN', '2022-11-02 02:11:43', '2022-11-02 02:11:43'),
(1810, 18, 'KABUPATEN PRINGSEWU', '2022-11-02 02:11:43', '2022-11-02 02:11:43'),
(1811, 18, 'KABUPATEN MESUJI', '2022-11-02 02:11:43', '2022-11-02 02:11:43'),
(1812, 18, 'KABUPATEN TULANG BAWANG BARAT', '2022-11-02 02:11:43', '2022-11-02 02:11:43'),
(1813, 18, 'KABUPATEN PESISIR BARAT', '2022-11-02 02:11:43', '2022-11-02 02:11:43'),
(1871, 18, 'KOTA BANDAR LAMPUNG', '2022-11-02 02:11:43', '2022-11-02 02:11:43'),
(1872, 18, 'KOTA METRO', '2022-11-02 02:11:43', '2022-11-02 02:11:43'),
(1901, 19, 'KABUPATEN BANGKA', '2022-11-02 02:11:43', '2022-11-02 02:11:43'),
(1902, 19, 'KABUPATEN BELITUNG', '2022-11-02 02:11:43', '2022-11-02 02:11:43'),
(1903, 19, 'KABUPATEN BANGKA BARAT', '2022-11-02 02:11:43', '2022-11-02 02:11:43'),
(1904, 19, 'KABUPATEN BANGKA TENGAH', '2022-11-02 02:11:43', '2022-11-02 02:11:43'),
(1905, 19, 'KABUPATEN BANGKA SELATAN', '2022-11-02 02:11:43', '2022-11-02 02:11:43'),
(1906, 19, 'KABUPATEN BELITUNG TIMUR', '2022-11-02 02:11:43', '2022-11-02 02:11:43'),
(1971, 19, 'KOTA PANGKAL PINANG', '2022-11-02 02:11:43', '2022-11-02 02:11:43'),
(2101, 21, 'KABUPATEN KARIMUN', '2022-11-02 02:11:43', '2022-11-02 02:11:43'),
(2102, 21, 'KABUPATEN BINTAN', '2022-11-02 02:11:43', '2022-11-02 02:11:43'),
(2103, 21, 'KABUPATEN NATUNA', '2022-11-02 02:11:43', '2022-11-02 02:11:43'),
(2104, 21, 'KABUPATEN LINGGA', '2022-11-02 02:11:43', '2022-11-02 02:11:43'),
(2105, 21, 'KABUPATEN KEPULAUAN ANAMBAS', '2022-11-02 02:11:43', '2022-11-02 02:11:43'),
(2171, 21, 'KOTA BATAM', '2022-11-02 02:11:43', '2022-11-02 02:11:43'),
(2172, 21, 'KOTA TANJUNG PINANG', '2022-11-02 02:11:43', '2022-11-02 02:11:43'),
(3101, 31, 'KABUPATEN KEPULAUAN SERIBU', '2022-11-02 02:11:43', '2022-11-02 02:11:43'),
(3171, 31, 'KOTA JAKARTA SELATAN', '2022-11-02 02:11:43', '2022-11-02 02:11:43'),
(3172, 31, 'KOTA JAKARTA TIMUR', '2022-11-02 02:11:43', '2022-11-02 02:11:43'),
(3173, 31, 'KOTA JAKARTA PUSAT', '2022-11-02 02:11:43', '2022-11-02 02:11:43'),
(3174, 31, 'KOTA JAKARTA BARAT', '2022-11-02 02:11:43', '2022-11-02 02:11:43'),
(3175, 31, 'KOTA JAKARTA UTARA', '2022-11-02 02:11:43', '2022-11-02 02:11:43'),
(3201, 32, 'KABUPATEN BOGOR', '2022-11-02 02:11:43', '2022-11-02 02:11:43'),
(3202, 32, 'KABUPATEN SUKABUMI', '2022-11-02 02:11:43', '2022-11-02 02:11:43'),
(3203, 32, 'KABUPATEN CIANJUR', '2022-11-02 02:11:43', '2022-11-02 02:11:43'),
(3204, 32, 'KABUPATEN BANDUNG', '2022-11-02 02:11:43', '2022-11-02 02:11:43'),
(3205, 32, 'KABUPATEN GARUT', '2022-11-02 02:11:43', '2022-11-02 02:11:43'),
(3206, 32, 'KABUPATEN TASIKMALAYA', '2022-11-02 02:11:43', '2022-11-02 02:11:43'),
(3207, 32, 'KABUPATEN CIAMIS', '2022-11-02 02:11:43', '2022-11-02 02:11:43'),
(3208, 32, 'KABUPATEN KUNINGAN', '2022-11-02 02:11:43', '2022-11-02 02:11:43'),
(3209, 32, 'KABUPATEN CIREBON', '2022-11-02 02:11:43', '2022-11-02 02:11:43'),
(3210, 32, 'KABUPATEN MAJALENGKA', '2022-11-02 02:11:43', '2022-11-02 02:11:43'),
(3211, 32, 'KABUPATEN SUMEDANG', '2022-11-02 02:11:43', '2022-11-02 02:11:43'),
(3212, 32, 'KABUPATEN INDRAMAYU', '2022-11-02 02:11:43', '2022-11-02 02:11:43'),
(3213, 32, 'KABUPATEN SUBANG', '2022-11-02 02:11:43', '2022-11-02 02:11:43'),
(3214, 32, 'KABUPATEN PURWAKARTA', '2022-11-02 02:11:43', '2022-11-02 02:11:43'),
(3215, 32, 'KABUPATEN KARAWANG', '2022-11-02 02:11:43', '2022-11-02 02:11:43'),
(3216, 32, 'KABUPATEN BEKASI', '2022-11-02 02:11:43', '2022-11-02 02:11:43'),
(3217, 32, 'KABUPATEN BANDUNG BARAT', '2022-11-02 02:11:43', '2022-11-02 02:11:43'),
(3218, 32, 'KABUPATEN PANGANDARAN', '2022-11-02 02:11:43', '2022-11-02 02:11:43'),
(3271, 32, 'KOTA BOGOR', '2022-11-02 02:11:43', '2022-11-02 02:11:43'),
(3272, 32, 'KOTA SUKABUMI', '2022-11-02 02:11:43', '2022-11-02 02:11:43'),
(3273, 32, 'KOTA BANDUNG', '2022-11-02 02:11:43', '2022-11-02 02:11:43'),
(3274, 32, 'KOTA CIREBON', '2022-11-02 02:11:43', '2022-11-02 02:11:43'),
(3275, 32, 'KOTA BEKASI', '2022-11-02 02:11:43', '2022-11-02 02:11:43'),
(3276, 32, 'KOTA DEPOK', '2022-11-02 02:11:43', '2022-11-02 02:11:43'),
(3277, 32, 'KOTA CIMAHI', '2022-11-02 02:11:43', '2022-11-02 02:11:43'),
(3278, 32, 'KOTA TASIKMALAYA', '2022-11-02 02:11:43', '2022-11-02 02:11:43'),
(3279, 32, 'KOTA BANJAR', '2022-11-02 02:11:43', '2022-11-02 02:11:43'),
(3301, 33, 'KABUPATEN CILACAP', '2022-11-02 02:11:43', '2022-11-02 02:11:43'),
(3302, 33, 'KABUPATEN BANYUMAS', '2022-11-02 02:11:43', '2022-11-02 02:11:43'),
(3303, 33, 'KABUPATEN PURBALINGGA', '2022-11-02 02:11:43', '2022-11-02 02:11:43'),
(3304, 33, 'KABUPATEN BANJARNEGARA', '2022-11-02 02:11:43', '2022-11-02 02:11:43'),
(3305, 33, 'KABUPATEN KEBUMEN', '2022-11-02 02:11:43', '2022-11-02 02:11:43'),
(3306, 33, 'KABUPATEN PURWOREJO', '2022-11-02 02:11:43', '2022-11-02 02:11:43'),
(3307, 33, 'KABUPATEN WONOSOBO', '2022-11-02 02:11:43', '2022-11-02 02:11:43'),
(3308, 33, 'KABUPATEN MAGELANG', '2022-11-02 02:11:43', '2022-11-02 02:11:43'),
(3309, 33, 'KABUPATEN BOYOLALI', '2022-11-02 02:11:43', '2022-11-02 02:11:43'),
(3310, 33, 'KABUPATEN KLATEN', '2022-11-02 02:11:43', '2022-11-02 02:11:43'),
(3311, 33, 'KABUPATEN SUKOHARJO', '2022-11-02 02:11:43', '2022-11-02 02:11:43'),
(3312, 33, 'KABUPATEN WONOGIRI', '2022-11-02 02:11:43', '2022-11-02 02:11:43'),
(3313, 33, 'KABUPATEN KARANGANYAR', '2022-11-02 02:11:43', '2022-11-02 02:11:43'),
(3314, 33, 'KABUPATEN SRAGEN', '2022-11-02 02:11:43', '2022-11-02 02:11:43'),
(3315, 33, 'KABUPATEN GROBOGAN', '2022-11-02 02:11:43', '2022-11-02 02:11:43'),
(3316, 33, 'KABUPATEN BLORA', '2022-11-02 02:11:43', '2022-11-02 02:11:43'),
(3317, 33, 'KABUPATEN REMBANG', '2022-11-02 02:11:43', '2022-11-02 02:11:43'),
(3318, 33, 'KABUPATEN PATI', '2022-11-02 02:11:43', '2022-11-02 02:11:43'),
(3319, 33, 'KABUPATEN KUDUS', '2022-11-02 02:11:43', '2022-11-02 02:11:43'),
(3320, 33, 'KABUPATEN JEPARA', '2022-11-02 02:11:43', '2022-11-02 02:11:43'),
(3321, 33, 'KABUPATEN DEMAK', '2022-11-02 02:11:43', '2022-11-02 02:11:43'),
(3322, 33, 'KABUPATEN SEMARANG', '2022-11-02 02:11:43', '2022-11-02 02:11:43'),
(3323, 33, 'KABUPATEN TEMANGGUNG', '2022-11-02 02:11:43', '2022-11-02 02:11:43'),
(3324, 33, 'KABUPATEN KENDAL', '2022-11-02 02:11:43', '2022-11-02 02:11:43'),
(3325, 33, 'KABUPATEN BATANG', '2022-11-02 02:11:43', '2022-11-02 02:11:43'),
(3326, 33, 'KABUPATEN PEKALONGAN', '2022-11-02 02:11:43', '2022-11-02 02:11:43'),
(3327, 33, 'KABUPATEN PEMALANG', '2022-11-02 02:11:43', '2022-11-02 02:11:43'),
(3328, 33, 'KABUPATEN TEGAL', '2022-11-02 02:11:43', '2022-11-02 02:11:43'),
(3329, 33, 'KABUPATEN BREBES', '2022-11-02 02:11:43', '2022-11-02 02:11:43'),
(3371, 33, 'KOTA MAGELANG', '2022-11-02 02:11:43', '2022-11-02 02:11:43'),
(3372, 33, 'KOTA SURAKARTA', '2022-11-02 02:11:43', '2022-11-02 02:11:43'),
(3373, 33, 'KOTA SALATIGA', '2022-11-02 02:11:43', '2022-11-02 02:11:43'),
(3374, 33, 'KOTA SEMARANG', '2022-11-02 02:11:43', '2022-11-02 02:11:43'),
(3375, 33, 'KOTA PEKALONGAN', '2022-11-02 02:11:43', '2022-11-02 02:11:43'),
(3376, 33, 'KOTA TEGAL', '2022-11-02 02:11:43', '2022-11-02 02:11:43'),
(3401, 34, 'KABUPATEN KULON PROGO', '2022-11-02 02:11:43', '2022-11-02 02:11:43'),
(3402, 34, 'KABUPATEN BANTUL', '2022-11-02 02:11:43', '2022-11-02 02:11:43'),
(3403, 34, 'KABUPATEN GUNUNG KIDUL', '2022-11-02 02:11:43', '2022-11-02 02:11:43'),
(3404, 34, 'KABUPATEN SLEMAN', '2022-11-02 02:11:43', '2022-11-02 02:11:43'),
(3471, 34, 'KOTA YOGYAKARTA', '2022-11-02 02:11:43', '2022-11-02 02:11:43'),
(3501, 35, 'KABUPATEN PACITAN', '2022-11-02 02:11:43', '2022-11-02 02:11:43'),
(3502, 35, 'KABUPATEN PONOROGO', '2022-11-02 02:11:43', '2022-11-02 02:11:43'),
(3503, 35, 'KABUPATEN TRENGGALEK', '2022-11-02 02:11:43', '2022-11-02 02:11:43'),
(3504, 35, 'KABUPATEN TULUNGAGUNG', '2022-11-02 02:11:43', '2022-11-02 02:11:43'),
(3505, 35, 'KABUPATEN BLITAR', '2022-11-02 02:11:43', '2022-11-02 02:11:43'),
(3506, 35, 'KABUPATEN KEDIRI', '2022-11-02 02:11:43', '2022-11-02 02:11:43'),
(3507, 35, 'KABUPATEN MALANG', '2022-11-02 02:11:43', '2022-11-02 02:11:43'),
(3508, 35, 'KABUPATEN LUMAJANG', '2022-11-02 02:11:43', '2022-11-02 02:11:43'),
(3509, 35, 'KABUPATEN JEMBER', '2022-11-02 02:11:43', '2022-11-02 02:11:43'),
(3510, 35, 'KABUPATEN BANYUWANGI', '2022-11-02 02:11:43', '2022-11-02 02:11:43'),
(3511, 35, 'KABUPATEN BONDOWOSO', '2022-11-02 02:11:43', '2022-11-02 02:11:43'),
(3512, 35, 'KABUPATEN SITUBONDO', '2022-11-02 02:11:43', '2022-11-02 02:11:43'),
(3513, 35, 'KABUPATEN PROBOLINGGO', '2022-11-02 02:11:43', '2022-11-02 02:11:43'),
(3514, 35, 'KABUPATEN PASURUAN', '2022-11-02 02:11:43', '2022-11-02 02:11:43'),
(3515, 35, 'KABUPATEN SIDOARJO', '2022-11-02 02:11:43', '2022-11-02 02:11:43'),
(3516, 35, 'KABUPATEN MOJOKERTO', '2022-11-02 02:11:43', '2022-11-02 02:11:43'),
(3517, 35, 'KABUPATEN JOMBANG', '2022-11-02 02:11:43', '2022-11-02 02:11:43'),
(3518, 35, 'KABUPATEN NGANJUK', '2022-11-02 02:11:43', '2022-11-02 02:11:43'),
(3519, 35, 'KABUPATEN MADIUN', '2022-11-02 02:11:43', '2022-11-02 02:11:43'),
(3520, 35, 'KABUPATEN MAGETAN', '2022-11-02 02:11:43', '2022-11-02 02:11:43'),
(3521, 35, 'KABUPATEN NGAWI', '2022-11-02 02:11:43', '2022-11-02 02:11:43'),
(3522, 35, 'KABUPATEN BOJONEGORO', '2022-11-02 02:11:43', '2022-11-02 02:11:43'),
(3523, 35, 'KABUPATEN TUBAN', '2022-11-02 02:11:43', '2022-11-02 02:11:43'),
(3524, 35, 'KABUPATEN LAMONGAN', '2022-11-02 02:11:43', '2022-11-02 02:11:43'),
(3525, 35, 'KABUPATEN GRESIK', '2022-11-02 02:11:43', '2022-11-02 02:11:43'),
(3526, 35, 'KABUPATEN BANGKALAN', '2022-11-02 02:11:43', '2022-11-02 02:11:43'),
(3527, 35, 'KABUPATEN SAMPANG', '2022-11-02 02:11:43', '2022-11-02 02:11:43'),
(3528, 35, 'KABUPATEN PAMEKASAN', '2022-11-02 02:11:43', '2022-11-02 02:11:43'),
(3529, 35, 'KABUPATEN SUMENEP', '2022-11-02 02:11:43', '2022-11-02 02:11:43'),
(3571, 35, 'KOTA KEDIRI', '2022-11-02 02:11:43', '2022-11-02 02:11:43'),
(3572, 35, 'KOTA BLITAR', '2022-11-02 02:11:43', '2022-11-02 02:11:43'),
(3573, 35, 'KOTA MALANG', '2022-11-02 02:11:43', '2022-11-02 02:11:43'),
(3574, 35, 'KOTA PROBOLINGGO', '2022-11-02 02:11:43', '2022-11-02 02:11:43'),
(3575, 35, 'KOTA PASURUAN', '2022-11-02 02:11:43', '2022-11-02 02:11:43'),
(3576, 35, 'KOTA MOJOKERTO', '2022-11-02 02:11:43', '2022-11-02 02:11:43'),
(3577, 35, 'KOTA MADIUN', '2022-11-02 02:11:43', '2022-11-02 02:11:43'),
(3578, 35, 'KOTA SURABAYA', '2022-11-02 02:11:43', '2022-11-02 02:11:43'),
(3579, 35, 'KOTA BATU', '2022-11-02 02:11:43', '2022-11-02 02:11:43'),
(3601, 36, 'KABUPATEN PANDEGLANG', '2022-11-02 02:11:43', '2022-11-02 02:11:43'),
(3602, 36, 'KABUPATEN LEBAK', '2022-11-02 02:11:43', '2022-11-02 02:11:43'),
(3603, 36, 'KABUPATEN TANGERANG', '2022-11-02 02:11:43', '2022-11-02 02:11:43'),
(3604, 36, 'KABUPATEN SERANG', '2022-11-02 02:11:43', '2022-11-02 02:11:43'),
(3671, 36, 'KOTA TANGERANG', '2022-11-02 02:11:43', '2022-11-02 02:11:43'),
(3672, 36, 'KOTA CILEGON', '2022-11-02 02:11:43', '2022-11-02 02:11:43'),
(3673, 36, 'KOTA SERANG', '2022-11-02 02:11:43', '2022-11-02 02:11:43'),
(3674, 36, 'KOTA TANGERANG SELATAN', '2022-11-02 02:11:43', '2022-11-02 02:11:43'),
(5101, 51, 'KABUPATEN JEMBRANA', '2022-11-02 02:11:43', '2022-11-02 02:11:43'),
(5102, 51, 'KABUPATEN TABANAN', '2022-11-02 02:11:43', '2022-11-02 02:11:43'),
(5103, 51, 'KABUPATEN BADUNG', '2022-11-02 02:11:43', '2022-11-02 02:11:43'),
(5104, 51, 'KABUPATEN GIANYAR', '2022-11-02 02:11:43', '2022-11-02 02:11:43'),
(5105, 51, 'KABUPATEN KLUNGKUNG', '2022-11-02 02:11:43', '2022-11-02 02:11:43'),
(5106, 51, 'KABUPATEN BANGLI', '2022-11-02 02:11:43', '2022-11-02 02:11:43'),
(5107, 51, 'KABUPATEN KARANG ASEM', '2022-11-02 02:11:43', '2022-11-02 02:11:43'),
(5108, 51, 'KABUPATEN BULELENG', '2022-11-02 02:11:43', '2022-11-02 02:11:43'),
(5171, 51, 'KOTA DENPASAR', '2022-11-02 02:11:43', '2022-11-02 02:11:43'),
(5201, 52, 'KABUPATEN LOMBOK BARAT', '2022-11-02 02:11:43', '2022-11-02 02:11:43'),
(5202, 52, 'KABUPATEN LOMBOK TENGAH', '2022-11-02 02:11:43', '2022-11-02 02:11:43'),
(5203, 52, 'KABUPATEN LOMBOK TIMUR', '2022-11-02 02:11:43', '2022-11-02 02:11:43'),
(5204, 52, 'KABUPATEN SUMBAWA', '2022-11-02 02:11:43', '2022-11-02 02:11:43'),
(5205, 52, 'KABUPATEN DOMPU', '2022-11-02 02:11:43', '2022-11-02 02:11:43'),
(5206, 52, 'KABUPATEN BIMA', '2022-11-02 02:11:43', '2022-11-02 02:11:43'),
(5207, 52, 'KABUPATEN SUMBAWA BARAT', '2022-11-02 02:11:43', '2022-11-02 02:11:43'),
(5208, 52, 'KABUPATEN LOMBOK UTARA', '2022-11-02 02:11:43', '2022-11-02 02:11:43'),
(5271, 52, 'KOTA MATARAM', '2022-11-02 02:11:43', '2022-11-02 02:11:43'),
(5272, 52, 'KOTA BIMA', '2022-11-02 02:11:43', '2022-11-02 02:11:43'),
(5301, 53, 'KABUPATEN SUMBA BARAT', '2022-11-02 02:11:43', '2022-11-02 02:11:43'),
(5302, 53, 'KABUPATEN SUMBA TIMUR', '2022-11-02 02:11:43', '2022-11-02 02:11:43'),
(5303, 53, 'KABUPATEN KUPANG', '2022-11-02 02:11:43', '2022-11-02 02:11:43'),
(5304, 53, 'KABUPATEN TIMOR TENGAH SELATAN', '2022-11-02 02:11:43', '2022-11-02 02:11:43'),
(5305, 53, 'KABUPATEN TIMOR TENGAH UTARA', '2022-11-02 02:11:43', '2022-11-02 02:11:43'),
(5306, 53, 'KABUPATEN BELU', '2022-11-02 02:11:43', '2022-11-02 02:11:43'),
(5307, 53, 'KABUPATEN ALOR', '2022-11-02 02:11:43', '2022-11-02 02:11:43'),
(5308, 53, 'KABUPATEN LEMBATA', '2022-11-02 02:11:43', '2022-11-02 02:11:43'),
(5309, 53, 'KABUPATEN FLORES TIMUR', '2022-11-02 02:11:43', '2022-11-02 02:11:43'),
(5310, 53, 'KABUPATEN SIKKA', '2022-11-02 02:11:43', '2022-11-02 02:11:43'),
(5311, 53, 'KABUPATEN ENDE', '2022-11-02 02:11:43', '2022-11-02 02:11:43'),
(5312, 53, 'KABUPATEN NGADA', '2022-11-02 02:11:43', '2022-11-02 02:11:43'),
(5313, 53, 'KABUPATEN MANGGARAI', '2022-11-02 02:11:43', '2022-11-02 02:11:43'),
(5314, 53, 'KABUPATEN ROTE NDAO', '2022-11-02 02:11:43', '2022-11-02 02:11:43'),
(5315, 53, 'KABUPATEN MANGGARAI BARAT', '2022-11-02 02:11:43', '2022-11-02 02:11:43'),
(5316, 53, 'KABUPATEN SUMBA TENGAH', '2022-11-02 02:11:43', '2022-11-02 02:11:43'),
(5317, 53, 'KABUPATEN SUMBA BARAT DAYA', '2022-11-02 02:11:43', '2022-11-02 02:11:43'),
(5318, 53, 'KABUPATEN NAGEKEO', '2022-11-02 02:11:43', '2022-11-02 02:11:43'),
(5319, 53, 'KABUPATEN MANGGARAI TIMUR', '2022-11-02 02:11:43', '2022-11-02 02:11:43'),
(5320, 53, 'KABUPATEN SABU RAIJUA', '2022-11-02 02:11:43', '2022-11-02 02:11:43'),
(5321, 53, 'KABUPATEN MALAKA', '2022-11-02 02:11:43', '2022-11-02 02:11:43'),
(5371, 53, 'KOTA KUPANG', '2022-11-02 02:11:43', '2022-11-02 02:11:43'),
(6101, 61, 'KABUPATEN SAMBAS', '2022-11-02 02:11:43', '2022-11-02 02:11:43'),
(6102, 61, 'KABUPATEN BENGKAYANG', '2022-11-02 02:11:43', '2022-11-02 02:11:43'),
(6103, 61, 'KABUPATEN LANDAK', '2022-11-02 02:11:43', '2022-11-02 02:11:43'),
(6104, 61, 'KABUPATEN MEMPAWAH', '2022-11-02 02:11:43', '2022-11-02 02:11:43'),
(6105, 61, 'KABUPATEN SANGGAU', '2022-11-02 02:11:43', '2022-11-02 02:11:43'),
(6106, 61, 'KABUPATEN KETAPANG', '2022-11-02 02:11:43', '2022-11-02 02:11:43'),
(6107, 61, 'KABUPATEN SINTANG', '2022-11-02 02:11:43', '2022-11-02 02:11:43'),
(6108, 61, 'KABUPATEN KAPUAS HULU', '2022-11-02 02:11:43', '2022-11-02 02:11:43'),
(6109, 61, 'KABUPATEN SEKADAU', '2022-11-02 02:11:43', '2022-11-02 02:11:43'),
(6110, 61, 'KABUPATEN MELAWI', '2022-11-02 02:11:43', '2022-11-02 02:11:43'),
(6111, 61, 'KABUPATEN KAYONG UTARA', '2022-11-02 02:11:43', '2022-11-02 02:11:43'),
(6112, 61, 'KABUPATEN KUBU RAYA', '2022-11-02 02:11:43', '2022-11-02 02:11:43'),
(6171, 61, 'KOTA PONTIANAK', '2022-11-02 02:11:43', '2022-11-02 02:11:43'),
(6172, 61, 'KOTA SINGKAWANG', '2022-11-02 02:11:43', '2022-11-02 02:11:43'),
(6201, 62, 'KABUPATEN KOTAWARINGIN BARAT', '2022-11-02 02:11:43', '2022-11-02 02:11:43'),
(6202, 62, 'KABUPATEN KOTAWARINGIN TIMUR', '2022-11-02 02:11:43', '2022-11-02 02:11:43'),
(6203, 62, 'KABUPATEN KAPUAS', '2022-11-02 02:11:43', '2022-11-02 02:11:43'),
(6204, 62, 'KABUPATEN BARITO SELATAN', '2022-11-02 02:11:43', '2022-11-02 02:11:43'),
(6205, 62, 'KABUPATEN BARITO UTARA', '2022-11-02 02:11:43', '2022-11-02 02:11:43'),
(6206, 62, 'KABUPATEN SUKAMARA', '2022-11-02 02:11:43', '2022-11-02 02:11:43'),
(6207, 62, 'KABUPATEN LAMANDAU', '2022-11-02 02:11:43', '2022-11-02 02:11:43'),
(6208, 62, 'KABUPATEN SERUYAN', '2022-11-02 02:11:43', '2022-11-02 02:11:43'),
(6209, 62, 'KABUPATEN KATINGAN', '2022-11-02 02:11:43', '2022-11-02 02:11:43'),
(6210, 62, 'KABUPATEN PULANG PISAU', '2022-11-02 02:11:43', '2022-11-02 02:11:43'),
(6211, 62, 'KABUPATEN GUNUNG MAS', '2022-11-02 02:11:43', '2022-11-02 02:11:43'),
(6212, 62, 'KABUPATEN BARITO TIMUR', '2022-11-02 02:11:43', '2022-11-02 02:11:43'),
(6213, 62, 'KABUPATEN MURUNG RAYA', '2022-11-02 02:11:43', '2022-11-02 02:11:43'),
(6271, 62, 'KOTA PALANGKA RAYA', '2022-11-02 02:11:43', '2022-11-02 02:11:43'),
(6301, 63, 'KABUPATEN TANAH LAUT', '2022-11-02 02:11:43', '2022-11-02 02:11:43'),
(6302, 63, 'KABUPATEN KOTA BARU', '2022-11-02 02:11:43', '2022-11-02 02:11:43'),
(6303, 63, 'KABUPATEN BANJAR', '2022-11-02 02:11:43', '2022-11-02 02:11:43'),
(6304, 63, 'KABUPATEN BARITO KUALA', '2022-11-02 02:11:43', '2022-11-02 02:11:43'),
(6305, 63, 'KABUPATEN TAPIN', '2022-11-02 02:11:43', '2022-11-02 02:11:43'),
(6306, 63, 'KABUPATEN HULU SUNGAI SELATAN', '2022-11-02 02:11:43', '2022-11-02 02:11:43'),
(6307, 63, 'KABUPATEN HULU SUNGAI TENGAH', '2022-11-02 02:11:43', '2022-11-02 02:11:43'),
(6308, 63, 'KABUPATEN HULU SUNGAI UTARA', '2022-11-02 02:11:43', '2022-11-02 02:11:43'),
(6309, 63, 'KABUPATEN TABALONG', '2022-11-02 02:11:43', '2022-11-02 02:11:43'),
(6310, 63, 'KABUPATEN TANAH BUMBU', '2022-11-02 02:11:43', '2022-11-02 02:11:43'),
(6311, 63, 'KABUPATEN BALANGAN', '2022-11-02 02:11:43', '2022-11-02 02:11:43'),
(6371, 63, 'KOTA BANJARMASIN', '2022-11-02 02:11:43', '2022-11-02 02:11:43'),
(6372, 63, 'KOTA BANJAR BARU', '2022-11-02 02:11:43', '2022-11-02 02:11:43'),
(6401, 64, 'KABUPATEN PASER', '2022-11-02 02:11:43', '2022-11-02 02:11:43'),
(6402, 64, 'KABUPATEN KUTAI BARAT', '2022-11-02 02:11:43', '2022-11-02 02:11:43'),
(6403, 64, 'KABUPATEN KUTAI KARTANEGARA', '2022-11-02 02:11:43', '2022-11-02 02:11:43'),
(6404, 64, 'KABUPATEN KUTAI TIMUR', '2022-11-02 02:11:43', '2022-11-02 02:11:43'),
(6405, 64, 'KABUPATEN BERAU', '2022-11-02 02:11:43', '2022-11-02 02:11:43'),
(6409, 64, 'KABUPATEN PENAJAM PASER UTARA', '2022-11-02 02:11:43', '2022-11-02 02:11:43'),
(6411, 64, 'KABUPATEN MAHAKAM HULU', '2022-11-02 02:11:43', '2022-11-02 02:11:43'),
(6471, 64, 'KOTA BALIKPAPAN', '2022-11-02 02:11:43', '2022-11-02 02:11:43'),
(6472, 64, 'KOTA SAMARINDA', '2022-11-02 02:11:43', '2022-11-02 02:11:43'),
(6474, 64, 'KOTA BONTANG', '2022-11-02 02:11:43', '2022-11-02 02:11:43'),
(6501, 65, 'KABUPATEN MALINAU', '2022-11-02 02:11:43', '2022-11-02 02:11:43'),
(6502, 65, 'KABUPATEN BULUNGAN', '2022-11-02 02:11:43', '2022-11-02 02:11:43'),
(6503, 65, 'KABUPATEN TANA TIDUNG', '2022-11-02 02:11:43', '2022-11-02 02:11:43'),
(6504, 65, 'KABUPATEN NUNUKAN', '2022-11-02 02:11:43', '2022-11-02 02:11:43'),
(6571, 65, 'KOTA TARAKAN', '2022-11-02 02:11:43', '2022-11-02 02:11:43'),
(7101, 71, 'KABUPATEN BOLAANG MONGONDOW', '2022-11-02 02:11:43', '2022-11-02 02:11:43'),
(7102, 71, 'KABUPATEN MINAHASA', '2022-11-02 02:11:43', '2022-11-02 02:11:43'),
(7103, 71, 'KABUPATEN KEPULAUAN SANGIHE', '2022-11-02 02:11:43', '2022-11-02 02:11:43'),
(7104, 71, 'KABUPATEN KEPULAUAN TALAUD', '2022-11-02 02:11:43', '2022-11-02 02:11:43'),
(7105, 71, 'KABUPATEN MINAHASA SELATAN', '2022-11-02 02:11:43', '2022-11-02 02:11:43'),
(7106, 71, 'KABUPATEN MINAHASA UTARA', '2022-11-02 02:11:43', '2022-11-02 02:11:43'),
(7107, 71, 'KABUPATEN BOLAANG MONGONDOW UTARA', '2022-11-02 02:11:43', '2022-11-02 02:11:43'),
(7108, 71, 'KABUPATEN SIAU TAGULANDANG BIARO', '2022-11-02 02:11:43', '2022-11-02 02:11:43'),
(7109, 71, 'KABUPATEN MINAHASA TENGGARA', '2022-11-02 02:11:43', '2022-11-02 02:11:43'),
(7110, 71, 'KABUPATEN BOLAANG MONGONDOW SELATAN', '2022-11-02 02:11:43', '2022-11-02 02:11:43'),
(7111, 71, 'KABUPATEN BOLAANG MONGONDOW TIMUR', '2022-11-02 02:11:43', '2022-11-02 02:11:43'),
(7171, 71, 'KOTA MANADO', '2022-11-02 02:11:43', '2022-11-02 02:11:43'),
(7172, 71, 'KOTA BITUNG', '2022-11-02 02:11:43', '2022-11-02 02:11:43'),
(7173, 71, 'KOTA TOMOHON', '2022-11-02 02:11:43', '2022-11-02 02:11:43'),
(7174, 71, 'KOTA KOTAMOBAGU', '2022-11-02 02:11:43', '2022-11-02 02:11:43'),
(7201, 72, 'KABUPATEN BANGGAI KEPULAUAN', '2022-11-02 02:11:43', '2022-11-02 02:11:43'),
(7202, 72, 'KABUPATEN BANGGAI', '2022-11-02 02:11:43', '2022-11-02 02:11:43'),
(7203, 72, 'KABUPATEN MOROWALI', '2022-11-02 02:11:43', '2022-11-02 02:11:43'),
(7204, 72, 'KABUPATEN POSO', '2022-11-02 02:11:43', '2022-11-02 02:11:43'),
(7205, 72, 'KABUPATEN DONGGALA', '2022-11-02 02:11:43', '2022-11-02 02:11:43'),
(7206, 72, 'KABUPATEN TOLI-TOLI', '2022-11-02 02:11:43', '2022-11-02 02:11:43'),
(7207, 72, 'KABUPATEN BUOL', '2022-11-02 02:11:43', '2022-11-02 02:11:43'),
(7208, 72, 'KABUPATEN PARIGI MOUTONG', '2022-11-02 02:11:43', '2022-11-02 02:11:43'),
(7209, 72, 'KABUPATEN TOJO UNA-UNA', '2022-11-02 02:11:43', '2022-11-02 02:11:43'),
(7210, 72, 'KABUPATEN SIGI', '2022-11-02 02:11:43', '2022-11-02 02:11:43'),
(7211, 72, 'KABUPATEN BANGGAI LAUT', '2022-11-02 02:11:43', '2022-11-02 02:11:43'),
(7212, 72, 'KABUPATEN MOROWALI UTARA', '2022-11-02 02:11:43', '2022-11-02 02:11:43'),
(7271, 72, 'KOTA PALU', '2022-11-02 02:11:43', '2022-11-02 02:11:43'),
(7301, 73, 'KABUPATEN KEPULAUAN SELAYAR', '2022-11-02 02:11:43', '2022-11-02 02:11:43'),
(7302, 73, 'KABUPATEN BULUKUMBA', '2022-11-02 02:11:43', '2022-11-02 02:11:43'),
(7303, 73, 'KABUPATEN BANTAENG', '2022-11-02 02:11:43', '2022-11-02 02:11:43'),
(7304, 73, 'KABUPATEN JENEPONTO', '2022-11-02 02:11:43', '2022-11-02 02:11:43'),
(7305, 73, 'KABUPATEN TAKALAR', '2022-11-02 02:11:43', '2022-11-02 02:11:43'),
(7306, 73, 'KABUPATEN GOWA', '2022-11-02 02:11:43', '2022-11-02 02:11:43'),
(7307, 73, 'KABUPATEN SINJAI', '2022-11-02 02:11:43', '2022-11-02 02:11:43'),
(7308, 73, 'KABUPATEN MAROS', '2022-11-02 02:11:43', '2022-11-02 02:11:43'),
(7309, 73, 'KABUPATEN PANGKAJENE DAN KEPULAUAN', '2022-11-02 02:11:43', '2022-11-02 02:11:43'),
(7310, 73, 'KABUPATEN BARRU', '2022-11-02 02:11:43', '2022-11-02 02:11:43'),
(7311, 73, 'KABUPATEN BONE', '2022-11-02 02:11:43', '2022-11-02 02:11:43'),
(7312, 73, 'KABUPATEN SOPPENG', '2022-11-02 02:11:43', '2022-11-02 02:11:43'),
(7313, 73, 'KABUPATEN WAJO', '2022-11-02 02:11:43', '2022-11-02 02:11:43'),
(7314, 73, 'KABUPATEN SIDENRENG RAPPANG', '2022-11-02 02:11:43', '2022-11-02 02:11:43'),
(7315, 73, 'KABUPATEN PINRANG', '2022-11-02 02:11:43', '2022-11-02 02:11:43'),
(7316, 73, 'KABUPATEN ENREKANG', '2022-11-02 02:11:43', '2022-11-02 02:11:43'),
(7317, 73, 'KABUPATEN LUWU', '2022-11-02 02:11:43', '2022-11-02 02:11:43'),
(7318, 73, 'KABUPATEN TANA TORAJA', '2022-11-02 02:11:43', '2022-11-02 02:11:43'),
(7322, 73, 'KABUPATEN LUWU UTARA', '2022-11-02 02:11:43', '2022-11-02 02:11:43'),
(7325, 73, 'KABUPATEN LUWU TIMUR', '2022-11-02 02:11:43', '2022-11-02 02:11:43'),
(7326, 73, 'KABUPATEN TORAJA UTARA', '2022-11-02 02:11:43', '2022-11-02 02:11:43'),
(7371, 73, 'KOTA MAKASSAR', '2022-11-02 02:11:43', '2022-11-02 02:11:43'),
(7372, 73, 'KOTA PAREPARE', '2022-11-02 02:11:43', '2022-11-02 02:11:43'),
(7373, 73, 'KOTA PALOPO', '2022-11-02 02:11:43', '2022-11-02 02:11:43'),
(7401, 74, 'KABUPATEN BUTON', '2022-11-02 02:11:43', '2022-11-02 02:11:43'),
(7402, 74, 'KABUPATEN MUNA', '2022-11-02 02:11:43', '2022-11-02 02:11:43'),
(7403, 74, 'KABUPATEN KONAWE', '2022-11-02 02:11:43', '2022-11-02 02:11:43'),
(7404, 74, 'KABUPATEN KOLAKA', '2022-11-02 02:11:43', '2022-11-02 02:11:43'),
(7405, 74, 'KABUPATEN KONAWE SELATAN', '2022-11-02 02:11:43', '2022-11-02 02:11:43'),
(7406, 74, 'KABUPATEN BOMBANA', '2022-11-02 02:11:43', '2022-11-02 02:11:43'),
(7407, 74, 'KABUPATEN WAKATOBI', '2022-11-02 02:11:43', '2022-11-02 02:11:43'),
(7408, 74, 'KABUPATEN KOLAKA UTARA', '2022-11-02 02:11:43', '2022-11-02 02:11:43'),
(7409, 74, 'KABUPATEN BUTON UTARA', '2022-11-02 02:11:43', '2022-11-02 02:11:43'),
(7410, 74, 'KABUPATEN KONAWE UTARA', '2022-11-02 02:11:43', '2022-11-02 02:11:43'),
(7411, 74, 'KABUPATEN KOLAKA TIMUR', '2022-11-02 02:11:43', '2022-11-02 02:11:43'),
(7412, 74, 'KABUPATEN KONAWE KEPULAUAN', '2022-11-02 02:11:43', '2022-11-02 02:11:43'),
(7413, 74, 'KABUPATEN MUNA BARAT', '2022-11-02 02:11:43', '2022-11-02 02:11:43'),
(7414, 74, 'KABUPATEN BUTON TENGAH', '2022-11-02 02:11:43', '2022-11-02 02:11:43'),
(7415, 74, 'KABUPATEN BUTON SELATAN', '2022-11-02 02:11:43', '2022-11-02 02:11:43'),
(7471, 74, 'KOTA KENDARI', '2022-11-02 02:11:43', '2022-11-02 02:11:43'),
(7472, 74, 'KOTA BAUBAU', '2022-11-02 02:11:43', '2022-11-02 02:11:43'),
(7501, 75, 'KABUPATEN BOALEMO', '2022-11-02 02:11:43', '2022-11-02 02:11:43'),
(7502, 75, 'KABUPATEN GORONTALO', '2022-11-02 02:11:43', '2022-11-02 02:11:43'),
(7503, 75, 'KABUPATEN POHUWATO', '2022-11-02 02:11:43', '2022-11-02 02:11:43'),
(7504, 75, 'KABUPATEN BONE BOLANGO', '2022-11-02 02:11:43', '2022-11-02 02:11:43'),
(7505, 75, 'KABUPATEN GORONTALO UTARA', '2022-11-02 02:11:43', '2022-11-02 02:11:43'),
(7571, 75, 'KOTA GORONTALO', '2022-11-02 02:11:43', '2022-11-02 02:11:43'),
(7601, 76, 'KABUPATEN MAJENE', '2022-11-02 02:11:43', '2022-11-02 02:11:43'),
(7602, 76, 'KABUPATEN POLEWALI MANDAR', '2022-11-02 02:11:43', '2022-11-02 02:11:43'),
(7603, 76, 'KABUPATEN MAMASA', '2022-11-02 02:11:43', '2022-11-02 02:11:43'),
(7604, 76, 'KABUPATEN MAMUJU', '2022-11-02 02:11:43', '2022-11-02 02:11:43'),
(7605, 76, 'KABUPATEN MAMUJU UTARA', '2022-11-02 02:11:43', '2022-11-02 02:11:43'),
(7606, 76, 'KABUPATEN MAMUJU TENGAH', '2022-11-02 02:11:43', '2022-11-02 02:11:43'),
(8101, 81, 'KABUPATEN MALUKU TENGGARA BARAT', '2022-11-02 02:11:43', '2022-11-02 02:11:43'),
(8102, 81, 'KABUPATEN MALUKU TENGGARA', '2022-11-02 02:11:43', '2022-11-02 02:11:43'),
(8103, 81, 'KABUPATEN MALUKU TENGAH', '2022-11-02 02:11:43', '2022-11-02 02:11:43'),
(8104, 81, 'KABUPATEN BURU', '2022-11-02 02:11:43', '2022-11-02 02:11:43'),
(8105, 81, 'KABUPATEN KEPULAUAN ARU', '2022-11-02 02:11:43', '2022-11-02 02:11:43'),
(8106, 81, 'KABUPATEN SERAM BAGIAN BARAT', '2022-11-02 02:11:43', '2022-11-02 02:11:43'),
(8107, 81, 'KABUPATEN SERAM BAGIAN TIMUR', '2022-11-02 02:11:43', '2022-11-02 02:11:43'),
(8108, 81, 'KABUPATEN MALUKU BARAT DAYA', '2022-11-02 02:11:43', '2022-11-02 02:11:43'),
(8109, 81, 'KABUPATEN BURU SELATAN', '2022-11-02 02:11:43', '2022-11-02 02:11:43'),
(8171, 81, 'KOTA AMBON', '2022-11-02 02:11:43', '2022-11-02 02:11:43'),
(8172, 81, 'KOTA TUAL', '2022-11-02 02:11:43', '2022-11-02 02:11:43'),
(8201, 82, 'KABUPATEN HALMAHERA BARAT', '2022-11-02 02:11:43', '2022-11-02 02:11:43'),
(8202, 82, 'KABUPATEN HALMAHERA TENGAH', '2022-11-02 02:11:43', '2022-11-02 02:11:43'),
(8203, 82, 'KABUPATEN KEPULAUAN SULA', '2022-11-02 02:11:43', '2022-11-02 02:11:43'),
(8204, 82, 'KABUPATEN HALMAHERA SELATAN', '2022-11-02 02:11:43', '2022-11-02 02:11:43'),
(8205, 82, 'KABUPATEN HALMAHERA UTARA', '2022-11-02 02:11:43', '2022-11-02 02:11:43'),
(8206, 82, 'KABUPATEN HALMAHERA TIMUR', '2022-11-02 02:11:43', '2022-11-02 02:11:43'),
(8207, 82, 'KABUPATEN PULAU MOROTAI', '2022-11-02 02:11:43', '2022-11-02 02:11:43'),
(8208, 82, 'KABUPATEN PULAU TALIABU', '2022-11-02 02:11:43', '2022-11-02 02:11:43'),
(8271, 82, 'KOTA TERNATE', '2022-11-02 02:11:43', '2022-11-02 02:11:43'),
(8272, 82, 'KOTA TIDORE KEPULAUAN', '2022-11-02 02:11:43', '2022-11-02 02:11:43'),
(9101, 91, 'KABUPATEN FAKFAK', '2022-11-02 02:11:43', '2022-11-02 02:11:43'),
(9102, 91, 'KABUPATEN KAIMANA', '2022-11-02 02:11:43', '2022-11-02 02:11:43'),
(9103, 91, 'KABUPATEN TELUK WONDAMA', '2022-11-02 02:11:43', '2022-11-02 02:11:43'),
(9104, 91, 'KABUPATEN TELUK BINTUNI', '2022-11-02 02:11:43', '2022-11-02 02:11:43'),
(9105, 91, 'KABUPATEN MANOKWARI', '2022-11-02 02:11:43', '2022-11-02 02:11:43'),
(9106, 91, 'KABUPATEN SORONG SELATAN', '2022-11-02 02:11:43', '2022-11-02 02:11:43'),
(9107, 91, 'KABUPATEN SORONG', '2022-11-02 02:11:43', '2022-11-02 02:11:43'),
(9108, 91, 'KABUPATEN RAJA AMPAT', '2022-11-02 02:11:43', '2022-11-02 02:11:43'),
(9109, 91, 'KABUPATEN TAMBRAUW', '2022-11-02 02:11:43', '2022-11-02 02:11:43'),
(9110, 91, 'KABUPATEN MAYBRAT', '2022-11-02 02:11:43', '2022-11-02 02:11:43'),
(9111, 91, 'KABUPATEN MANOKWARI SELATAN', '2022-11-02 02:11:43', '2022-11-02 02:11:43'),
(9112, 91, 'KABUPATEN PEGUNUNGAN ARFAK', '2022-11-02 02:11:43', '2022-11-02 02:11:43'),
(9171, 91, 'KOTA SORONG', '2022-11-02 02:11:43', '2022-11-02 02:11:43'),
(9401, 94, 'KABUPATEN MERAUKE', '2022-11-02 02:11:43', '2022-11-02 02:11:43'),
(9402, 94, 'KABUPATEN JAYAWIJAYA', '2022-11-02 02:11:43', '2022-11-02 02:11:43'),
(9403, 94, 'KABUPATEN JAYAPURA', '2022-11-02 02:11:43', '2022-11-02 02:11:43'),
(9404, 94, 'KABUPATEN NABIRE', '2022-11-02 02:11:43', '2022-11-02 02:11:43'),
(9408, 94, 'KABUPATEN KEPULAUAN YAPEN', '2022-11-02 02:11:43', '2022-11-02 02:11:43'),
(9409, 94, 'KABUPATEN BIAK NUMFOR', '2022-11-02 02:11:43', '2022-11-02 02:11:43'),
(9410, 94, 'KABUPATEN PANIAI', '2022-11-02 02:11:43', '2022-11-02 02:11:43'),
(9411, 94, 'KABUPATEN PUNCAK JAYA', '2022-11-02 02:11:43', '2022-11-02 02:11:43'),
(9412, 94, 'KABUPATEN MIMIKA', '2022-11-02 02:11:43', '2022-11-02 02:11:43'),
(9413, 94, 'KABUPATEN BOVEN DIGOEL', '2022-11-02 02:11:43', '2022-11-02 02:11:43'),
(9414, 94, 'KABUPATEN MAPPI', '2022-11-02 02:11:43', '2022-11-02 02:11:43'),
(9415, 94, 'KABUPATEN ASMAT', '2022-11-02 02:11:43', '2022-11-02 02:11:43'),
(9416, 94, 'KABUPATEN YAHUKIMO', '2022-11-02 02:11:43', '2022-11-02 02:11:43'),
(9417, 94, 'KABUPATEN PEGUNUNGAN BINTANG', '2022-11-02 02:11:43', '2022-11-02 02:11:43'),
(9418, 94, 'KABUPATEN TOLIKARA', '2022-11-02 02:11:43', '2022-11-02 02:11:43'),
(9419, 94, 'KABUPATEN SARMI', '2022-11-02 02:11:43', '2022-11-02 02:11:43'),
(9420, 94, 'KABUPATEN KEEROM', '2022-11-02 02:11:43', '2022-11-02 02:11:43'),
(9426, 94, 'KABUPATEN WAROPEN', '2022-11-02 02:11:43', '2022-11-02 02:11:43'),
(9427, 94, 'KABUPATEN SUPIORI', '2022-11-02 02:11:43', '2022-11-02 02:11:43'),
(9428, 94, 'KABUPATEN MAMBERAMO RAYA', '2022-11-02 02:11:43', '2022-11-02 02:11:43'),
(9429, 94, 'KABUPATEN NDUGA', '2022-11-02 02:11:43', '2022-11-02 02:11:43'),
(9430, 94, 'KABUPATEN LANNY JAYA', '2022-11-02 02:11:43', '2022-11-02 02:11:43'),
(9431, 94, 'KABUPATEN MAMBERAMO TENGAH', '2022-11-02 02:11:43', '2022-11-02 02:11:43'),
(9432, 94, 'KABUPATEN YALIMO', '2022-11-02 02:11:43', '2022-11-02 02:11:43'),
(9433, 94, 'KABUPATEN PUNCAK', '2022-11-02 02:11:43', '2022-11-02 02:11:43'),
(9434, 94, 'KABUPATEN DOGIYAI', '2022-11-02 02:11:43', '2022-11-02 02:11:43'),
(9435, 94, 'KABUPATEN INTAN JAYA', '2022-11-02 02:11:43', '2022-11-02 02:11:43'),
(9436, 94, 'KABUPATEN DEIYAI', '2022-11-02 02:11:43', '2022-11-02 02:11:43'),
(9471, 94, 'KOTA JAYAPURA', '2022-11-02 02:11:43', '2022-11-02 02:11:43');

-- --------------------------------------------------------

--
-- Table structure for table `crm_claim_reward_histories`
--

CREATE TABLE `crm_claim_reward_histories` (
  `id` bigint(20) UNSIGNED NOT NULL,
  `id_owner` bigint(20) UNSIGNED NOT NULL,
  `sisa_poin` int(11) NOT NULL,
  `id_group` bigint(20) UNSIGNED NOT NULL,
  `id_input` bigint(20) UNSIGNED NOT NULL,
  `nama_input` varchar(255) COLLATE utf8mb4_unicode_ci NOT NULL,
  `id_approve` bigint(20) UNSIGNED NOT NULL,
  `nama_approve` varchar(255) COLLATE utf8mb4_unicode_ci NOT NULL,
  `id_reward` bigint(20) UNSIGNED NOT NULL,
  `reward` varchar(255) COLLATE utf8mb4_unicode_ci NOT NULL,
  `poin` int(11) NOT NULL,
  `detail_reward` varchar(255) COLLATE utf8mb4_unicode_ci NOT NULL,
  `image` varchar(255) COLLATE utf8mb4_unicode_ci NOT NULL,
  `status` tinyint(1) NOT NULL,
  `id_reset_poin_crm` bigint(20) UNSIGNED NOT NULL,
  `created_at` timestamp NULL DEFAULT NULL,
  `updated_at` timestamp NULL DEFAULT NULL
) ENGINE=InnoDB DEFAULT CHARSET=utf8mb4 COLLATE=utf8mb4_unicode_ci;

-- --------------------------------------------------------

--
-- Table structure for table `crm_poins`
--

CREATE TABLE `crm_poins` (
  `id` bigint(20) UNSIGNED NOT NULL,
  `id_productType` bigint(20) UNSIGNED NOT NULL,
  `distributor_jual` int(11) NOT NULL,
  `distributor_reseller_jual` int(11) NOT NULL,
  `reseller_jual` int(11) NOT NULL,
  `created_at` timestamp NULL DEFAULT NULL,
  `updated_at` timestamp NULL DEFAULT NULL
) ENGINE=InnoDB DEFAULT CHARSET=utf8mb4 COLLATE=utf8mb4_unicode_ci;

--
-- Dumping data for table `crm_poins`
--

INSERT INTO `crm_poins` (`id`, `id_productType`, `distributor_jual`, `distributor_reseller_jual`, `reseller_jual`, `created_at`, `updated_at`) VALUES
(1, 1, 0, 0, 0, '2022-11-03 01:51:34', '2022-11-03 01:51:34'),
(2, 2, 0, 0, 0, '2022-11-03 01:52:19', '2022-11-03 01:52:19'),
(3, 3, 0, 0, 0, '2022-11-03 01:53:00', '2022-11-03 01:53:00'),
(4, 4, 0, 0, 0, '2022-11-03 08:00:15', '2022-11-03 08:00:15'),
(5, 5, 0, 0, 0, '2022-11-03 08:00:58', '2022-11-03 08:00:58'),
(6, 6, 0, 0, 0, '2022-11-03 08:07:55', '2022-11-03 08:07:55'),
(7, 7, 0, 0, 0, '2022-11-03 08:09:30', '2022-11-03 08:09:30'),
(8, 8, 0, 0, 0, '2022-11-03 08:10:02', '2022-11-03 08:10:02'),
(9, 9, 0, 0, 0, '2022-11-03 08:10:38', '2022-11-03 08:10:38'),
(10, 10, 0, 0, 0, '2022-11-03 08:11:49', '2022-11-03 08:11:49'),
(11, 11, 0, 0, 0, '2023-05-18 08:55:12', '2023-05-18 08:55:12'),
(12, 12, 0, 0, 0, '2023-05-18 08:55:12', '2023-05-18 08:55:12'),
(13, 13, 0, 0, 0, '2023-05-18 08:55:12', '2023-05-18 08:55:12'),
(14, 14, 0, 0, 0, '2023-05-18 08:55:12', '2023-05-18 08:55:12'),
(15, 15, 0, 0, 0, '2023-05-18 08:55:12', '2023-05-18 08:55:12'),
(16, 16, 0, 0, 0, '2023-05-18 08:55:12', '2023-05-18 08:55:12'),
(17, 17, 0, 0, 0, '2023-05-21 19:31:46', '2023-05-21 19:31:46'),
(18, 18, 0, 0, 0, '2023-05-21 19:47:02', '2023-05-21 19:47:02'),
(19, 19, 0, 0, 0, '2023-05-21 19:49:12', '2023-05-21 19:49:12'),
(20, 20, 0, 0, 0, '2023-05-21 19:51:37', '2023-05-21 19:51:37'),
(21, 21, 0, 0, 0, '2023-05-21 19:53:46', '2023-05-21 19:53:46'),
(22, 22, 0, 0, 0, '2023-05-24 06:11:36', '2023-05-24 06:11:36'),
(23, 23, 0, 0, 0, '2023-05-25 09:03:07', '2023-05-25 09:03:07'),
(24, 24, 0, 0, 0, '2023-05-25 09:03:07', '2023-05-25 09:03:07'),
(25, 25, 0, 0, 0, '2023-05-25 09:04:24', '2023-05-25 09:04:24'),
(26, 26, 0, 0, 0, '2023-05-25 09:04:24', '2023-05-25 09:04:24'),
(27, 27, 0, 0, 0, '2023-05-26 04:05:42', '2023-05-26 04:05:42'),
(28, 29, 0, 0, 0, '2023-05-26 04:08:12', '2023-05-26 04:08:12'),
(29, 30, 0, 0, 0, '2023-05-26 04:08:12', '2023-05-26 04:08:12'),
(30, 31, 0, 0, 0, '2023-05-26 09:28:41', '2023-05-26 09:28:41'),
(31, 32, 0, 0, 0, '2023-05-26 09:28:41', '2023-05-26 09:28:41'),
(32, 33, 0, 0, 0, '2023-05-26 09:46:18', '2023-05-26 09:46:18'),
(33, 34, 0, 0, 0, '2023-05-26 09:49:58', '2023-05-26 09:49:58'),
(34, 35, 0, 0, 0, '2023-05-26 09:49:58', '2023-05-26 09:49:58');

-- --------------------------------------------------------

--
-- Table structure for table `crm_reset_poin_histories`
--

CREATE TABLE `crm_reset_poin_histories` (
  `id` bigint(20) UNSIGNED NOT NULL,
  `id_input` bigint(20) UNSIGNED NOT NULL,
  `nama_input` varchar(255) COLLATE utf8mb4_unicode_ci NOT NULL,
  `type` varchar(255) COLLATE utf8mb4_unicode_ci NOT NULL,
  `created_at` timestamp NULL DEFAULT NULL,
  `updated_at` timestamp NULL DEFAULT NULL
) ENGINE=InnoDB DEFAULT CHARSET=utf8mb4 COLLATE=utf8mb4_unicode_ci;

-- --------------------------------------------------------

--
-- Table structure for table `crm_rewards`
--

CREATE TABLE `crm_rewards` (
  `id` bigint(20) UNSIGNED NOT NULL,
  `type` varchar(255) COLLATE utf8mb4_unicode_ci NOT NULL,
  `reward` varchar(255) COLLATE utf8mb4_unicode_ci NOT NULL,
  `poin` int(11) NOT NULL,
  `detail` varchar(255) COLLATE utf8mb4_unicode_ci DEFAULT NULL,
  `image` varchar(255) COLLATE utf8mb4_unicode_ci NOT NULL,
  `image_name` varchar(255) COLLATE utf8mb4_unicode_ci NOT NULL,
  `created_at` timestamp NULL DEFAULT NULL,
  `updated_at` timestamp NULL DEFAULT NULL
) ENGINE=InnoDB DEFAULT CHARSET=utf8mb4 COLLATE=utf8mb4_unicode_ci;

--
-- Dumping data for table `crm_rewards`
--

INSERT INTO `crm_rewards` (`id`, `type`, `reward`, `poin`, `detail`, `image`, `image_name`, `created_at`, `updated_at`) VALUES
(1, 'distributor', 'Honda BRV', 1200000, '-', 'crm/reward/PGSNQ5PZQ07iKVKOCEHOwvWEKCT7qfBJSR7Bymur.jpg', 'honda brv.webp', '2022-11-14 04:34:03', '2022-11-14 04:34:03'),
(2, 'distributor', 'Honda BRIO', 700000, '-', 'crm/reward/ecq2sSaXidwII3WxeFABpyT3dxUCNrzyel1RDIZX.png', 'honda brio.png', '2022-11-14 04:37:49', '2022-11-14 04:37:49'),
(3, 'distributor', 'Honda CBR 250', 260000, '-', 'crm/reward/cJ4SrGoIbN20ibmXQiwYzwV99Dpw5tbT1fwaniag.jpg', 'Honda CBR 250.jpg', '2022-11-14 04:40:55', '2022-11-14 04:40:55'),
(4, 'distributor', 'Tour Holyland ber 2', 400000, '-', 'crm/reward/VI2uHhq2xcQn5xRorQRj0UdWndqEMnud7azrhiYu.jpg', 'tour holyland.jpg', '2022-11-14 04:44:24', '2022-11-14 04:44:24'),
(5, 'distributor', 'Tour Eropa', 200000, '-', 'crm/reward/Qb33ozg1VmBuQHvmbvXZqmO0v9Ouw8RoHKgD3KhR.jpg', 'Tour eropa.jpg', '2022-11-14 04:46:31', '2022-11-14 04:46:31'),
(6, 'distributor', 'Samsung Z Fold 4', 108000, '-', 'crm/reward/8xO3JjzwctuGUGyIFOIRchdyrIc0rxmObQHwhNU4.jpg', 'Samsung Z Fold 4.jpg', '2022-11-14 04:48:43', '2022-11-14 04:48:43'),
(7, 'distributor', 'Honda PCX 160', 140000, '-', 'crm/reward/tZjjHgryh4DfTaN7N2qIqmjp246YkalJxJsDbrwQ.jpg', 'Honda-PCX-160.jpg', '2022-11-14 04:50:32', '2022-11-14 04:50:32'),
(8, 'distributor', 'Honda BEAT', 72000, '-', 'crm/reward/ghep5nbQuYOhU5dNMuhKYXm7aUQJI9yvVpN0GXXO.jpg', 'honda-beat-2021jpg-20210714032230.jpg', '2022-11-14 04:52:04', '2022-11-14 04:52:04'),
(9, 'distributor', 'Iphone 13 pro max', 72000, NULL, 'crm/reward/8IdhQdQK3IMirmixTBuY4MGrOChtW5Df3xDkKivM.jpg', 'IP 13 pro max.jpg', '2022-11-14 04:52:04', '2022-11-14 04:53:47'),
(10, 'distributor', 'Samsung smart TV 50 inch qled 4K', 36000, '-', 'crm/reward/Zm3tfH6abpmfxVJfCHssP3Z6wXoW51IhAOEz2Q8j.webp', 'id-qled-q60b-422032-qa50q63bakxxd-532120739.webp', '2022-11-14 04:56:28', '2022-11-14 04:56:28'),
(11, 'distributor', 'Emas 5g GRAM', 18000, '-', 'crm/reward/LWz0e0GI1viS6FlHqyjBmP2uXJS4D1e1J5ga1COJ.webp', 'emas 5 gram.webp', '2022-11-14 05:00:33', '2022-11-14 05:00:33'),
(12, 'distributor', 'Mesin cuci P70000N', 9000, '-', 'crm/reward/2F3h53whuCo37e6sB6ZSh5WTW3eduzFFtrjqt8GT.webp', 'mesin cuci p70000n.webp', '2022-11-14 05:03:26', '2022-11-14 05:03:26'),
(13, 'distributor', 'Emas 1g GRAM', 3600, '-', 'crm/reward/d4tMB8UMEBhIpjsiaI8y4lpbOLuHnW86rWuCmUCP.webp', 'emas 1 gram.webp', '2022-11-14 05:04:55', '2022-11-14 05:04:55');

-- --------------------------------------------------------

--
-- Table structure for table `failed_jobs`
--

CREATE TABLE `failed_jobs` (
  `id` bigint(20) UNSIGNED NOT NULL,
  `uuid` varchar(255) COLLATE utf8mb4_unicode_ci NOT NULL,
  `connection` text COLLATE utf8mb4_unicode_ci NOT NULL,
  `queue` text COLLATE utf8mb4_unicode_ci NOT NULL,
  `payload` longtext COLLATE utf8mb4_unicode_ci NOT NULL,
  `exception` longtext COLLATE utf8mb4_unicode_ci NOT NULL,
  `failed_at` timestamp NOT NULL DEFAULT current_timestamp()
) ENGINE=InnoDB DEFAULT CHARSET=utf8mb4 COLLATE=utf8mb4_unicode_ci;

-- --------------------------------------------------------

--
-- Table structure for table `groups`
--

CREATE TABLE `groups` (
  `id` bigint(20) UNSIGNED NOT NULL,
  `nama_group` varchar(255) COLLATE utf8mb4_unicode_ci NOT NULL,
  `created_at` timestamp NULL DEFAULT NULL,
  `updated_at` timestamp NULL DEFAULT NULL
) ENGINE=InnoDB DEFAULT CHARSET=utf8mb4 COLLATE=utf8mb4_unicode_ci;

--
-- Dumping data for table `groups`
--

INSERT INTO `groups` (`id`, `nama_group`, `created_at`, `updated_at`) VALUES
(1, 'pusat', '2022-11-02 02:11:37', '2022-11-02 02:11:37'),
(3, 'distributorjunaidi', '2022-11-02 19:51:55', '2022-11-02 19:51:55'),
(4, 'distributorptc', '2022-11-02 19:52:56', '2022-11-02 19:52:56'),
(5, 'DistributorTp', '2022-11-03 01:49:59', '2022-11-03 01:49:59'),
(6, 'Febri', '2022-12-10 03:09:08', '2022-12-10 03:09:08'),
(14, 'distributorAsd', '2023-05-26 07:39:28', '2023-05-26 07:39:28'),
(15, 'distributorAsd', '2023-05-26 07:47:39', '2023-05-26 07:47:39'),
(16, 'distributorAsd', '2023-05-26 07:47:59', '2023-05-26 07:47:59'),
(17, 'distributorAsd', '2023-05-26 07:50:49', '2023-05-26 07:50:49'),
(18, 'distributorAsd', '2023-05-26 07:51:47', '2023-05-26 07:51:47'),
(19, 'distributorAsd', '2023-05-26 07:51:54', '2023-05-26 07:51:54'),
(20, 'distributorAsd', '2023-05-26 07:52:06', '2023-05-26 07:52:06'),
(21, 'distributorAsd', '2023-05-26 07:52:20', '2023-05-26 07:52:20'),
(22, 'distributorAsd', '2023-05-26 07:52:33', '2023-05-26 07:52:33'),
(23, 'distributorAsd', '2023-05-26 07:52:39', '2023-05-26 07:52:39'),
(24, 'distributorAsd', '2023-05-26 07:53:54', '2023-05-26 07:53:54'),
(25, 'distributorAsd', '2023-05-26 07:54:05', '2023-05-26 07:54:05'),
(26, 'distributorAsd', '2023-05-26 07:54:28', '2023-05-26 07:54:28'),
(27, 'distributorAsd', '2023-05-26 07:54:58', '2023-05-26 07:54:58'),
(29, 'distributorAsd', '2023-05-26 07:59:21', '2023-05-26 07:59:21');

-- --------------------------------------------------------

--
-- Table structure for table `lost_products`
--

CREATE TABLE `lost_products` (
  `id` bigint(20) UNSIGNED NOT NULL,
  `id_owner` bigint(20) UNSIGNED NOT NULL,
  `id_input` bigint(20) UNSIGNED NOT NULL,
  `nama_input` varchar(255) COLLATE utf8mb4_unicode_ci NOT NULL,
  `id_product` bigint(20) UNSIGNED NOT NULL,
  `nama_produk` varchar(255) COLLATE utf8mb4_unicode_ci NOT NULL,
  `stok_real` int(11) NOT NULL,
  `stok_hilang` int(11) NOT NULL,
  `stok_sisa` int(11) NOT NULL,
  `harga_modal` int(11) NOT NULL,
  `total_kerugian` int(11) NOT NULL,
  `created_at` timestamp NULL DEFAULT NULL,
  `updated_at` timestamp NULL DEFAULT NULL
) ENGINE=InnoDB DEFAULT CHARSET=utf8mb4 COLLATE=utf8mb4_unicode_ci;

--
-- Dumping data for table `lost_products`
--

INSERT INTO `lost_products` (`id`, `id_owner`, `id_input`, `nama_input`, `id_product`, `nama_produk`, `stok_real`, `stok_hilang`, `stok_sisa`, `harga_modal`, `total_kerugian`, `created_at`, `updated_at`) VALUES
(1, 5, 5, 'Distributor Tp', 10, 'Aqua Man', 24, 4, 20, 12000, 48000, '2023-05-25 05:15:54', '2023-05-25 05:15:54'),
(2, 1, 1, 'Superadmin Astana', 419, 'Parfum Aqua', 100, 5, 95, 15000, 75000, '2023-05-26 04:11:43', '2023-05-26 04:11:43'),
(3, 5, 5, 'Distributor Tp', 423, 'Parfum Aqua', 20, 2, 18, 20000, 40000, '2023-05-26 04:19:35', '2023-05-26 04:19:35'),
(4, 33, 33, 'distributor Asd', 558, 'Parfum Kopi', 10, 1, 9, 25000, 25000, '2023-05-31 07:27:39', '2023-05-31 07:27:39');

-- --------------------------------------------------------

--
-- Table structure for table `migrations`
--

CREATE TABLE `migrations` (
  `id` int(10) UNSIGNED NOT NULL,
  `migration` varchar(255) COLLATE utf8mb4_unicode_ci NOT NULL,
  `batch` int(11) NOT NULL
) ENGINE=InnoDB DEFAULT CHARSET=utf8mb4 COLLATE=utf8mb4_unicode_ci;

--
-- Dumping data for table `migrations`
--

INSERT INTO `migrations` (`id`, `migration`, `batch`) VALUES
(23, '2022_10_18_141656_create_poin_crms_table', 1),
(31, '2014_10_12_000000_create_users_table', 2),
(32, '2014_10_12_100000_create_password_resets_table', 2),
(33, '2019_08_19_000000_create_failed_jobs_table', 2),
(34, '2019_12_14_000001_create_personal_access_tokens_table', 2),
(35, '2022_08_11_101844_create_provinces_table', 2),
(36, '2022_08_11_113239_create_cities_table', 2),
(37, '2022_08_16_063008_create_products_table', 2),
(38, '2022_08_17_151942_create_product_types_table', 2),
(39, '2022_08_25_052727_create_groups_table', 2),
(40, '2022_08_25_102802_create_supply_histories_table', 2),
(41, '2022_09_01_171656_create_transaction_histories_table', 2),
(42, '2022_09_02_023205_create_transaction_details_table', 2),
(43, '2022_09_04_134742_create_transaction_history_sells_table', 2),
(44, '2022_09_04_134825_create_transaction_detail_sells_table', 2),
(45, '2022_09_05_150201_create_tracking_sales_histories_table', 2),
(46, '2022_09_05_150637_create_tracking_sales_details_table', 2),
(47, '2022_09_06_220353_create_user_histories_table', 2),
(48, '2022_09_14_114024_create_supply_details_table', 2),
(49, '2022_09_14_190803_create_retur_histories_table', 2),
(50, '2022_09_14_191557_create_retur_details_table', 2),
(51, '2022_09_20_083212_create_lost_products_table', 2),
(52, '2022_10_12_105954_add_permission_to_users_table', 2),
(53, '2022_10_19_233110_create_crm_rewards_table', 2),
(54, '2022_10_20_124329_create_crm_poins_table', 2),
(55, '2022_10_21_110651_create_crm_claim_reward_histories_table', 2),
(56, '2022_10_24_213525_create_sales_products_table', 2),
(57, '2022_10_25_130237_create_sales_stok_histories_table', 2),
(58, '2022_10_25_130411_create_sales_stok_details_table', 2),
(59, '2022_10_31_195319_create_crm_reset_poin_histories_table', 2),
(60, '2022_11_07_103305_create_akumulasi_bonus_penjualan_sales_table', 3);

-- --------------------------------------------------------

--
-- Table structure for table `password_resets`
--

CREATE TABLE `password_resets` (
  `email` varchar(255) COLLATE utf8mb4_unicode_ci NOT NULL,
  `token` varchar(255) COLLATE utf8mb4_unicode_ci NOT NULL,
  `created_at` timestamp NULL DEFAULT NULL
) ENGINE=InnoDB DEFAULT CHARSET=utf8mb4 COLLATE=utf8mb4_unicode_ci;

-- --------------------------------------------------------

--
-- Table structure for table `personal_access_tokens`
--

CREATE TABLE `personal_access_tokens` (
  `id` bigint(20) UNSIGNED NOT NULL,
  `tokenable_type` varchar(255) COLLATE utf8mb4_unicode_ci NOT NULL,
  `tokenable_id` bigint(20) UNSIGNED NOT NULL,
  `name` varchar(255) COLLATE utf8mb4_unicode_ci NOT NULL,
  `token` varchar(64) COLLATE utf8mb4_unicode_ci NOT NULL,
  `abilities` text COLLATE utf8mb4_unicode_ci DEFAULT NULL,
  `last_used_at` timestamp NULL DEFAULT NULL,
  `created_at` timestamp NULL DEFAULT NULL,
  `updated_at` timestamp NULL DEFAULT NULL
) ENGINE=InnoDB DEFAULT CHARSET=utf8mb4 COLLATE=utf8mb4_unicode_ci;

-- --------------------------------------------------------

--
-- Table structure for table `poin_crms`
--

CREATE TABLE `poin_crms` (
  `id` bigint(20) UNSIGNED NOT NULL,
  `id_productType` bigint(20) UNSIGNED NOT NULL,
  `distributor_jual` int(11) NOT NULL,
  `distributor_reseller_jual` int(11) NOT NULL,
  `reseller_jual` int(11) NOT NULL,
  `created_at` timestamp NULL DEFAULT NULL,
  `updated_at` timestamp NULL DEFAULT NULL
) ENGINE=InnoDB DEFAULT CHARSET=utf8mb4 COLLATE=utf8mb4_unicode_ci;

-- --------------------------------------------------------

--
-- Table structure for table `products`
--

CREATE TABLE `products` (
  `id` bigint(20) UNSIGNED NOT NULL,
  `id_category` bigint(20) UNSIGNED NOT NULL,
  `id_productType` bigint(20) UNSIGNED NOT NULL,
  `id_group` bigint(20) UNSIGNED NOT NULL,
  `id_owner` bigint(20) UNSIGNED NOT NULL,
  `stok` int(11) NOT NULL,
  `harga_jual` int(11) NOT NULL,
  `harga_modal` int(11) NOT NULL,
  `bonus_penjualan` int(11) DEFAULT NULL,
  `lokasi_barang` varchar(100) COLLATE utf8mb4_unicode_ci NOT NULL,
  `keterangan` varchar(255) COLLATE utf8mb4_unicode_ci NOT NULL,
  `created_at` timestamp NULL DEFAULT NULL,
  `updated_at` timestamp NULL DEFAULT NULL
) ENGINE=InnoDB DEFAULT CHARSET=utf8mb4 COLLATE=utf8mb4_unicode_ci;

--
-- Dumping data for table `products`
--

INSERT INTO `products` (`id`, `id_category`, `id_productType`, `id_group`, `id_owner`, `stok`, `harga_jual`, `harga_modal`, `bonus_penjualan`, `lokasi_barang`, `keterangan`, `created_at`, `updated_at`) VALUES
(1, 1, 1, 1, 1, 0, 12000, 11000, NULL, 'A12', 'Kosong', '2022-11-03 01:51:34', '2022-11-03 01:55:37'),
(3, 1, 1, 3, 3, 51, 49000, 12000, NULL, 'A12', 'Tersedia', '2022-11-03 01:51:34', '2022-11-03 08:05:47'),
(4, 1, 1, 4, 4, 0, 0, 12000, NULL, 'A12', 'Kosong', '2022-11-03 01:51:34', '2022-11-03 01:51:34'),
(5, 1, 1, 5, 5, 7, 25000, 12000, NULL, 'B12', 'Tersedia', '2022-11-03 01:51:34', '2023-05-21 21:15:28'),
(6, 1, 2, 1, 1, 32, 12000, 11000, NULL, 'A12', 'Tersedia', '2022-11-03 01:52:19', '2023-05-25 09:24:14'),
(8, 1, 2, 3, 3, 100, 49000, 12000, NULL, 'A12', 'Tersedia', '2022-11-03 01:52:19', '2022-11-03 08:05:57'),
(9, 1, 2, 4, 4, 0, 0, 12000, NULL, 'A12', 'Kosong', '2022-11-03 01:52:19', '2022-11-03 01:52:19'),
(10, 1, 2, 5, 5, 9, 25000, 12000, NULL, 'A12', 'Tersedia', '2022-11-03 01:52:19', '2023-05-26 04:31:07'),
(11, 1, 3, 1, 1, 33, 12000, 11000, NULL, 'A12', 'Tersedia', '2022-11-03 01:53:00', '2023-05-25 04:52:36'),
(13, 1, 3, 3, 3, 0, 0, 12000, NULL, 'A12', 'Kosong', '2022-11-03 01:53:00', '2022-11-03 08:03:04'),
(14, 1, 3, 4, 4, 0, 0, 12000, NULL, 'A12', 'Kosong', '2022-11-03 01:53:00', '2022-11-03 01:53:00'),
(15, 1, 3, 5, 5, 6, 25000, 12000, NULL, 'A12', 'Tersedia', '2022-11-03 01:53:00', '2023-05-26 04:31:07'),
(16, 1, 1, 3, 9, 0, 50000, 12000, 10, 'A12', 'Kosong', '2022-11-03 06:18:33', '2023-01-06 04:17:55'),
(17, 1, 2, 3, 9, 0, 50000, 12000, 10, 'A12', 'Kosong', '2022-11-03 06:18:33', '2022-11-24 02:50:34'),
(18, 1, 3, 3, 9, 0, 50000, 12000, 10, 'A12', 'Kosong', '2022-11-03 06:18:33', '2022-11-05 05:28:31'),
(19, 1, 4, 1, 1, 0, 12000, 12000, NULL, 'A12', 'Kosong', '2022-11-03 08:00:15', '2022-11-03 08:00:15'),
(21, 1, 4, 3, 3, 0, 0, 12000, NULL, 'A12', 'Kosong', '2022-11-03 08:00:15', '2022-11-03 08:00:15'),
(22, 1, 4, 3, 9, 0, 50000, 12000, 10, 'A12', 'Kosong', '2022-11-03 08:00:15', '2022-11-05 05:28:44'),
(23, 1, 4, 4, 4, 0, 0, 12000, NULL, 'A12', 'Kosong', '2022-11-03 08:00:15', '2022-11-03 08:00:15'),
(24, 1, 4, 5, 5, 0, 0, 12000, NULL, 'A12', 'Kosong', '2022-11-03 08:00:15', '2022-11-03 08:00:15'),
(25, 1, 5, 1, 1, 0, 12000, 12000, NULL, 'A12', 'Kosong', '2022-11-03 08:00:58', '2022-11-03 08:00:58'),
(27, 1, 5, 3, 3, 0, 0, 12000, NULL, 'A12', 'Kosong', '2022-11-03 08:00:58', '2022-11-03 08:00:58'),
(28, 1, 5, 3, 9, 0, 50000, 12000, 10, 'A12', 'Kosong', '2022-11-03 08:00:58', '2022-11-05 05:28:59'),
(29, 1, 5, 4, 4, 0, 0, 12000, NULL, 'A12', 'Kosong', '2022-11-03 08:00:58', '2022-11-03 08:00:58'),
(30, 1, 5, 5, 5, 0, 0, 12000, NULL, 'A12', 'Kosong', '2022-11-03 08:00:58', '2022-11-03 08:00:58'),
(31, 1, 6, 1, 1, 0, 12000, 12000, NULL, 'A12', 'Kosong', '2022-11-03 08:07:55', '2022-11-03 08:07:55'),
(33, 1, 6, 3, 3, 15, 10000, 12000, NULL, 'A12', 'Tersedia', '2022-11-03 08:07:55', '2022-11-03 08:17:06'),
(34, 1, 6, 3, 9, 0, 10000, 12000, 10, 'A12', 'Kosong', '2022-11-03 08:07:55', '2022-11-09 04:59:25'),
(35, 1, 6, 4, 4, 0, 0, 12000, NULL, 'A12', 'Kosong', '2022-11-03 08:07:55', '2022-11-03 08:07:55'),
(36, 1, 6, 5, 5, 0, 0, 12000, NULL, 'A12', 'Kosong', '2022-11-03 08:07:55', '2022-11-03 08:07:55'),
(37, 1, 7, 1, 1, 0, 12000, 12000, NULL, 'A12', 'Kosong', '2022-11-03 08:09:30', '2022-11-03 08:09:30'),
(39, 1, 7, 3, 3, 0, 10000, 12000, NULL, 'A12', 'Kosong', '2022-11-03 08:09:30', '2022-11-10 03:41:33'),
(40, 1, 7, 3, 9, 0, 10000, 12000, 10, 'A12', 'Kosong', '2022-11-03 08:09:30', '2022-11-09 04:59:25'),
(41, 1, 7, 4, 4, 0, 0, 12000, NULL, 'A12', 'Kosong', '2022-11-03 08:09:30', '2022-11-03 08:09:30'),
(42, 1, 7, 5, 5, 0, 0, 12000, NULL, 'A12', 'Kosong', '2022-11-03 08:09:30', '2022-11-03 08:09:30'),
(43, 1, 8, 1, 1, 0, 12000, 12000, NULL, 'A12', 'Kosong', '2022-11-03 08:10:02', '2022-11-03 08:10:02'),
(45, 1, 8, 3, 3, 0, 10000, 12000, NULL, 'A12', 'Kosong', '2022-11-03 08:10:02', '2022-11-10 03:41:10'),
(46, 1, 8, 3, 9, 0, 10000, 12000, 10, 'A12', 'Kosong', '2022-11-03 08:10:02', '2022-11-09 04:59:25'),
(47, 1, 8, 4, 4, 0, 0, 12000, NULL, 'A12', 'Kosong', '2022-11-03 08:10:02', '2022-11-03 08:10:02'),
(48, 1, 8, 5, 5, 0, 0, 12000, NULL, 'A12', 'Kosong', '2022-11-03 08:10:02', '2022-11-03 08:10:02'),
(49, 1, 9, 1, 1, 0, 12000, 12000, NULL, 'A12', 'Kosong', '2022-11-03 08:10:38', '2022-11-03 08:10:38'),
(51, 1, 9, 3, 3, 0, 10000, 12000, NULL, 'A12', 'Kosong', '2022-11-03 08:10:38', '2022-11-10 03:41:02'),
(52, 1, 9, 3, 9, 0, 10000, 12000, 10, 'A12', 'Kosong', '2022-11-03 08:10:38', '2022-11-07 09:34:57'),
(53, 1, 9, 4, 4, 0, 0, 12000, NULL, 'A12', 'Kosong', '2022-11-03 08:10:38', '2022-11-03 08:10:38'),
(54, 1, 9, 5, 5, 31, 12600, 12000, NULL, 'A12', 'Tersedia', '2022-11-03 08:10:38', '2023-05-21 19:59:52'),
(55, 1, 10, 1, 1, 0, 5000, 5000, NULL, 'A12', 'Kosong', '2022-11-03 08:11:49', '2022-11-03 08:11:49'),
(57, 1, 10, 3, 3, 0, 10000, 5000, NULL, 'A12', 'Kosong', '2022-11-03 08:11:49', '2022-11-10 03:41:22'),
(58, 1, 10, 3, 9, 0, 10000, 5000, 10, 'A12', 'Kosong', '2022-11-03 08:11:49', '2022-11-09 04:59:25'),
(59, 1, 10, 4, 4, 0, 0, 5000, NULL, 'A12', 'Kosong', '2022-11-03 08:11:49', '2022-11-03 08:11:49'),
(60, 1, 10, 5, 5, 0, 0, 5000, NULL, 'A12', 'Kosong', '2022-11-03 08:11:49', '2022-11-03 08:11:49'),
(61, 1, 1, 5, 14, 0, 0, 12000, 0, 'A12', 'Kosong', '2022-11-11 06:56:53', '2022-11-11 06:56:53'),
(62, 1, 2, 5, 14, 0, 0, 12000, 0, 'A12', 'Kosong', '2022-11-11 06:56:53', '2022-11-11 06:56:53'),
(63, 1, 3, 5, 14, 0, 0, 12000, 0, 'A12', 'Kosong', '2022-11-11 06:56:53', '2022-11-11 06:56:53'),
(64, 1, 4, 5, 14, 0, 0, 12000, 0, 'A12', 'Kosong', '2022-11-11 06:56:53', '2022-11-11 06:56:53'),
(65, 1, 5, 5, 14, 0, 0, 12000, 0, 'A12', 'Kosong', '2022-11-11 06:56:53', '2022-11-11 06:56:53'),
(66, 1, 6, 5, 14, 0, 0, 12000, 0, 'A12', 'Kosong', '2022-11-11 06:56:53', '2022-11-11 06:56:53'),
(67, 1, 7, 5, 14, 0, 0, 12000, 0, 'A12', 'Kosong', '2022-11-11 06:56:53', '2022-11-11 06:56:53'),
(68, 1, 8, 5, 14, 0, 0, 12000, 0, 'A12', 'Kosong', '2022-11-11 06:56:53', '2022-11-11 06:56:53'),
(69, 1, 9, 5, 14, 0, 0, 12000, 0, 'A12', 'Kosong', '2022-11-11 06:56:53', '2022-11-11 06:56:53'),
(70, 1, 10, 5, 14, 0, 0, 5000, 0, 'A12', 'Kosong', '2022-11-11 06:56:53', '2022-11-11 06:56:53'),
(71, 1, 1, 6, 15, 0, 0, 12000, NULL, 'A12', 'Kosong', '2022-12-10 03:09:09', '2022-12-10 03:09:09'),
(72, 1, 2, 6, 15, 0, 0, 12000, NULL, 'A12', 'Kosong', '2022-12-10 03:09:09', '2022-12-10 03:09:09'),
(73, 1, 3, 6, 15, 0, 0, 12000, NULL, 'A12', 'Kosong', '2022-12-10 03:09:09', '2022-12-10 03:09:09'),
(74, 1, 4, 6, 15, 0, 0, 12000, NULL, 'A12', 'Kosong', '2022-12-10 03:09:09', '2022-12-10 03:09:09'),
(75, 1, 5, 6, 15, 0, 0, 12000, NULL, 'A12', 'Kosong', '2022-12-10 03:09:09', '2022-12-10 03:09:09'),
(76, 1, 6, 6, 15, 0, 0, 12000, NULL, 'A12', 'Kosong', '2022-12-10 03:09:09', '2022-12-10 03:09:09'),
(77, 1, 7, 6, 15, 0, 0, 12000, NULL, 'A12', 'Kosong', '2022-12-10 03:09:09', '2022-12-10 03:09:09'),
(78, 1, 8, 6, 15, 0, 0, 12000, NULL, 'A12', 'Kosong', '2022-12-10 03:09:09', '2022-12-10 03:09:09'),
(79, 1, 9, 6, 15, 0, 0, 12000, NULL, 'A12', 'Kosong', '2022-12-10 03:09:09', '2022-12-10 03:09:09'),
(80, 1, 10, 6, 15, 0, 0, 5000, NULL, 'A12', 'Kosong', '2022-12-10 03:09:09', '2022-12-10 03:09:09'),
(81, 1, 1, 5, 16, 0, 0, 12000, 0, 'A12', 'Kosong', '2023-02-02 07:37:35', '2023-02-02 07:37:35'),
(82, 1, 2, 5, 16, 0, 0, 12000, 0, 'A12', 'Kosong', '2023-02-02 07:37:35', '2023-02-02 07:37:35'),
(83, 1, 3, 5, 16, 0, 0, 12000, 0, 'A12', 'Kosong', '2023-02-02 07:37:35', '2023-02-02 07:37:35'),
(84, 1, 4, 5, 16, 0, 0, 12000, 0, 'A12', 'Kosong', '2023-02-02 07:37:35', '2023-02-02 07:37:35'),
(85, 1, 5, 5, 16, 0, 0, 12000, 0, 'A12', 'Kosong', '2023-02-02 07:37:35', '2023-02-02 07:37:35'),
(86, 1, 6, 5, 16, 0, 0, 12000, 0, 'A12', 'Kosong', '2023-02-02 07:37:35', '2023-02-02 07:37:35'),
(87, 1, 7, 5, 16, 0, 0, 12000, 0, 'A12', 'Kosong', '2023-02-02 07:37:35', '2023-02-02 07:37:35'),
(88, 1, 8, 5, 16, 0, 0, 12000, 0, 'A12', 'Kosong', '2023-02-02 07:37:35', '2023-02-02 07:37:35'),
(89, 1, 9, 5, 16, 0, 0, 12000, 0, 'A12', 'Kosong', '2023-02-02 07:37:35', '2023-02-02 07:37:35'),
(90, 1, 10, 5, 16, 0, 0, 5000, 0, 'A12', 'Kosong', '2023-02-02 07:37:35', '2023-02-02 07:37:35'),
(91, 1, 1, 5, 17, 0, 0, 12000, 0, 'A12', 'Kosong', '2023-03-02 08:17:58', '2023-03-02 08:17:58'),
(92, 1, 2, 5, 17, 0, 0, 12000, 0, 'A12', 'Kosong', '2023-03-02 08:17:58', '2023-03-02 08:17:58'),
(93, 1, 3, 5, 17, 0, 0, 12000, 0, 'A12', 'Kosong', '2023-03-02 08:17:58', '2023-03-02 08:17:58'),
(94, 1, 4, 5, 17, 0, 0, 12000, 0, 'A12', 'Kosong', '2023-03-02 08:17:58', '2023-03-02 08:17:58'),
(95, 1, 5, 5, 17, 0, 0, 12000, 0, 'A12', 'Kosong', '2023-03-02 08:17:58', '2023-03-02 08:17:58'),
(96, 1, 6, 5, 17, 0, 0, 12000, 0, 'A12', 'Kosong', '2023-03-02 08:17:58', '2023-03-02 08:17:58'),
(97, 1, 7, 5, 17, 0, 0, 12000, 0, 'A12', 'Kosong', '2023-03-02 08:17:58', '2023-03-02 08:17:58'),
(98, 1, 8, 5, 17, 0, 0, 12000, 0, 'A12', 'Kosong', '2023-03-02 08:17:58', '2023-03-02 08:17:58'),
(99, 1, 9, 5, 17, 0, 0, 12000, 0, 'A12', 'Kosong', '2023-03-02 08:17:58', '2023-03-02 08:17:58'),
(100, 1, 10, 5, 17, 0, 0, 5000, 0, 'A12', 'Kosong', '2023-03-02 08:17:58', '2023-03-02 08:17:58'),
(101, 1, 1, 5, 18, 0, 0, 12000, 0, 'A12', 'Kosong', '2023-04-04 03:46:35', '2023-04-04 03:46:35'),
(102, 1, 2, 5, 18, 0, 0, 12000, 0, 'A12', 'Kosong', '2023-04-04 03:46:35', '2023-04-04 03:46:35'),
(103, 1, 3, 5, 18, 0, 0, 12000, 0, 'A12', 'Kosong', '2023-04-04 03:46:35', '2023-04-04 03:46:35'),
(104, 1, 4, 5, 18, 0, 0, 12000, 0, 'A12', 'Kosong', '2023-04-04 03:46:35', '2023-04-04 03:46:35'),
(105, 1, 5, 5, 18, 0, 0, 12000, 0, 'A12', 'Kosong', '2023-04-04 03:46:35', '2023-04-04 03:46:35'),
(106, 1, 6, 5, 18, 0, 0, 12000, 0, 'A12', 'Kosong', '2023-04-04 03:46:35', '2023-04-04 03:46:35'),
(107, 1, 7, 5, 18, 0, 0, 12000, 0, 'A12', 'Kosong', '2023-04-04 03:46:35', '2023-04-04 03:46:35'),
(108, 1, 8, 5, 18, 0, 0, 12000, 0, 'A12', 'Kosong', '2023-04-04 03:46:35', '2023-04-04 03:46:35'),
(109, 1, 9, 5, 18, 0, 0, 12000, 0, 'A12', 'Kosong', '2023-04-04 03:46:35', '2023-04-04 03:46:35'),
(110, 1, 10, 5, 18, 0, 0, 5000, 0, 'A12', 'Kosong', '2023-04-04 03:46:35', '2023-04-04 03:46:35'),
(111, 1, 1, 5, 19, 122, 26000, 25000, NULL, 'A12', 'Tersedia', '2023-05-17 03:14:13', '2023-05-21 21:17:19'),
(112, 1, 2, 5, 19, 0, 0, 25000, NULL, 'A12', 'Kosong', '2023-05-17 03:14:13', '2023-05-17 03:14:13'),
(113, 1, 3, 5, 19, 0, 0, 25000, NULL, 'A12', 'Kosong', '2023-05-17 03:14:13', '2023-05-17 03:14:13'),
(114, 1, 4, 5, 19, 0, 0, 0, NULL, 'A12', 'Kosong', '2023-05-17 03:14:13', '2023-05-17 03:14:13'),
(115, 1, 5, 5, 19, 0, 0, 0, NULL, 'A12', 'Kosong', '2023-05-17 03:14:13', '2023-05-17 03:14:13'),
(116, 1, 6, 5, 19, 0, 0, 0, NULL, 'A12', 'Kosong', '2023-05-17 03:14:13', '2023-05-17 03:14:13'),
(117, 1, 7, 5, 19, 0, 0, 0, NULL, 'A12', 'Kosong', '2023-05-17 03:14:13', '2023-05-17 03:14:13'),
(118, 1, 8, 5, 19, 0, 0, 0, NULL, 'A12', 'Kosong', '2023-05-17 03:14:13', '2023-05-17 03:14:13'),
(119, 1, 9, 5, 19, 0, 0, 12600, NULL, 'A12', 'Kosong', '2023-05-17 03:14:13', '2023-05-18 02:16:50'),
(120, 1, 10, 5, 19, 0, 0, 0, NULL, 'A12', 'Kosong', '2023-05-17 03:14:13', '2023-05-17 03:14:13'),
(121, 1, 1, 5, 20, 0, 0, 12000, 0, 'A12', 'Kosong', '2023-05-17 07:00:04', '2023-05-17 07:00:04'),
(122, 1, 2, 5, 20, 0, 0, 12000, 0, 'A12', 'Kosong', '2023-05-17 07:00:04', '2023-05-17 07:00:04'),
(123, 1, 3, 5, 20, 0, 0, 12000, 0, 'A12', 'Kosong', '2023-05-17 07:00:04', '2023-05-17 07:00:04'),
(124, 1, 4, 5, 20, 0, 0, 12000, 0, 'A12', 'Kosong', '2023-05-17 07:00:04', '2023-05-17 07:00:04'),
(125, 1, 5, 5, 20, 0, 0, 12000, 0, 'A12', 'Kosong', '2023-05-17 07:00:04', '2023-05-17 07:00:04'),
(126, 1, 6, 5, 20, 0, 0, 12000, 0, 'A12', 'Kosong', '2023-05-17 07:00:04', '2023-05-17 07:00:04'),
(127, 1, 7, 5, 20, 0, 0, 12000, 0, 'A12', 'Kosong', '2023-05-17 07:00:04', '2023-05-17 07:00:04'),
(128, 1, 8, 5, 20, 0, 0, 12000, 0, 'A12', 'Kosong', '2023-05-17 07:00:04', '2023-05-17 07:00:04'),
(129, 1, 9, 5, 20, 0, 0, 12000, 0, 'A12', 'Kosong', '2023-05-17 07:00:04', '2023-05-17 07:00:04'),
(130, 1, 10, 5, 20, 0, 0, 5000, 0, 'A12', 'Kosong', '2023-05-17 07:00:04', '2023-05-17 07:00:04'),
(131, 1, 11, 1, 1, 50, 40000, 30000, NULL, 'A12', 'Tersedia', '2023-05-18 08:55:12', '2023-05-18 08:55:12'),
(132, 1, 11, 3, 3, 0, 0, 40000, NULL, 'A12', 'Kosong', '2023-05-18 08:55:12', '2023-05-18 08:55:12'),
(133, 1, 11, 3, 9, 0, 0, 40000, NULL, 'A12', 'Kosong', '2023-05-18 08:55:12', '2023-05-18 08:55:12'),
(134, 1, 11, 4, 4, 0, 0, 40000, NULL, 'A12', 'Kosong', '2023-05-18 08:55:12', '2023-05-18 08:55:12'),
(135, 1, 11, 5, 5, 0, 0, 40000, NULL, 'A12', 'Kosong', '2023-05-18 08:55:12', '2023-05-18 08:55:12'),
(136, 1, 11, 5, 19, 0, 0, 0, NULL, 'A12', 'Kosong', '2023-05-18 08:55:12', '2023-05-18 08:55:12'),
(137, 1, 11, 5, 14, 0, 0, 40000, NULL, 'A12', 'Kosong', '2023-05-18 08:55:12', '2023-05-18 08:55:12'),
(138, 1, 11, 5, 16, 0, 0, 40000, NULL, 'A12', 'Kosong', '2023-05-18 08:55:12', '2023-05-18 08:55:12'),
(139, 1, 11, 5, 17, 0, 0, 40000, NULL, 'A12', 'Kosong', '2023-05-18 08:55:12', '2023-05-18 08:55:12'),
(140, 1, 11, 5, 18, 0, 0, 40000, NULL, 'A12', 'Kosong', '2023-05-18 08:55:12', '2023-05-18 08:55:12'),
(141, 1, 11, 5, 20, 0, 0, 40000, NULL, 'A12', 'Kosong', '2023-05-18 08:55:12', '2023-05-18 08:55:12'),
(142, 1, 11, 6, 15, 0, 0, 40000, NULL, 'A12', 'Kosong', '2023-05-18 08:55:12', '2023-05-18 08:55:12'),
(143, 1, 12, 1, 1, 50, 50000, 40000, NULL, 'A12', 'Tersedia', '2023-05-18 08:55:12', '2023-05-18 08:55:12'),
(144, 1, 12, 3, 3, 0, 0, 50000, NULL, 'A12', 'Kosong', '2023-05-18 08:55:12', '2023-05-18 08:55:12'),
(145, 1, 12, 3, 9, 0, 0, 50000, NULL, 'A12', 'Kosong', '2023-05-18 08:55:12', '2023-05-18 08:55:12'),
(146, 1, 12, 4, 4, 0, 0, 50000, NULL, 'A12', 'Kosong', '2023-05-18 08:55:12', '2023-05-18 08:55:12'),
(147, 1, 12, 5, 5, 0, 0, 50000, NULL, 'A12', 'Kosong', '2023-05-18 08:55:12', '2023-05-18 08:55:12'),
(148, 1, 12, 5, 19, 0, 0, 0, NULL, 'A12', 'Kosong', '2023-05-18 08:55:12', '2023-05-18 08:55:12'),
(149, 1, 12, 5, 14, 0, 0, 50000, NULL, 'A12', 'Kosong', '2023-05-18 08:55:12', '2023-05-18 08:55:12'),
(150, 1, 12, 5, 16, 0, 0, 50000, NULL, 'A12', 'Kosong', '2023-05-18 08:55:12', '2023-05-18 08:55:12'),
(151, 1, 12, 5, 17, 0, 0, 50000, NULL, 'A12', 'Kosong', '2023-05-18 08:55:12', '2023-05-18 08:55:12'),
(152, 1, 12, 5, 18, 0, 0, 50000, NULL, 'A12', 'Kosong', '2023-05-18 08:55:12', '2023-05-18 08:55:12'),
(153, 1, 12, 5, 20, 0, 0, 50000, NULL, 'A12', 'Kosong', '2023-05-18 08:55:12', '2023-05-18 08:55:12'),
(154, 1, 12, 6, 15, 0, 0, 50000, NULL, 'A12', 'Kosong', '2023-05-18 08:55:12', '2023-05-18 08:55:12'),
(155, 1, 13, 1, 1, 80, 60000, 50000, NULL, 'A12', 'Tersedia', '2023-05-18 08:55:12', '2023-05-18 08:55:12'),
(156, 1, 13, 3, 3, 0, 0, 60000, NULL, 'A12', 'Kosong', '2023-05-18 08:55:12', '2023-05-18 08:55:12'),
(157, 1, 13, 3, 9, 0, 0, 60000, NULL, 'A12', 'Kosong', '2023-05-18 08:55:12', '2023-05-18 08:55:12'),
(158, 1, 13, 4, 4, 0, 0, 60000, NULL, 'A12', 'Kosong', '2023-05-18 08:55:12', '2023-05-18 08:55:12'),
(159, 1, 13, 5, 5, 0, 0, 60000, NULL, 'A12', 'Kosong', '2023-05-18 08:55:12', '2023-05-18 08:55:12'),
(160, 1, 13, 5, 19, 0, 0, 0, NULL, 'A12', 'Kosong', '2023-05-18 08:55:12', '2023-05-18 08:55:12'),
(161, 1, 13, 5, 14, 0, 0, 60000, NULL, 'A12', 'Kosong', '2023-05-18 08:55:12', '2023-05-18 08:55:12'),
(162, 1, 13, 5, 16, 0, 0, 60000, NULL, 'A12', 'Kosong', '2023-05-18 08:55:12', '2023-05-18 08:55:12'),
(163, 1, 13, 5, 17, 0, 0, 60000, NULL, 'A12', 'Kosong', '2023-05-18 08:55:12', '2023-05-18 08:55:12'),
(164, 1, 13, 5, 18, 0, 0, 60000, NULL, 'A12', 'Kosong', '2023-05-18 08:55:12', '2023-05-18 08:55:12'),
(165, 1, 13, 5, 20, 0, 0, 60000, NULL, 'A12', 'Kosong', '2023-05-18 08:55:12', '2023-05-18 08:55:12'),
(166, 1, 13, 6, 15, 0, 0, 60000, NULL, 'A12', 'Kosong', '2023-05-18 08:55:12', '2023-05-18 08:55:12'),
(167, 1, 14, 1, 1, 60, 70000, 80000, NULL, 'A12', 'Tersedia', '2023-05-18 08:55:12', '2023-05-18 08:55:12'),
(168, 1, 14, 3, 3, 0, 0, 70000, NULL, 'A12', 'Kosong', '2023-05-18 08:55:12', '2023-05-18 08:55:12'),
(169, 1, 14, 3, 9, 0, 0, 70000, NULL, 'A12', 'Kosong', '2023-05-18 08:55:12', '2023-05-18 08:55:12'),
(170, 1, 14, 4, 4, 0, 0, 70000, NULL, 'A12', 'Kosong', '2023-05-18 08:55:12', '2023-05-18 08:55:12'),
(171, 1, 14, 5, 5, 0, 0, 70000, NULL, 'A12', 'Kosong', '2023-05-18 08:55:12', '2023-05-18 08:55:12'),
(172, 1, 14, 5, 19, 0, 0, 0, NULL, 'A12', 'Kosong', '2023-05-18 08:55:12', '2023-05-18 08:55:12'),
(173, 1, 14, 5, 14, 0, 0, 70000, NULL, 'A12', 'Kosong', '2023-05-18 08:55:12', '2023-05-18 08:55:12'),
(174, 1, 14, 5, 16, 0, 0, 70000, NULL, 'A12', 'Kosong', '2023-05-18 08:55:12', '2023-05-18 08:55:12'),
(175, 1, 14, 5, 17, 0, 0, 70000, NULL, 'A12', 'Kosong', '2023-05-18 08:55:12', '2023-05-18 08:55:12'),
(176, 1, 14, 5, 18, 0, 0, 70000, NULL, 'A12', 'Kosong', '2023-05-18 08:55:12', '2023-05-18 08:55:12'),
(177, 1, 14, 5, 20, 0, 0, 70000, NULL, 'A12', 'Kosong', '2023-05-18 08:55:12', '2023-05-18 08:55:12'),
(178, 1, 14, 6, 15, 0, 0, 70000, NULL, 'A12', 'Kosong', '2023-05-18 08:55:12', '2023-05-18 08:55:12'),
(179, 1, 15, 1, 1, 100, 80000, 90000, NULL, 'A12', 'Tersedia', '2023-05-18 08:55:12', '2023-05-18 08:55:12'),
(180, 1, 15, 3, 3, 0, 0, 80000, NULL, 'A12', 'Kosong', '2023-05-18 08:55:12', '2023-05-18 08:55:12'),
(181, 1, 15, 3, 9, 0, 0, 80000, NULL, 'A12', 'Kosong', '2023-05-18 08:55:12', '2023-05-18 08:55:12'),
(182, 1, 15, 4, 4, 0, 0, 80000, NULL, 'A12', 'Kosong', '2023-05-18 08:55:12', '2023-05-18 08:55:12'),
(183, 1, 15, 5, 5, 0, 0, 80000, NULL, 'A12', 'Kosong', '2023-05-18 08:55:12', '2023-05-18 08:55:12'),
(184, 1, 15, 5, 19, 0, 0, 0, NULL, 'A12', 'Kosong', '2023-05-18 08:55:12', '2023-05-18 08:55:12'),
(185, 1, 15, 5, 14, 0, 0, 80000, NULL, 'A12', 'Kosong', '2023-05-18 08:55:12', '2023-05-18 08:55:12'),
(186, 1, 15, 5, 16, 0, 0, 80000, NULL, 'A12', 'Kosong', '2023-05-18 08:55:12', '2023-05-18 08:55:12'),
(187, 1, 15, 5, 17, 0, 0, 80000, NULL, 'A12', 'Kosong', '2023-05-18 08:55:12', '2023-05-18 08:55:12'),
(188, 1, 15, 5, 18, 0, 0, 80000, NULL, 'A12', 'Kosong', '2023-05-18 08:55:12', '2023-05-18 08:55:12'),
(189, 1, 15, 5, 20, 0, 0, 80000, NULL, 'A12', 'Kosong', '2023-05-18 08:55:12', '2023-05-18 08:55:12'),
(190, 1, 15, 6, 15, 0, 0, 80000, NULL, 'A12', 'Kosong', '2023-05-18 08:55:12', '2023-05-18 08:55:12'),
(191, 1, 16, 1, 1, 40, 90000, 100000, NULL, 'A12', 'Tersedia', '2023-05-18 08:55:12', '2023-05-18 08:55:12'),
(192, 1, 16, 3, 3, 0, 0, 90000, NULL, 'A12', 'Kosong', '2023-05-18 08:55:12', '2023-05-18 08:55:12'),
(193, 1, 16, 3, 9, 0, 0, 90000, NULL, 'A12', 'Kosong', '2023-05-18 08:55:12', '2023-05-18 08:55:12'),
(194, 1, 16, 4, 4, 0, 0, 90000, NULL, 'A12', 'Kosong', '2023-05-18 08:55:12', '2023-05-18 08:55:12'),
(195, 1, 16, 5, 5, 0, 0, 90000, NULL, 'A12', 'Kosong', '2023-05-18 08:55:12', '2023-05-18 08:55:12'),
(196, 1, 16, 5, 19, 0, 0, 0, NULL, 'A12', 'Kosong', '2023-05-18 08:55:12', '2023-05-18 08:55:12'),
(197, 1, 16, 5, 14, 0, 0, 90000, NULL, 'A12', 'Kosong', '2023-05-18 08:55:12', '2023-05-18 08:55:12'),
(198, 1, 16, 5, 16, 0, 0, 90000, NULL, 'A12', 'Kosong', '2023-05-18 08:55:12', '2023-05-18 08:55:12'),
(199, 1, 16, 5, 17, 0, 0, 90000, NULL, 'A12', 'Kosong', '2023-05-18 08:55:12', '2023-05-18 08:55:12'),
(200, 1, 16, 5, 18, 0, 0, 90000, NULL, 'A12', 'Kosong', '2023-05-18 08:55:12', '2023-05-18 08:55:12'),
(201, 1, 16, 5, 20, 0, 0, 90000, NULL, 'A12', 'Kosong', '2023-05-18 08:55:12', '2023-05-18 08:55:12'),
(202, 1, 16, 6, 15, 0, 0, 90000, NULL, 'A12', 'Kosong', '2023-05-18 08:55:12', '2023-05-18 08:55:12'),
(347, 2, 25, 1, 1, 100, 20000, 15000, NULL, 'Jl. Menteri Supeno No.38', 'Tersedia', '2023-05-25 09:04:24', '2023-05-25 09:04:24'),
(348, 2, 25, 3, 3, 0, 0, 20000, NULL, 'Jl. Menteri Supeno No.38', 'Kosong', '2023-05-25 09:04:24', '2023-05-25 09:04:24'),
(350, 2, 25, 4, 4, 0, 0, 20000, NULL, 'Jl. Menteri Supeno No.38', 'Kosong', '2023-05-25 09:04:24', '2023-05-25 09:04:24'),
(351, 2, 25, 5, 5, 0, 0, 20000, NULL, 'Jl. Menteri Supeno No.38', 'Kosong', '2023-05-25 09:04:24', '2023-05-25 09:04:24'),
(352, 2, 25, 5, 19, 0, 0, 0, NULL, '', 'Kosong', '2023-05-25 09:04:24', '2023-05-25 09:04:24'),
(358, 2, 25, 6, 15, 0, 0, 20000, NULL, 'Jl. Menteri Supeno No.38', 'Kosong', '2023-05-25 09:04:24', '2023-05-25 09:04:24'),
(359, 2, 26, 1, 1, 120, 25000, 20000, NULL, 'Jl. Menteri Supeno No.38', 'Tersedia', '2023-05-25 09:04:24', '2023-05-25 09:04:24'),
(360, 2, 26, 3, 3, 0, 0, 25000, NULL, 'Jl. Menteri Supeno No.38', 'Kosong', '2023-05-25 09:04:24', '2023-05-25 09:04:24'),
(362, 2, 26, 4, 4, 0, 0, 25000, NULL, 'Jl. Menteri Supeno No.38', 'Kosong', '2023-05-25 09:04:24', '2023-05-25 09:04:24'),
(363, 2, 26, 5, 5, 0, 0, 25000, NULL, 'Jl. Menteri Supeno No.38', 'Kosong', '2023-05-25 09:04:24', '2023-05-25 09:04:24'),
(364, 2, 26, 5, 19, 0, 0, 0, NULL, '', 'Kosong', '2023-05-25 09:04:24', '2023-05-25 09:04:24'),
(370, 2, 26, 6, 15, 0, 0, 25000, NULL, 'Jl. Menteri Supeno No.38', 'Kosong', '2023-05-25 09:04:24', '2023-05-25 09:04:24'),
(419, 9, 29, 1, 1, 65, 20000, 15000, NULL, 'B12', 'Tersedia', '2023-05-26 04:08:12', '2023-05-26 06:13:26'),
(420, 9, 29, 3, 3, 0, 0, 20000, NULL, 'null', 'Kosong', '2023-05-26 04:08:12', '2023-05-26 04:08:12'),
(422, 9, 29, 4, 4, 0, 0, 20000, NULL, 'null', 'Kosong', '2023-05-26 04:08:12', '2023-05-26 04:08:12'),
(423, 9, 29, 5, 5, 95, 30000, 20000, NULL, 'C13', 'Tersedia', '2023-05-26 04:08:12', '2023-05-26 08:08:25'),
(424, 9, 29, 5, 19, 40, 50000, 30000, NULL, '', 'Tersedia', '2023-05-26 04:08:12', '2023-05-26 07:11:02'),
(430, 9, 29, 6, 15, 0, 0, 20000, NULL, 'null', 'Kosong', '2023-05-26 04:08:12', '2023-05-26 04:08:12'),
(431, 9, 30, 1, 1, 140, 25000, 20000, NULL, 'null', 'Tersedia', '2023-05-26 04:08:12', '2023-05-26 04:12:49'),
(432, 9, 30, 3, 3, 0, 0, 25000, NULL, 'null', 'Kosong', '2023-05-26 04:08:12', '2023-05-26 04:08:12'),
(434, 9, 30, 4, 4, 0, 0, 25000, NULL, 'null', 'Kosong', '2023-05-26 04:08:12', '2023-05-26 04:08:12'),
(435, 9, 30, 5, 5, 0, 0, 25000, NULL, 'null', 'Kosong', '2023-05-26 04:08:12', '2023-05-26 04:08:12'),
(436, 9, 30, 5, 19, 0, 0, 0, NULL, '', 'Kosong', '2023-05-26 04:08:12', '2023-05-26 04:08:12'),
(442, 9, 30, 6, 15, 0, 0, 25000, NULL, 'null', 'Kosong', '2023-05-26 04:08:12', '2023-05-26 04:08:12'),
(479, 1, 1, 29, 33, 0, 0, 12000, NULL, '', 'Kosong', '2023-05-26 07:59:21', '2023-05-26 07:59:21'),
(480, 1, 2, 29, 33, 0, 0, 12000, NULL, '', 'Kosong', '2023-05-26 07:59:21', '2023-05-26 07:59:21'),
(481, 1, 3, 29, 33, 0, 0, 12000, NULL, '', 'Kosong', '2023-05-26 07:59:21', '2023-05-26 07:59:21'),
(482, 1, 4, 29, 33, 0, 0, 12000, NULL, '', 'Kosong', '2023-05-26 07:59:21', '2023-05-26 07:59:21'),
(483, 1, 5, 29, 33, 0, 0, 12000, NULL, '', 'Kosong', '2023-05-26 07:59:21', '2023-05-26 07:59:21'),
(484, 1, 6, 29, 33, 0, 0, 12000, NULL, '', 'Kosong', '2023-05-26 07:59:21', '2023-05-26 07:59:21'),
(485, 1, 7, 29, 33, 0, 0, 12000, NULL, '', 'Kosong', '2023-05-26 07:59:21', '2023-05-26 07:59:21'),
(486, 1, 8, 29, 33, 0, 0, 12000, NULL, '', 'Kosong', '2023-05-26 07:59:21', '2023-05-26 07:59:21'),
(487, 1, 9, 29, 33, 0, 0, 12000, NULL, '', 'Kosong', '2023-05-26 07:59:21', '2023-05-26 07:59:21'),
(488, 1, 10, 29, 33, 0, 0, 5000, NULL, '', 'Kosong', '2023-05-26 07:59:21', '2023-05-26 07:59:21'),
(489, 1, 11, 29, 33, 0, 0, 40000, NULL, '', 'Kosong', '2023-05-26 07:59:21', '2023-05-26 07:59:21'),
(490, 1, 12, 29, 33, 0, 0, 50000, NULL, '', 'Kosong', '2023-05-26 07:59:21', '2023-05-26 07:59:21'),
(491, 1, 13, 29, 33, 0, 0, 60000, NULL, '', 'Kosong', '2023-05-26 07:59:21', '2023-05-26 07:59:21'),
(492, 1, 14, 29, 33, 0, 0, 70000, NULL, '', 'Kosong', '2023-05-26 07:59:21', '2023-05-26 07:59:21'),
(493, 1, 15, 29, 33, 0, 0, 80000, NULL, '', 'Kosong', '2023-05-26 07:59:21', '2023-05-26 07:59:21'),
(494, 1, 16, 29, 33, 0, 0, 90000, NULL, '', 'Kosong', '2023-05-26 07:59:21', '2023-05-26 07:59:21'),
(495, 2, 25, 29, 33, 0, 0, 20000, NULL, '', 'Kosong', '2023-05-26 07:59:21', '2023-05-26 07:59:21'),
(496, 2, 26, 29, 33, 0, 0, 25000, NULL, '', 'Kosong', '2023-05-26 07:59:21', '2023-05-26 07:59:21'),
(497, 9, 29, 29, 33, 0, 0, 20000, NULL, '', 'Kosong', '2023-05-26 07:59:21', '2023-05-26 07:59:21'),
(498, 9, 30, 29, 33, 0, 0, 25000, NULL, '', 'Kosong', '2023-05-26 07:59:21', '2023-05-26 07:59:21'),
(499, 1, 1, 5, 34, 0, 0, 25000, NULL, '', 'Kosong', '2023-05-26 08:02:38', '2023-05-26 08:02:38'),
(500, 1, 2, 5, 34, 0, 0, 25000, NULL, '', 'Kosong', '2023-05-26 08:02:38', '2023-05-26 08:02:38'),
(501, 1, 3, 5, 34, 0, 0, 25000, NULL, '', 'Kosong', '2023-05-26 08:02:38', '2023-05-26 08:02:38'),
(502, 1, 4, 5, 34, 0, 0, 0, NULL, '', 'Kosong', '2023-05-26 08:02:38', '2023-05-26 08:02:38'),
(503, 1, 5, 5, 34, 0, 0, 0, NULL, '', 'Kosong', '2023-05-26 08:02:38', '2023-05-26 08:02:38'),
(504, 1, 6, 5, 34, 0, 0, 0, NULL, '', 'Kosong', '2023-05-26 08:02:38', '2023-05-26 08:02:38'),
(505, 1, 7, 5, 34, 0, 0, 0, NULL, '', 'Kosong', '2023-05-26 08:02:38', '2023-05-26 08:02:38'),
(506, 1, 8, 5, 34, 0, 0, 0, NULL, '', 'Kosong', '2023-05-26 08:02:38', '2023-05-26 08:02:38'),
(507, 1, 9, 5, 34, 0, 0, 12600, NULL, '', 'Kosong', '2023-05-26 08:02:38', '2023-05-26 08:02:38'),
(508, 1, 10, 5, 34, 0, 0, 0, NULL, '', 'Kosong', '2023-05-26 08:02:38', '2023-05-26 08:02:38'),
(509, 1, 11, 5, 34, 0, 0, 0, NULL, '', 'Kosong', '2023-05-26 08:02:38', '2023-05-26 08:02:38'),
(510, 1, 12, 5, 34, 0, 0, 0, NULL, '', 'Kosong', '2023-05-26 08:02:38', '2023-05-26 08:02:38'),
(511, 1, 13, 5, 34, 0, 0, 0, NULL, '', 'Kosong', '2023-05-26 08:02:38', '2023-05-26 08:02:38'),
(512, 1, 14, 5, 34, 0, 0, 0, NULL, '', 'Kosong', '2023-05-26 08:02:38', '2023-05-26 08:02:38'),
(513, 1, 15, 5, 34, 0, 0, 0, NULL, '', 'Kosong', '2023-05-26 08:02:38', '2023-05-26 08:02:38'),
(514, 1, 16, 5, 34, 0, 0, 0, NULL, '', 'Kosong', '2023-05-26 08:02:38', '2023-05-26 08:02:38'),
(515, 2, 25, 5, 34, 0, 0, 0, NULL, '', 'Kosong', '2023-05-26 08:02:38', '2023-05-26 08:02:38'),
(516, 2, 26, 5, 34, 0, 0, 0, NULL, '', 'Kosong', '2023-05-26 08:02:38', '2023-05-26 08:02:38'),
(517, 9, 29, 5, 34, 45, 50000, 30000, NULL, 'N14', 'Tersedia', '2023-05-26 08:02:38', '2023-05-26 08:08:54'),
(518, 9, 30, 5, 34, 0, 0, 0, NULL, '', 'Kosong', '2023-05-26 08:02:38', '2023-05-26 08:02:38'),
(543, 9, 34, 1, 1, 100, 20000, 15000, NULL, 'null', 'Tersedia', '2023-05-26 09:49:58', '2023-05-26 09:49:58'),
(544, 9, 34, 3, 3, 0, 0, 20000, NULL, 'null', 'Kosong', '2023-05-26 09:49:58', '2023-05-26 09:49:58'),
(545, 9, 34, 4, 4, 0, 0, 20000, NULL, 'null', 'Kosong', '2023-05-26 09:49:58', '2023-05-26 09:49:58'),
(546, 9, 34, 5, 5, 0, 0, 20000, NULL, 'null', 'Kosong', '2023-05-26 09:49:58', '2023-05-26 09:49:58'),
(547, 9, 34, 5, 19, 0, 0, 0, NULL, '', 'Kosong', '2023-05-26 09:49:58', '2023-05-26 09:49:58'),
(548, 9, 34, 5, 34, 0, 0, 0, NULL, '', 'Kosong', '2023-05-26 09:49:58', '2023-05-26 09:49:58'),
(549, 9, 34, 6, 15, 0, 0, 20000, NULL, 'null', 'Kosong', '2023-05-26 09:49:58', '2023-05-26 09:49:58'),
(550, 9, 34, 29, 33, 0, 0, 20000, NULL, 'null', 'Kosong', '2023-05-26 09:49:58', '2023-05-26 09:49:58'),
(551, 9, 35, 1, 1, 120, 25000, 20000, NULL, 'null', 'Tersedia', '2023-05-26 09:49:58', '2023-05-26 09:49:58'),
(552, 9, 35, 3, 3, 0, 0, 25000, NULL, 'null', 'Kosong', '2023-05-26 09:49:58', '2023-05-26 09:49:58'),
(553, 9, 35, 4, 4, 0, 0, 25000, NULL, 'null', 'Kosong', '2023-05-26 09:49:58', '2023-05-26 09:49:58'),
(554, 9, 35, 5, 5, 0, 0, 25000, NULL, 'null', 'Kosong', '2023-05-26 09:49:58', '2023-05-26 09:49:58'),
(555, 9, 35, 5, 19, 0, 0, 0, NULL, '', 'Kosong', '2023-05-26 09:49:58', '2023-05-26 09:49:58'),
(556, 9, 35, 5, 34, 0, 0, 0, NULL, '', 'Kosong', '2023-05-26 09:49:58', '2023-05-26 09:49:58'),
(557, 9, 35, 6, 15, 0, 0, 25000, NULL, 'null', 'Kosong', '2023-05-26 09:49:58', '2023-05-26 09:49:58'),
(558, 9, 35, 29, 33, 9, 50000, 25000, NULL, 'B12', 'Tersedia', '2023-05-26 09:49:58', '2023-05-31 07:27:39');

-- --------------------------------------------------------

--
-- Table structure for table `product_types`
--

CREATE TABLE `product_types` (
  `id` bigint(20) UNSIGNED NOT NULL,
  `kode_produk` varchar(255) COLLATE utf8mb4_unicode_ci NOT NULL,
  `nama_produk` varchar(255) COLLATE utf8mb4_unicode_ci NOT NULL,
  `created_at` timestamp NULL DEFAULT NULL,
  `updated_at` timestamp NULL DEFAULT NULL
) ENGINE=InnoDB DEFAULT CHARSET=utf8mb4 COLLATE=utf8mb4_unicode_ci;

--
-- Dumping data for table `product_types`
--

INSERT INTO `product_types` (`id`, `kode_produk`, `nama_produk`, `created_at`, `updated_at`) VALUES
(1, 'EDP-AB', 'Angel Blossom', '2022-11-03 01:51:34', '2022-11-03 01:52:30'),
(2, 'EDP-AM', 'Aqua Man', '2022-11-03 01:52:19', '2022-11-03 01:52:19'),
(3, 'EDP-BR', 'British Rose', '2022-11-03 01:53:00', '2022-11-03 01:53:00'),
(4, 'EDP-V', 'Vanilla', '2022-11-03 08:00:15', '2022-11-03 08:00:15'),
(5, 'EDP-SB', 'Sugar Baby', '2022-11-03 08:00:58', '2022-11-03 08:00:58'),
(6, 'EDP-SB6ml', 'Sugar Baby 6ml', '2022-11-03 08:07:55', '2022-11-03 08:07:55'),
(7, 'EDP-V6ml', 'Vanilla 6ml', '2022-11-03 08:09:30', '2022-11-03 08:09:30'),
(8, 'EDP-AM6ml', 'Aqua man 6ml', '2022-11-03 08:10:02', '2022-11-03 08:10:02'),
(9, 'EDP-AB6ml', 'Angel Blossom 6ml', '2022-11-03 08:10:38', '2022-11-03 08:10:38'),
(10, 'EDP-BR6ml', 'British Rose 6ml', '2022-11-03 08:11:49', '2022-11-03 08:11:49'),
(11, 'A', 'AAAA', '2023-05-18 08:55:12', '2023-05-18 08:55:12'),
(12, 'B', 'BBBB', '2023-05-18 08:55:12', '2023-05-18 08:55:12'),
(13, 'C', 'CCCC', '2023-05-18 08:55:12', '2023-05-18 08:55:12'),
(14, 'D', 'DDDD', '2023-05-18 08:55:12', '2023-05-18 08:55:12'),
(15, 'E', 'EEEE', '2023-05-18 08:55:12', '2023-05-18 08:55:12'),
(16, 'F', 'FFFFF', '2023-05-18 08:55:12', '2023-05-18 08:55:12'),
(25, 'EDP-ABCHG', 'Angel Blossom', '2023-05-25 09:04:24', '2023-05-25 09:04:24'),
(26, 'EDP-AMCHG', 'Aqua Man', '2023-05-25 09:04:24', '2023-05-25 09:04:24'),
(29, 'P0001', 'Parfum Aqua', '2023-05-26 04:08:12', '2023-05-26 04:08:59'),
(30, 'P0002', 'Parfum Mentol', '2023-05-26 04:08:12', '2023-05-26 04:08:12'),
(34, 'P0003', 'Parfum Liquid', '2023-05-26 09:49:58', '2023-05-26 09:49:58'),
(35, 'P0004', 'Parfum Kopi', '2023-05-26 09:49:58', '2023-05-26 09:49:58');

-- --------------------------------------------------------

--
-- Table structure for table `provinces`
--

CREATE TABLE `provinces` (
  `id` bigint(20) UNSIGNED NOT NULL,
  `name` varchar(255) COLLATE utf8mb4_unicode_ci NOT NULL,
  `created_at` timestamp NULL DEFAULT NULL,
  `updated_at` timestamp NULL DEFAULT NULL
) ENGINE=InnoDB DEFAULT CHARSET=utf8mb4 COLLATE=utf8mb4_unicode_ci;

--
-- Dumping data for table `provinces`
--

INSERT INTO `provinces` (`id`, `name`, `created_at`, `updated_at`) VALUES
(11, 'ACEH', '2022-11-02 02:11:41', '2022-11-02 02:11:41'),
(12, 'SUMATERA UTARA', '2022-11-02 02:11:42', '2022-11-02 02:11:42'),
(13, 'SUMATERA BARAT', '2022-11-02 02:11:42', '2022-11-02 02:11:42'),
(14, 'RIAU', '2022-11-02 02:11:42', '2022-11-02 02:11:42'),
(15, 'JAMBI', '2022-11-02 02:11:42', '2022-11-02 02:11:42'),
(16, 'SUMATERA SELATAN', '2022-11-02 02:11:42', '2022-11-02 02:11:42'),
(17, 'BENGKULU', '2022-11-02 02:11:42', '2022-11-02 02:11:42'),
(18, 'LAMPUNG', '2022-11-02 02:11:42', '2022-11-02 02:11:42'),
(19, 'KEPULAUAN BANGKA BELITUNG', '2022-11-02 02:11:42', '2022-11-02 02:11:42'),
(21, 'KEPULAUAN RIAU', '2022-11-02 02:11:42', '2022-11-02 02:11:42'),
(31, 'DKI JAKARTA', '2022-11-02 02:11:42', '2022-11-02 02:11:42'),
(32, 'JAWA BARAT', '2022-11-02 02:11:42', '2022-11-02 02:11:42'),
(33, 'JAWA TENGAH', '2022-11-02 02:11:42', '2022-11-02 02:11:42'),
(34, 'DI YOGYAKARTA', '2022-11-02 02:11:42', '2022-11-02 02:11:42'),
(35, 'JAWA TIMUR', '2022-11-02 02:11:42', '2022-11-02 02:11:42'),
(36, 'BANTEN', '2022-11-02 02:11:42', '2022-11-02 02:11:42'),
(51, 'BALI', '2022-11-02 02:11:42', '2022-11-02 02:11:42'),
(52, 'NUSA TENGGARA BARAT', '2022-11-02 02:11:42', '2022-11-02 02:11:42'),
(53, 'NUSA TENGGARA TIMUR', '2022-11-02 02:11:42', '2022-11-02 02:11:42'),
(61, 'KALIMANTAN BARAT', '2022-11-02 02:11:42', '2022-11-02 02:11:42'),
(62, 'KALIMANTAN TENGAH', '2022-11-02 02:11:42', '2022-11-02 02:11:42'),
(63, 'KALIMANTAN SELATAN', '2022-11-02 02:11:42', '2022-11-02 02:11:42'),
(64, 'KALIMANTAN TIMUR', '2022-11-02 02:11:42', '2022-11-02 02:11:42'),
(65, 'KALIMANTAN UTARA', '2022-11-02 02:11:42', '2022-11-02 02:11:42'),
(71, 'SULAWESI UTARA', '2022-11-02 02:11:42', '2022-11-02 02:11:42'),
(72, 'SULAWESI TENGAH', '2022-11-02 02:11:42', '2022-11-02 02:11:42'),
(73, 'SULAWESI SELATAN', '2022-11-02 02:11:42', '2022-11-02 02:11:42'),
(74, 'SULAWESI TENGGARA', '2022-11-02 02:11:42', '2022-11-02 02:11:42'),
(75, 'GORONTALO', '2022-11-02 02:11:42', '2022-11-02 02:11:42'),
(76, 'SULAWESI BARAT', '2022-11-02 02:11:42', '2022-11-02 02:11:42'),
(81, 'MALUKU', '2022-11-02 02:11:42', '2022-11-02 02:11:42'),
(82, 'MALUKU UTARA', '2022-11-02 02:11:42', '2022-11-02 02:11:42'),
(91, 'PAPUA BARAT', '2022-11-02 02:11:42', '2022-11-02 02:11:42'),
(94, 'PAPUA', '2022-11-02 02:11:42', '2022-11-02 02:11:42');

-- --------------------------------------------------------

--
-- Table structure for table `retur_cashiers`
--

CREATE TABLE `retur_cashiers` (
  `id` bigint(20) UNSIGNED NOT NULL,
  `id_retur` bigint(20) UNSIGNED NOT NULL,
  `id_product` bigint(20) UNSIGNED NOT NULL,
  `nama_produk` varchar(255) COLLATE utf8mb4_unicode_ci NOT NULL,
  `jumlah` int(11) NOT NULL,
  `harga` int(11) NOT NULL,
  `total` int(11) NOT NULL,
  `foto` varchar(255) COLLATE utf8mb4_unicode_ci NOT NULL,
  `created_at` timestamp NULL DEFAULT NULL,
  `updated_at` timestamp NULL DEFAULT NULL
) ENGINE=InnoDB DEFAULT CHARSET=utf8mb4 COLLATE=utf8mb4_unicode_ci;

--
-- Dumping data for table `retur_cashiers`
--

INSERT INTO `retur_cashiers` (`id`, `id_retur`, `id_product`, `nama_produk`, `jumlah`, `harga`, `total`, `foto`, `created_at`, `updated_at`) VALUES
(1, 6, 5, 'Angel Blossom', 1, 12000, 12000, '', '2023-05-19 09:10:35', '2023-05-19 09:10:35'),
(2, 6, 10, 'Aqua Man', 1, 12000, 12000, '', '2023-05-19 09:10:35', '2023-05-19 09:10:35'),
(3, 6, 15, 'British Rose', 1, 12000, 12000, '', '2023-05-19 09:10:35', '2023-05-19 09:10:35'),
(4, 9, 54, 'Angel Blossom 6ml', 1, 12000, 12000, '', '2023-05-20 01:05:22', '2023-05-20 01:05:22'),
(5, 10, 10, 'Aqua Man', 2, 12000, 24000, '', '2023-05-26 04:35:17', '2023-05-26 04:35:17'),
(6, 11, 424, 'Parfum Aqua', 2, 30000, 60000, '', '2023-05-26 06:18:51', '2023-05-26 06:18:51'),
(7, 12, 424, 'Parfum Aqua', 2, 30000, 60000, '', '2023-05-26 06:37:01', '2023-05-26 06:37:01');

-- --------------------------------------------------------

--
-- Table structure for table `retur_cashier_histories`
--

CREATE TABLE `retur_cashier_histories` (
  `id` bigint(20) UNSIGNED NOT NULL,
  `id_transaction` bigint(20) UNSIGNED NOT NULL,
  `id_group` bigint(20) UNSIGNED NOT NULL,
  `id_supplier` bigint(20) UNSIGNED NOT NULL,
  `id_owner` bigint(20) UNSIGNED NOT NULL,
  `id_input` bigint(20) UNSIGNED NOT NULL,
  `nama_input` varchar(255) COLLATE utf8mb4_unicode_ci NOT NULL,
  `id_approve` bigint(20) UNSIGNED NOT NULL,
  `nama_approve` varchar(255) COLLATE utf8mb4_unicode_ci NOT NULL,
  `surat_keluar` varchar(255) COLLATE utf8mb4_unicode_ci NOT NULL,
  `keterangan` varchar(255) COLLATE utf8mb4_unicode_ci NOT NULL,
  `jumlah_barang` int(11) NOT NULL,
  `total` int(11) NOT NULL,
  `status_retur` int(11) NOT NULL,
  `created_at` timestamp NULL DEFAULT NULL,
  `updated_at` timestamp NULL DEFAULT NULL
) ENGINE=InnoDB DEFAULT CHARSET=utf8mb4 COLLATE=utf8mb4_unicode_ci;

--
-- Dumping data for table `retur_cashier_histories`
--

INSERT INTO `retur_cashier_histories` (`id`, `id_transaction`, `id_group`, `id_supplier`, `id_owner`, `id_input`, `nama_input`, `id_approve`, `nama_approve`, `surat_keluar`, `keterangan`, `jumlah_barang`, `total`, `status_retur`, `created_at`, `updated_at`) VALUES
(1, 136, 5, 5, 5, 5, 'Distributor Tp', 5, 'Distributor Tp', 'SK12345', 'asas', 0, 0, 1, '2023-05-16 23:35:06', '2023-05-17 00:30:33'),
(2, 136, 5, 5, 5, 5, 'Distributor Tp', 5, 'Distributor Tp', 'SK12345', 'asas', 0, 0, 1, '2023-05-16 23:41:05', '2023-05-17 00:30:27'),
(3, 136, 5, 5, 5, 5, 'Distributor Tp', 5, 'Distributor Tp', 'SK12345', 'asas', 0, 0, 1, '2023-05-16 23:43:54', '2023-05-17 00:30:19'),
(4, 133, 5, 5, 5, 5, 'Distributor Tp', 1, 'Superadmin Astana', 'SK12345', 'asasa', 0, 0, 1, '2023-05-17 00:32:42', '2023-05-17 03:29:02'),
(5, 136, 5, 5, 19, 19, 'seller 1', 1, 'Superadmin Astana', 'SK12345', 'as', 0, 0, 1, '2023-05-17 06:58:11', '2023-05-19 17:47:18'),
(6, 126, 5, 5, 5, 5, 'Distributor Tp', 0, '', 'SK12345', 'asd', 3, 36000, 0, '2023-05-19 09:10:35', '2023-05-19 09:10:35'),
(7, 143, 5, 5, 5, 5, 'Distributor Tp', 0, '', 'SK12345', 'sasa', 0, 0, 0, '2023-05-19 17:12:36', '2023-05-19 17:12:36'),
(8, 143, 5, 5, 5, 5, 'Distributor Tp', 0, '', 'SK12345', 'sasa', 0, 0, 0, '2023-05-19 17:19:56', '2023-05-19 17:19:56'),
(9, 143, 5, 5, 5, 5, 'Distributor Tp', 0, '', 'SK12345', 'sdasdas', 1, 12000, 0, '2023-05-20 01:05:22', '2023-05-20 01:05:22'),
(10, 155, 5, 5, 5, 5, 'Distributor Tp', 0, '', 'SK766899', 'Fghh', 1, 24000, 0, '2023-05-26 04:35:17', '2023-05-26 04:35:17'),
(11, 158, 5, 5, 19, 19, 'seller 1', 1, 'Distributor Tp', 'SK672446', 'zxcv', 1, 60000, 1, '2023-05-26 06:18:51', '2023-05-26 06:18:51'),
(12, 158, 5, 5, 19, 19, 'seller 1', 0, '', 'SK449790', 'opq', 1, 60000, 0, '2023-05-26 06:37:01', '2023-05-26 06:37:01');

-- --------------------------------------------------------

--
-- Table structure for table `retur_details`
--

CREATE TABLE `retur_details` (
  `id` bigint(20) UNSIGNED NOT NULL,
  `id_retur` bigint(20) UNSIGNED NOT NULL,
  `id_product` bigint(20) UNSIGNED NOT NULL,
  `nama_produk` varchar(255) COLLATE utf8mb4_unicode_ci NOT NULL,
  `jumlah` int(11) NOT NULL,
  `harga` int(11) NOT NULL,
  `total` int(11) NOT NULL,
  `foto` varchar(255) COLLATE utf8mb4_unicode_ci NOT NULL,
  `created_at` timestamp NULL DEFAULT NULL,
  `updated_at` timestamp NULL DEFAULT NULL
) ENGINE=InnoDB DEFAULT CHARSET=utf8mb4 COLLATE=utf8mb4_unicode_ci;

--
-- Dumping data for table `retur_details`
--

INSERT INTO `retur_details` (`id`, `id_retur`, `id_product`, `nama_produk`, `jumlah`, `harga`, `total`, `foto`, `created_at`, `updated_at`) VALUES
(1, 0, 5, 'Angel Blossom', 2, 25000, 50000, '', '2023-05-18 08:51:20', '2023-05-18 08:51:20'),
(2, 0, 5, 'Angel Blossom', 2, 25000, 50000, '', '2023-05-18 08:51:20', '2023-05-18 08:51:20'),
(3, 0, 10, 'Aqua Man', 2, 25000, 50000, '', '2023-05-18 08:51:20', '2023-05-18 08:51:20'),
(4, 0, 10, 'Aqua Man', 2, 25000, 50000, '', '2023-05-18 08:51:20', '2023-05-18 08:51:20'),
(5, 7, 10, 'Aqua Man', 1, 12000, 12000, '', '2023-05-20 00:55:35', '2023-05-20 00:55:35'),
(6, 8, 10, 'Aqua Man', 1, 12000, 12000, '', '2023-05-20 01:01:07', '2023-05-20 01:01:07'),
(7, 9, 10, 'Aqua Man', 1, 12000, 12000, '', '2023-05-20 01:02:00', '2023-05-20 01:02:00'),
(8, 10, 10, 'Aqua Man', 2, 12000, 24000, '', '2023-05-21 20:13:18', '2023-05-21 20:13:18'),
(9, 11, 10, 'Aqua Man', 1, 12000, 12000, '', '2023-05-26 04:30:39', '2023-05-26 04:30:39'),
(10, 11, 15, 'British Rose', 2, 12000, 24000, '', '2023-05-26 04:30:39', '2023-05-26 04:30:39'),
(11, 12, 424, 'Parfum Aqua', 3, 30000, 90000, '', '2023-05-26 06:17:47', '2023-05-26 06:17:47');

-- --------------------------------------------------------

--
-- Table structure for table `retur_histories`
--

CREATE TABLE `retur_histories` (
  `id` bigint(20) UNSIGNED NOT NULL,
  `id_transaction` bigint(20) UNSIGNED NOT NULL,
  `id_group` bigint(20) UNSIGNED NOT NULL,
  `id_supplier` bigint(20) UNSIGNED NOT NULL,
  `id_owner` bigint(20) UNSIGNED NOT NULL,
  `id_input` bigint(20) UNSIGNED NOT NULL,
  `nama_input` varchar(255) COLLATE utf8mb4_unicode_ci NOT NULL,
  `id_approve` bigint(20) UNSIGNED NOT NULL,
  `nama_approve` varchar(255) COLLATE utf8mb4_unicode_ci NOT NULL,
  `surat_keluar` varchar(255) COLLATE utf8mb4_unicode_ci NOT NULL,
  `keterangan` varchar(255) COLLATE utf8mb4_unicode_ci NOT NULL,
  `jumlah_barang` int(11) NOT NULL,
  `total` int(11) NOT NULL,
  `status_retur` int(11) NOT NULL,
  `created_at` timestamp NULL DEFAULT NULL,
  `updated_at` timestamp NULL DEFAULT NULL
) ENGINE=InnoDB DEFAULT CHARSET=utf8mb4 COLLATE=utf8mb4_unicode_ci;

--
-- Dumping data for table `retur_histories`
--

INSERT INTO `retur_histories` (`id`, `id_transaction`, `id_group`, `id_supplier`, `id_owner`, `id_input`, `nama_input`, `id_approve`, `nama_approve`, `surat_keluar`, `keterangan`, `jumlah_barang`, `total`, `status_retur`, `created_at`, `updated_at`) VALUES
(1, 2, 5, 1, 5, 5, 'Distributor Tp', 0, '', 'SK12345', 'asdasdas', 0, 0, 0, '2023-05-17 07:42:59', '2023-05-17 07:42:59'),
(2, 6, 5, 1, 5, 5, 'Distributor Tp', 1, 'Superadmin Astana', 'SK12345', 'fuufyfy gyygy', 1, 500000, 0, '2023-05-18 08:51:20', '2023-05-18 08:51:20'),
(6, 2, 5, 1, 5, 5, 'Distributor Tp', 0, '', 'SK12345', 'gfdgfd', 0, 0, 0, '2023-05-20 00:50:58', '2023-05-20 00:50:58'),
(7, 2, 5, 1, 5, 5, 'Distributor Tp', 0, '', 'SK12345', 'ttttttt', 1, 12000, 0, '2023-05-20 00:55:35', '2023-05-20 00:55:35'),
(8, 2, 5, 1, 5, 5, 'Distributor Tp', 0, '', 'SK12345', 'ttttttt', 1, 12000, 0, '2023-05-20 01:01:07', '2023-05-20 01:01:07'),
(9, 2, 5, 1, 5, 5, 'Distributor Tp', 0, '', 'SK12345', 'yyy', 1, 12000, 0, '2023-05-20 01:02:00', '2023-05-20 01:02:00'),
(10, 2, 5, 1, 5, 5, 'Distributor Tp', 0, '', 'SK12345', 'return', 1, 24000, 0, '2023-05-21 20:13:18', '2023-05-21 20:13:18'),
(11, 26, 5, 1, 5, 5, 'Distributor Tp', 1, 'Superadmin Astana', 'SK367532', 'qwert', 2, 36000, 1, '2023-05-26 04:30:39', '2023-05-26 04:31:07'),
(12, 32, 5, 5, 19, 19, 'seller 1', 5, 'Distributor Tp', 'SK381900', 'fgga', 1, 90000, 1, '2023-05-26 06:17:47', '2023-05-26 06:18:19');

-- --------------------------------------------------------

--
-- Table structure for table `sales_products`
--

CREATE TABLE `sales_products` (
  `id` bigint(20) UNSIGNED NOT NULL,
  `id_productType` bigint(20) UNSIGNED NOT NULL,
  `id_group` bigint(20) UNSIGNED NOT NULL,
  `id_owner` bigint(20) UNSIGNED NOT NULL,
  `harga_jual` int(11) NOT NULL,
  `bonus` int(11) NOT NULL,
  `created_at` timestamp NULL DEFAULT NULL,
  `updated_at` timestamp NULL DEFAULT NULL
) ENGINE=InnoDB DEFAULT CHARSET=utf8mb4 COLLATE=utf8mb4_unicode_ci;

--
-- Dumping data for table `sales_products`
--

INSERT INTO `sales_products` (`id`, `id_productType`, `id_group`, `id_owner`, `harga_jual`, `bonus`, `created_at`, `updated_at`) VALUES
(1, 1, 2, 2, 0, 0, '2022-11-03 01:51:34', '2022-11-03 01:51:34'),
(2, 1, 3, 3, 50000, 10, '2022-11-03 01:51:34', '2022-11-05 05:25:19'),
(3, 1, 4, 4, 0, 0, '2022-11-03 01:51:34', '2022-11-03 01:51:34'),
(4, 1, 5, 5, 0, 0, '2022-11-03 01:51:34', '2022-11-03 01:51:34'),
(5, 2, 2, 2, 0, 0, '2022-11-03 01:52:19', '2022-11-03 01:52:19'),
(6, 2, 3, 3, 50000, 10, '2022-11-03 01:52:19', '2022-11-05 05:28:14'),
(7, 2, 4, 4, 0, 0, '2022-11-03 01:52:19', '2022-11-03 01:52:19'),
(8, 2, 5, 5, 0, 0, '2022-11-03 01:52:19', '2022-11-03 01:52:19'),
(9, 3, 2, 2, 0, 0, '2022-11-03 01:53:00', '2022-11-03 01:53:00'),
(10, 3, 3, 3, 50000, 10, '2022-11-03 01:53:00', '2022-11-05 05:28:31'),
(11, 3, 4, 4, 0, 0, '2022-11-03 01:53:00', '2022-11-03 01:53:00'),
(12, 3, 5, 5, 0, 0, '2022-11-03 01:53:00', '2022-11-03 01:53:00'),
(13, 4, 2, 2, 0, 0, '2022-11-03 08:00:15', '2022-11-03 08:00:15'),
(14, 4, 3, 3, 50000, 10, '2022-11-03 08:00:15', '2022-11-05 05:28:44'),
(15, 4, 4, 4, 0, 0, '2022-11-03 08:00:15', '2022-11-03 08:00:15'),
(16, 4, 5, 5, 0, 0, '2022-11-03 08:00:15', '2022-11-03 08:00:15'),
(17, 5, 2, 2, 0, 0, '2022-11-03 08:00:58', '2022-11-03 08:00:58'),
(18, 5, 3, 3, 50000, 10, '2022-11-03 08:00:58', '2022-11-05 05:28:59'),
(19, 5, 4, 4, 0, 0, '2022-11-03 08:00:58', '2022-11-03 08:00:58'),
(20, 5, 5, 5, 0, 0, '2022-11-03 08:00:58', '2022-11-03 08:00:58'),
(21, 6, 2, 2, 0, 0, '2022-11-03 08:07:55', '2022-11-03 08:07:55'),
(22, 6, 3, 3, 10000, 10, '2022-11-03 08:07:55', '2022-11-05 05:25:42'),
(23, 6, 4, 4, 0, 0, '2022-11-03 08:07:55', '2022-11-03 08:07:55'),
(24, 6, 5, 5, 0, 0, '2022-11-03 08:07:55', '2022-11-03 08:07:55'),
(25, 7, 2, 2, 0, 0, '2022-11-03 08:09:30', '2022-11-03 08:09:30'),
(26, 7, 3, 3, 10000, 10, '2022-11-03 08:09:30', '2022-11-05 05:29:10'),
(27, 7, 4, 4, 0, 0, '2022-11-03 08:09:30', '2022-11-03 08:09:30'),
(28, 7, 5, 5, 0, 0, '2022-11-03 08:09:30', '2022-11-03 08:09:30'),
(29, 8, 2, 2, 0, 0, '2022-11-03 08:10:02', '2022-11-03 08:10:02'),
(30, 8, 3, 3, 10000, 10, '2022-11-03 08:10:02', '2022-11-05 05:29:24'),
(31, 8, 4, 4, 0, 0, '2022-11-03 08:10:02', '2022-11-03 08:10:02'),
(32, 8, 5, 5, 0, 0, '2022-11-03 08:10:02', '2022-11-03 08:10:02'),
(33, 9, 2, 2, 0, 0, '2022-11-03 08:10:38', '2022-11-03 08:10:38'),
(34, 9, 3, 3, 10000, 10, '2022-11-03 08:10:38', '2022-11-05 05:29:35'),
(35, 9, 4, 4, 0, 0, '2022-11-03 08:10:38', '2022-11-03 08:10:38'),
(36, 9, 5, 5, 0, 0, '2022-11-03 08:10:38', '2022-11-03 08:10:38'),
(37, 10, 2, 2, 0, 0, '2022-11-03 08:11:49', '2022-11-03 08:11:49'),
(38, 10, 3, 3, 10000, 10, '2022-11-03 08:11:49', '2022-11-05 05:29:48'),
(39, 10, 4, 4, 0, 0, '2022-11-03 08:11:49', '2022-11-03 08:11:49'),
(40, 10, 5, 5, 0, 0, '2022-11-03 08:11:49', '2022-11-03 08:11:49'),
(41, 1, 6, 15, 0, 0, '2022-12-10 03:09:09', '2022-12-10 03:09:09'),
(42, 2, 6, 15, 0, 0, '2022-12-10 03:09:09', '2022-12-10 03:09:09'),
(43, 3, 6, 15, 0, 0, '2022-12-10 03:09:09', '2022-12-10 03:09:09'),
(44, 4, 6, 15, 0, 0, '2022-12-10 03:09:09', '2022-12-10 03:09:09'),
(45, 5, 6, 15, 0, 0, '2022-12-10 03:09:09', '2022-12-10 03:09:09'),
(46, 6, 6, 15, 0, 0, '2022-12-10 03:09:09', '2022-12-10 03:09:09'),
(47, 7, 6, 15, 0, 0, '2022-12-10 03:09:09', '2022-12-10 03:09:09'),
(48, 8, 6, 15, 0, 0, '2022-12-10 03:09:09', '2022-12-10 03:09:09'),
(49, 9, 6, 15, 0, 0, '2022-12-10 03:09:09', '2022-12-10 03:09:09'),
(50, 10, 6, 15, 0, 0, '2022-12-10 03:09:09', '2022-12-10 03:09:09'),
(51, 11, 3, 3, 0, 0, '2023-05-18 08:55:12', '2023-05-18 08:55:12'),
(52, 11, 4, 4, 0, 0, '2023-05-18 08:55:12', '2023-05-18 08:55:12'),
(53, 11, 5, 5, 0, 0, '2023-05-18 08:55:12', '2023-05-18 08:55:12'),
(54, 11, 6, 15, 0, 0, '2023-05-18 08:55:12', '2023-05-18 08:55:12'),
(55, 12, 3, 3, 0, 0, '2023-05-18 08:55:12', '2023-05-18 08:55:12'),
(56, 12, 4, 4, 0, 0, '2023-05-18 08:55:12', '2023-05-18 08:55:12'),
(57, 12, 5, 5, 0, 0, '2023-05-18 08:55:12', '2023-05-18 08:55:12'),
(58, 12, 6, 15, 0, 0, '2023-05-18 08:55:12', '2023-05-18 08:55:12'),
(59, 13, 3, 3, 0, 0, '2023-05-18 08:55:12', '2023-05-18 08:55:12'),
(60, 13, 4, 4, 0, 0, '2023-05-18 08:55:12', '2023-05-18 08:55:12'),
(61, 13, 5, 5, 0, 0, '2023-05-18 08:55:12', '2023-05-18 08:55:12'),
(62, 13, 6, 15, 0, 0, '2023-05-18 08:55:12', '2023-05-18 08:55:12'),
(63, 14, 3, 3, 0, 0, '2023-05-18 08:55:12', '2023-05-18 08:55:12'),
(64, 14, 4, 4, 0, 0, '2023-05-18 08:55:12', '2023-05-18 08:55:12'),
(65, 14, 5, 5, 0, 0, '2023-05-18 08:55:12', '2023-05-18 08:55:12'),
(66, 14, 6, 15, 0, 0, '2023-05-18 08:55:12', '2023-05-18 08:55:12'),
(67, 15, 3, 3, 0, 0, '2023-05-18 08:55:12', '2023-05-18 08:55:12'),
(68, 15, 4, 4, 0, 0, '2023-05-18 08:55:12', '2023-05-18 08:55:12'),
(69, 15, 5, 5, 0, 0, '2023-05-18 08:55:12', '2023-05-18 08:55:12'),
(70, 15, 6, 15, 0, 0, '2023-05-18 08:55:12', '2023-05-18 08:55:12'),
(71, 16, 3, 3, 0, 0, '2023-05-18 08:55:12', '2023-05-18 08:55:12'),
(72, 16, 4, 4, 0, 0, '2023-05-18 08:55:12', '2023-05-18 08:55:12'),
(73, 16, 5, 5, 0, 0, '2023-05-18 08:55:12', '2023-05-18 08:55:12'),
(74, 16, 6, 15, 0, 0, '2023-05-18 08:55:12', '2023-05-18 08:55:12'),
(95, 1, 10, 26, 0, 0, '2023-05-23 12:48:59', '2023-05-23 12:48:59'),
(96, 2, 10, 26, 0, 0, '2023-05-23 12:48:59', '2023-05-23 12:48:59'),
(97, 3, 10, 26, 0, 0, '2023-05-23 12:48:59', '2023-05-23 12:48:59'),
(98, 4, 10, 26, 0, 0, '2023-05-23 12:48:59', '2023-05-23 12:48:59'),
(99, 5, 10, 26, 0, 0, '2023-05-23 12:48:59', '2023-05-23 12:48:59'),
(100, 6, 10, 26, 0, 0, '2023-05-23 12:48:59', '2023-05-23 12:48:59'),
(101, 7, 10, 26, 0, 0, '2023-05-23 12:48:59', '2023-05-23 12:48:59'),
(102, 8, 10, 26, 0, 0, '2023-05-23 12:48:59', '2023-05-23 12:48:59'),
(103, 9, 10, 26, 0, 0, '2023-05-23 12:48:59', '2023-05-23 12:48:59'),
(104, 10, 10, 26, 0, 0, '2023-05-23 12:48:59', '2023-05-23 12:48:59'),
(105, 11, 10, 26, 0, 0, '2023-05-23 12:48:59', '2023-05-23 12:48:59'),
(106, 12, 10, 26, 0, 0, '2023-05-23 12:48:59', '2023-05-23 12:48:59'),
(107, 13, 10, 26, 0, 0, '2023-05-23 12:48:59', '2023-05-23 12:48:59'),
(108, 14, 10, 26, 0, 0, '2023-05-23 12:48:59', '2023-05-23 12:48:59'),
(109, 15, 10, 26, 0, 0, '2023-05-23 12:48:59', '2023-05-23 12:48:59'),
(110, 16, 10, 26, 0, 0, '2023-05-23 12:48:59', '2023-05-23 12:48:59'),
(114, 1, 11, 27, 0, 0, '2023-05-23 13:25:56', '2023-05-23 13:25:56'),
(115, 2, 11, 27, 0, 0, '2023-05-23 13:25:56', '2023-05-23 13:25:56'),
(116, 3, 11, 27, 0, 0, '2023-05-23 13:25:56', '2023-05-23 13:25:56'),
(117, 4, 11, 27, 0, 0, '2023-05-23 13:25:56', '2023-05-23 13:25:56'),
(118, 5, 11, 27, 0, 0, '2023-05-23 13:25:56', '2023-05-23 13:25:56'),
(119, 6, 11, 27, 0, 0, '2023-05-23 13:25:56', '2023-05-23 13:25:56'),
(120, 7, 11, 27, 0, 0, '2023-05-23 13:25:56', '2023-05-23 13:25:56'),
(121, 8, 11, 27, 0, 0, '2023-05-23 13:25:56', '2023-05-23 13:25:56'),
(122, 9, 11, 27, 0, 0, '2023-05-23 13:25:56', '2023-05-23 13:25:56'),
(123, 10, 11, 27, 0, 0, '2023-05-23 13:25:56', '2023-05-23 13:25:56'),
(124, 11, 11, 27, 0, 0, '2023-05-23 13:25:56', '2023-05-23 13:25:56'),
(125, 12, 11, 27, 0, 0, '2023-05-23 13:25:56', '2023-05-23 13:25:56'),
(126, 13, 11, 27, 0, 0, '2023-05-23 13:25:56', '2023-05-23 13:25:56'),
(127, 14, 11, 27, 0, 0, '2023-05-23 13:25:56', '2023-05-23 13:25:56'),
(128, 15, 11, 27, 0, 0, '2023-05-23 13:25:56', '2023-05-23 13:25:56'),
(129, 16, 11, 27, 0, 0, '2023-05-23 13:25:56', '2023-05-23 13:25:56'),
(130, 22, 3, 3, 0, 0, '2023-05-24 06:11:36', '2023-05-24 06:11:36'),
(131, 22, 4, 4, 0, 0, '2023-05-24 06:11:36', '2023-05-24 06:11:36'),
(132, 22, 5, 5, 0, 0, '2023-05-24 06:11:36', '2023-05-24 06:11:36'),
(133, 22, 6, 15, 0, 0, '2023-05-24 06:11:36', '2023-05-24 06:11:36'),
(134, 23, 3, 3, 0, 0, '2023-05-25 09:03:07', '2023-05-25 09:03:07'),
(135, 23, 4, 4, 0, 0, '2023-05-25 09:03:07', '2023-05-25 09:03:07'),
(136, 23, 5, 5, 0, 0, '2023-05-25 09:03:07', '2023-05-25 09:03:07'),
(137, 23, 6, 15, 0, 0, '2023-05-25 09:03:07', '2023-05-25 09:03:07'),
(138, 24, 3, 3, 0, 0, '2023-05-25 09:03:07', '2023-05-25 09:03:07'),
(139, 24, 4, 4, 0, 0, '2023-05-25 09:03:07', '2023-05-25 09:03:07'),
(140, 24, 5, 5, 0, 0, '2023-05-25 09:03:07', '2023-05-25 09:03:07'),
(141, 24, 6, 15, 0, 0, '2023-05-25 09:03:07', '2023-05-25 09:03:07'),
(142, 25, 3, 3, 0, 0, '2023-05-25 09:04:24', '2023-05-25 09:04:24'),
(143, 25, 4, 4, 0, 0, '2023-05-25 09:04:24', '2023-05-25 09:04:24'),
(144, 25, 5, 5, 0, 0, '2023-05-25 09:04:24', '2023-05-25 09:04:24'),
(145, 25, 6, 15, 0, 0, '2023-05-25 09:04:24', '2023-05-25 09:04:24'),
(146, 26, 3, 3, 0, 0, '2023-05-25 09:04:24', '2023-05-25 09:04:24'),
(147, 26, 4, 4, 0, 0, '2023-05-25 09:04:24', '2023-05-25 09:04:24'),
(148, 26, 5, 5, 0, 0, '2023-05-25 09:04:24', '2023-05-25 09:04:24'),
(149, 26, 6, 15, 0, 0, '2023-05-25 09:04:24', '2023-05-25 09:04:24'),
(150, 1, 12, 29, 0, 0, '2023-05-26 03:46:02', '2023-05-26 03:46:02'),
(151, 2, 12, 29, 0, 0, '2023-05-26 03:46:02', '2023-05-26 03:46:02'),
(152, 3, 12, 29, 0, 0, '2023-05-26 03:46:02', '2023-05-26 03:46:02'),
(153, 4, 12, 29, 0, 0, '2023-05-26 03:46:02', '2023-05-26 03:46:02'),
(154, 5, 12, 29, 0, 0, '2023-05-26 03:46:02', '2023-05-26 03:46:02'),
(155, 6, 12, 29, 0, 0, '2023-05-26 03:46:02', '2023-05-26 03:46:02'),
(156, 7, 12, 29, 0, 0, '2023-05-26 03:46:02', '2023-05-26 03:46:02'),
(157, 8, 12, 29, 0, 0, '2023-05-26 03:46:02', '2023-05-26 03:46:02'),
(158, 9, 12, 29, 0, 0, '2023-05-26 03:46:02', '2023-05-26 03:46:02'),
(159, 10, 12, 29, 0, 0, '2023-05-26 03:46:02', '2023-05-26 03:46:02'),
(160, 11, 12, 29, 0, 0, '2023-05-26 03:46:02', '2023-05-26 03:46:02'),
(161, 12, 12, 29, 0, 0, '2023-05-26 03:46:02', '2023-05-26 03:46:02'),
(162, 13, 12, 29, 0, 0, '2023-05-26 03:46:02', '2023-05-26 03:46:02'),
(163, 14, 12, 29, 0, 0, '2023-05-26 03:46:02', '2023-05-26 03:46:02'),
(164, 15, 12, 29, 0, 0, '2023-05-26 03:46:02', '2023-05-26 03:46:02'),
(165, 16, 12, 29, 0, 0, '2023-05-26 03:46:02', '2023-05-26 03:46:02'),
(166, 25, 12, 29, 0, 0, '2023-05-26 03:46:02', '2023-05-26 03:46:02'),
(167, 26, 12, 29, 0, 0, '2023-05-26 03:46:02', '2023-05-26 03:46:02'),
(168, 27, 3, 3, 0, 0, '2023-05-26 04:05:42', '2023-05-26 04:05:42'),
(169, 27, 4, 4, 0, 0, '2023-05-26 04:05:42', '2023-05-26 04:05:42'),
(170, 27, 5, 5, 0, 0, '2023-05-26 04:05:42', '2023-05-26 04:05:42'),
(171, 27, 6, 15, 0, 0, '2023-05-26 04:05:42', '2023-05-26 04:05:42'),
(172, 29, 3, 3, 0, 0, '2023-05-26 04:08:12', '2023-05-26 04:08:12'),
(173, 29, 4, 4, 0, 0, '2023-05-26 04:08:12', '2023-05-26 04:08:12'),
(174, 29, 5, 5, 0, 0, '2023-05-26 04:08:12', '2023-05-26 04:08:12'),
(175, 29, 6, 15, 0, 0, '2023-05-26 04:08:12', '2023-05-26 04:08:12'),
(176, 30, 3, 3, 0, 0, '2023-05-26 04:08:12', '2023-05-26 04:08:12'),
(177, 30, 4, 4, 0, 0, '2023-05-26 04:08:12', '2023-05-26 04:08:12'),
(178, 30, 5, 5, 0, 0, '2023-05-26 04:08:12', '2023-05-26 04:08:12'),
(179, 30, 6, 15, 0, 0, '2023-05-26 04:08:12', '2023-05-26 04:08:12'),
(180, 1, 13, 31, 0, 0, '2023-05-26 04:14:10', '2023-05-26 04:14:10'),
(181, 2, 13, 31, 0, 0, '2023-05-26 04:14:10', '2023-05-26 04:14:10'),
(182, 3, 13, 31, 0, 0, '2023-05-26 04:14:10', '2023-05-26 04:14:10'),
(183, 4, 13, 31, 0, 0, '2023-05-26 04:14:10', '2023-05-26 04:14:10'),
(184, 5, 13, 31, 0, 0, '2023-05-26 04:14:10', '2023-05-26 04:14:10'),
(185, 6, 13, 31, 0, 0, '2023-05-26 04:14:10', '2023-05-26 04:14:10'),
(186, 7, 13, 31, 0, 0, '2023-05-26 04:14:10', '2023-05-26 04:14:10'),
(187, 8, 13, 31, 0, 0, '2023-05-26 04:14:10', '2023-05-26 04:14:10'),
(188, 9, 13, 31, 0, 0, '2023-05-26 04:14:10', '2023-05-26 04:14:10'),
(189, 10, 13, 31, 0, 0, '2023-05-26 04:14:10', '2023-05-26 04:14:10'),
(190, 11, 13, 31, 0, 0, '2023-05-26 04:14:10', '2023-05-26 04:14:10'),
(191, 12, 13, 31, 0, 0, '2023-05-26 04:14:10', '2023-05-26 04:14:10'),
(192, 13, 13, 31, 0, 0, '2023-05-26 04:14:10', '2023-05-26 04:14:10'),
(193, 14, 13, 31, 0, 0, '2023-05-26 04:14:10', '2023-05-26 04:14:10'),
(194, 15, 13, 31, 0, 0, '2023-05-26 04:14:10', '2023-05-26 04:14:10'),
(195, 16, 13, 31, 0, 0, '2023-05-26 04:14:10', '2023-05-26 04:14:10'),
(196, 25, 13, 31, 0, 0, '2023-05-26 04:14:10', '2023-05-26 04:14:10'),
(197, 26, 13, 31, 0, 0, '2023-05-26 04:14:10', '2023-05-26 04:14:10'),
(198, 29, 13, 31, 0, 0, '2023-05-26 04:14:10', '2023-05-26 04:14:10'),
(199, 30, 13, 31, 0, 0, '2023-05-26 04:14:10', '2023-05-26 04:14:10'),
(200, 1, 28, 32, 0, 0, '2023-05-26 07:56:12', '2023-05-26 07:56:12'),
(201, 2, 28, 32, 0, 0, '2023-05-26 07:56:12', '2023-05-26 07:56:12'),
(202, 3, 28, 32, 0, 0, '2023-05-26 07:56:12', '2023-05-26 07:56:12'),
(203, 4, 28, 32, 0, 0, '2023-05-26 07:56:12', '2023-05-26 07:56:12'),
(204, 5, 28, 32, 0, 0, '2023-05-26 07:56:12', '2023-05-26 07:56:12'),
(205, 6, 28, 32, 0, 0, '2023-05-26 07:56:12', '2023-05-26 07:56:12'),
(206, 7, 28, 32, 0, 0, '2023-05-26 07:56:12', '2023-05-26 07:56:12'),
(207, 8, 28, 32, 0, 0, '2023-05-26 07:56:12', '2023-05-26 07:56:12'),
(208, 9, 28, 32, 0, 0, '2023-05-26 07:56:12', '2023-05-26 07:56:12'),
(209, 10, 28, 32, 0, 0, '2023-05-26 07:56:12', '2023-05-26 07:56:12'),
(210, 11, 28, 32, 0, 0, '2023-05-26 07:56:12', '2023-05-26 07:56:12'),
(211, 12, 28, 32, 0, 0, '2023-05-26 07:56:12', '2023-05-26 07:56:12'),
(212, 13, 28, 32, 0, 0, '2023-05-26 07:56:12', '2023-05-26 07:56:12'),
(213, 14, 28, 32, 0, 0, '2023-05-26 07:56:12', '2023-05-26 07:56:12'),
(214, 15, 28, 32, 0, 0, '2023-05-26 07:56:12', '2023-05-26 07:56:12'),
(215, 16, 28, 32, 0, 0, '2023-05-26 07:56:12', '2023-05-26 07:56:12'),
(216, 1, 29, 33, 0, 0, '2023-05-26 07:59:21', '2023-05-26 07:59:21'),
(217, 2, 29, 33, 0, 0, '2023-05-26 07:59:21', '2023-05-26 07:59:21'),
(218, 3, 29, 33, 0, 0, '2023-05-26 07:59:21', '2023-05-26 07:59:21'),
(219, 4, 29, 33, 0, 0, '2023-05-26 07:59:21', '2023-05-26 07:59:21'),
(220, 5, 29, 33, 0, 0, '2023-05-26 07:59:21', '2023-05-26 07:59:21'),
(221, 6, 29, 33, 0, 0, '2023-05-26 07:59:21', '2023-05-26 07:59:21'),
(222, 7, 29, 33, 0, 0, '2023-05-26 07:59:21', '2023-05-26 07:59:21'),
(223, 8, 29, 33, 0, 0, '2023-05-26 07:59:21', '2023-05-26 07:59:21'),
(224, 9, 29, 33, 0, 0, '2023-05-26 07:59:21', '2023-05-26 07:59:21'),
(225, 10, 29, 33, 0, 0, '2023-05-26 07:59:21', '2023-05-26 07:59:21'),
(226, 11, 29, 33, 0, 0, '2023-05-26 07:59:21', '2023-05-26 07:59:21'),
(227, 12, 29, 33, 0, 0, '2023-05-26 07:59:21', '2023-05-26 07:59:21'),
(228, 13, 29, 33, 0, 0, '2023-05-26 07:59:21', '2023-05-26 07:59:21'),
(229, 14, 29, 33, 0, 0, '2023-05-26 07:59:21', '2023-05-26 07:59:21'),
(230, 15, 29, 33, 0, 0, '2023-05-26 07:59:21', '2023-05-26 07:59:21'),
(231, 16, 29, 33, 0, 0, '2023-05-26 07:59:21', '2023-05-26 07:59:21'),
(232, 25, 29, 33, 0, 0, '2023-05-26 07:59:21', '2023-05-26 07:59:21'),
(233, 26, 29, 33, 0, 0, '2023-05-26 07:59:21', '2023-05-26 07:59:21'),
(234, 29, 29, 33, 0, 0, '2023-05-26 07:59:21', '2023-05-26 07:59:21'),
(235, 30, 29, 33, 0, 0, '2023-05-26 07:59:21', '2023-05-26 07:59:21'),
(236, 31, 3, 3, 0, 0, '2023-05-26 09:28:41', '2023-05-26 09:28:41'),
(237, 31, 4, 4, 0, 0, '2023-05-26 09:28:41', '2023-05-26 09:28:41'),
(238, 31, 5, 5, 0, 0, '2023-05-26 09:28:41', '2023-05-26 09:28:41'),
(239, 31, 6, 15, 0, 0, '2023-05-26 09:28:41', '2023-05-26 09:28:41'),
(240, 31, 29, 33, 0, 0, '2023-05-26 09:28:41', '2023-05-26 09:28:41'),
(241, 32, 3, 3, 0, 0, '2023-05-26 09:28:41', '2023-05-26 09:28:41'),
(242, 32, 4, 4, 0, 0, '2023-05-26 09:28:41', '2023-05-26 09:28:41'),
(243, 32, 5, 5, 0, 0, '2023-05-26 09:28:41', '2023-05-26 09:28:41'),
(244, 32, 6, 15, 0, 0, '2023-05-26 09:28:41', '2023-05-26 09:28:41'),
(245, 32, 29, 33, 0, 0, '2023-05-26 09:28:41', '2023-05-26 09:28:41'),
(246, 33, 3, 3, 0, 0, '2023-05-26 09:46:18', '2023-05-26 09:46:18'),
(247, 33, 4, 4, 0, 0, '2023-05-26 09:46:18', '2023-05-26 09:46:18'),
(248, 33, 5, 5, 0, 0, '2023-05-26 09:46:18', '2023-05-26 09:46:18'),
(249, 33, 6, 15, 0, 0, '2023-05-26 09:46:18', '2023-05-26 09:46:18'),
(250, 33, 29, 33, 0, 0, '2023-05-26 09:46:18', '2023-05-26 09:46:18'),
(251, 34, 3, 3, 0, 0, '2023-05-26 09:49:58', '2023-05-26 09:49:58'),
(252, 34, 4, 4, 0, 0, '2023-05-26 09:49:58', '2023-05-26 09:49:58'),
(253, 34, 5, 5, 0, 0, '2023-05-26 09:49:58', '2023-05-26 09:49:58'),
(254, 34, 6, 15, 0, 0, '2023-05-26 09:49:58', '2023-05-26 09:49:58'),
(255, 34, 29, 33, 0, 0, '2023-05-26 09:49:58', '2023-05-26 09:49:58'),
(256, 35, 3, 3, 0, 0, '2023-05-26 09:49:58', '2023-05-26 09:49:58'),
(257, 35, 4, 4, 0, 0, '2023-05-26 09:49:58', '2023-05-26 09:49:58'),
(258, 35, 5, 5, 0, 0, '2023-05-26 09:49:58', '2023-05-26 09:49:58'),
(259, 35, 6, 15, 0, 0, '2023-05-26 09:49:58', '2023-05-26 09:49:58'),
(260, 35, 29, 33, 0, 0, '2023-05-26 09:49:58', '2023-05-26 09:49:58');

-- --------------------------------------------------------

--
-- Table structure for table `sales_stok_details`
--

CREATE TABLE `sales_stok_details` (
  `id` bigint(20) UNSIGNED NOT NULL,
  `id_sales_stok` bigint(20) UNSIGNED NOT NULL,
  `id_product` bigint(20) UNSIGNED NOT NULL,
  `nama_produk` varchar(255) COLLATE utf8mb4_unicode_ci NOT NULL,
  `jumlah` int(11) NOT NULL,
  `harga_jual` int(11) NOT NULL,
  `total` int(11) NOT NULL,
  `created_at` timestamp NULL DEFAULT NULL,
  `updated_at` timestamp NULL DEFAULT NULL
) ENGINE=InnoDB DEFAULT CHARSET=utf8mb4 COLLATE=utf8mb4_unicode_ci;

-- --------------------------------------------------------

--
-- Table structure for table `sales_stok_histories`
--

CREATE TABLE `sales_stok_histories` (
  `id` bigint(20) UNSIGNED NOT NULL,
  `id_group` bigint(20) UNSIGNED NOT NULL,
  `id_distributor` bigint(20) UNSIGNED NOT NULL,
  `id_owner` bigint(20) UNSIGNED NOT NULL,
  `id_input` bigint(20) UNSIGNED NOT NULL,
  `nama_input` varchar(255) COLLATE utf8mb4_unicode_ci NOT NULL,
  `id_approve` bigint(20) UNSIGNED NOT NULL,
  `nama_approve` varchar(255) COLLATE utf8mb4_unicode_ci NOT NULL,
  `jumlah_barang` int(11) NOT NULL,
  `total` int(11) NOT NULL,
  `status` tinyint(1) NOT NULL,
  `created_at` timestamp NULL DEFAULT NULL,
  `updated_at` timestamp NULL DEFAULT NULL
) ENGINE=InnoDB DEFAULT CHARSET=utf8mb4 COLLATE=utf8mb4_unicode_ci;

-- --------------------------------------------------------

--
-- Table structure for table `supply_details`
--

CREATE TABLE `supply_details` (
  `id` bigint(20) UNSIGNED NOT NULL,
  `id_supply` bigint(20) UNSIGNED NOT NULL,
  `id_product` bigint(20) UNSIGNED NOT NULL,
  `nama_produk` varchar(255) COLLATE utf8mb4_unicode_ci NOT NULL,
  `jumlah` int(11) NOT NULL,
  `harga` int(11) NOT NULL,
  `total` int(11) NOT NULL,
  `created_at` timestamp NULL DEFAULT NULL,
  `updated_at` timestamp NULL DEFAULT NULL
) ENGINE=InnoDB DEFAULT CHARSET=utf8mb4 COLLATE=utf8mb4_unicode_ci;

--
-- Dumping data for table `supply_details`
--

INSERT INTO `supply_details` (`id`, `id_supply`, `id_product`, `nama_produk`, `jumlah`, `harga`, `total`, `created_at`, `updated_at`) VALUES
(1, 1, 6, 'Aqua Man', 10, 11000, 110000, '2023-05-25 09:24:14', '2023-05-25 09:24:14'),
(2, 2, 419, 'Parfum Aqua', 20, 15000, 300000, '2023-05-26 04:12:49', '2023-05-26 04:12:49'),
(3, 2, 431, 'Parfum Mentol', 20, 20000, 400000, '2023-05-26 04:12:49', '2023-05-26 04:12:49');

-- --------------------------------------------------------

--
-- Table structure for table `supply_histories`
--

CREATE TABLE `supply_histories` (
  `id` bigint(20) UNSIGNED NOT NULL,
  `kode_pasok` varchar(255) COLLATE utf8mb4_unicode_ci NOT NULL,
  `nama_supplier` varchar(255) COLLATE utf8mb4_unicode_ci NOT NULL,
  `surat_jalan` varchar(255) COLLATE utf8mb4_unicode_ci NOT NULL,
  `id_input` bigint(20) UNSIGNED NOT NULL,
  `nama_input` varchar(255) COLLATE utf8mb4_unicode_ci NOT NULL,
  `total` int(11) NOT NULL,
  `metode_pembayaran` varchar(255) COLLATE utf8mb4_unicode_ci NOT NULL,
  `created_at` timestamp NULL DEFAULT NULL,
  `updated_at` timestamp NULL DEFAULT NULL
) ENGINE=InnoDB DEFAULT CHARSET=utf8mb4 COLLATE=utf8mb4_unicode_ci;

--
-- Dumping data for table `supply_histories`
--

INSERT INTO `supply_histories` (`id`, `kode_pasok`, `nama_supplier`, `surat_jalan`, `id_input`, `nama_input`, `total`, `metode_pembayaran`, `created_at`, `updated_at`) VALUES
(1, 'P0001', 'pabrik fls', 'asd', 1, 'Superadmin Astana', 110000, 'tunai', '2023-05-25 09:24:14', '2023-05-25 09:24:14'),
(2, 'PS0001', 'pabrik fls', 'SJ', 1, 'Superadmin Astana', 700000, 'bank', '2023-05-26 04:12:49', '2023-05-26 04:12:49');

-- --------------------------------------------------------

--
-- Table structure for table `tracking_sales_details`
--

CREATE TABLE `tracking_sales_details` (
  `id` bigint(20) UNSIGNED NOT NULL,
  `id_tracking_sales` bigint(20) UNSIGNED NOT NULL,
  `id_produk` bigint(20) UNSIGNED NOT NULL,
  `nama_produk` varchar(255) COLLATE utf8mb4_unicode_ci NOT NULL,
  `jumlah` int(11) NOT NULL,
  `harga` int(11) NOT NULL,
  `total` int(11) NOT NULL,
  `crm_poin_distributor` int(11) NOT NULL,
  `crm_poin_sales` int(11) NOT NULL,
  `bonus_penjualan_sales` int(11) NOT NULL,
  `created_at` timestamp NULL DEFAULT NULL,
  `updated_at` timestamp NULL DEFAULT NULL
) ENGINE=InnoDB DEFAULT CHARSET=utf8mb4 COLLATE=utf8mb4_unicode_ci;

--
-- Dumping data for table `tracking_sales_details`
--

INSERT INTO `tracking_sales_details` (`id`, `id_tracking_sales`, `id_produk`, `nama_produk`, `jumlah`, `harga`, `total`, `crm_poin_distributor`, `crm_poin_sales`, `bonus_penjualan_sales`, `created_at`, `updated_at`) VALUES
(1, 2, 46, 'Aqua man 6ml', 1, 10000, 10000, 0, 0, 0, '2022-11-05 04:46:03', '2022-11-05 04:46:03'),
(2, 3, 52, 'Angel Blossom 6ml', 1, 49000, 49000, 0, 0, 0, '2022-11-05 04:46:47', '2022-11-05 04:46:47'),
(3, 4, 40, 'Vanilla 6ml', 1, 10000, 10000, 0, 0, 0, '2022-11-05 04:47:34', '2022-11-05 04:47:34'),
(4, 5, 52, 'Angel Blossom 6ml', 1, 49000, 49000, 0, 0, 0, '2022-11-05 04:48:51', '2022-11-05 04:48:51'),
(5, 6, 40, 'Vanilla 6ml', 1, 10000, 10000, 0, 0, 0, '2022-11-05 04:51:01', '2022-11-05 04:51:01'),
(6, 7, 52, 'Angel Blossom 6ml', 1, 49000, 49000, 0, 0, 0, '2022-11-05 04:51:32', '2022-11-05 04:51:32'),
(7, 8, 17, 'Aqua Man', 1, 50000, 50000, 0, 0, 3800, '2022-11-07 09:27:42', '2022-11-07 09:27:42'),
(8, 9, 34, 'Sugar Baby 6ml', 4, 10000, 40000, 0, 0, -800, '2022-11-07 09:34:57', '2022-11-07 09:34:57'),
(9, 9, 40, 'Vanilla 6ml', 2, 10000, 20000, 0, 0, -400, '2022-11-07 09:34:57', '2022-11-07 09:34:57'),
(10, 9, 46, 'Aqua man 6ml', 6, 10000, 60000, 0, 0, -1200, '2022-11-07 09:34:57', '2022-11-07 09:34:57'),
(11, 9, 52, 'Angel Blossom 6ml', 1, 10000, 10000, 0, 0, -200, '2022-11-07 09:34:57', '2022-11-07 09:34:57'),
(12, 9, 58, 'British Rose 6ml', 2, 10000, 20000, 0, 0, 1000, '2022-11-07 09:34:57', '2022-11-07 09:34:57'),
(13, 10, 34, 'Sugar Baby 6ml', 1, 10000, 10000, 0, 0, -200, '2022-11-09 04:47:01', '2022-11-09 04:47:01'),
(14, 11, 17, 'Aqua Man', 2, 50000, 100000, 0, 0, 7600, '2022-11-09 04:49:29', '2022-11-09 04:49:29'),
(15, 12, 58, 'British Rose 6ml', 1, 10000, 10000, 0, 0, 500, '2022-11-09 04:53:29', '2022-11-09 04:53:29'),
(16, 13, 34, 'Sugar Baby 6ml', 10, 10000, 100000, 0, 0, -2000, '2022-11-09 04:59:25', '2022-11-09 04:59:25'),
(17, 13, 46, 'Aqua man 6ml', 4, 10000, 40000, 0, 0, -800, '2022-11-09 04:59:25', '2022-11-09 04:59:25'),
(18, 13, 40, 'Vanilla 6ml', 4, 10000, 40000, 0, 0, -800, '2022-11-09 04:59:25', '2022-11-09 04:59:25'),
(19, 13, 58, 'British Rose 6ml', 1, 10000, 10000, 0, 0, 500, '2022-11-09 04:59:25', '2022-11-09 04:59:25'),
(20, 14, 16, 'Angel Blossom', 1, 50000, 50000, 0, 0, 3800, '2022-11-11 03:38:56', '2022-11-11 03:38:56'),
(21, 14, 17, 'Aqua Man', 1, 50000, 50000, 0, 0, 3800, '2022-11-11 03:38:56', '2022-11-11 03:38:56'),
(22, 15, 16, 'Angel Blossom', 1, 50000, 50000, 0, 0, 3800, '2022-11-11 03:40:14', '2022-11-11 03:40:14'),
(23, 15, 17, 'Aqua Man', 1, 50000, 50000, 0, 0, 3800, '2022-11-11 03:40:14', '2022-11-11 03:40:14'),
(24, 16, 16, 'Angel Blossom', 1, 50000, 50000, 0, 0, 3800, '2022-11-11 03:41:35', '2022-11-11 03:41:35'),
(25, 16, 17, 'Aqua Man', 1, 50000, 50000, 0, 0, 3800, '2022-11-11 03:41:35', '2022-11-11 03:41:35'),
(26, 17, 16, 'Angel Blossom', 1, 50000, 50000, 0, 0, 3800, '2022-11-15 07:51:58', '2022-11-15 07:51:58'),
(27, 17, 17, 'Aqua Man', 1, 50000, 50000, 0, 0, 3800, '2022-11-15 07:51:58', '2022-11-15 07:51:58'),
(28, 18, 16, 'Angel Blossom', 1, 50000, 50000, 0, 0, 3800, '2022-11-16 01:35:05', '2022-11-16 01:35:05'),
(29, 18, 17, 'Aqua Man', 1, 50000, 50000, 0, 0, 3800, '2022-11-16 01:35:05', '2022-11-16 01:35:05'),
(30, 19, 16, 'Angel Blossom', 3, 50000, 150000, 0, 0, 11400, '2022-11-16 09:09:47', '2022-11-16 09:09:47'),
(31, 20, 16, 'Angel Blossom', 3, 50000, 150000, 0, 0, 11400, '2022-11-16 09:11:54', '2022-11-16 09:11:54'),
(32, 21, 16, 'Angel Blossom', 2, 50000, 100000, 0, 0, 7600, '2022-11-17 04:37:03', '2022-11-17 04:37:03'),
(33, 21, 17, 'Aqua Man', 1, 50000, 50000, 0, 0, 3800, '2022-11-17 04:37:03', '2022-11-17 04:37:03'),
(34, 22, 17, 'Aqua Man', 2, 50000, 100000, 0, 0, 7600, '2022-11-17 05:36:32', '2022-11-17 05:36:32'),
(35, 22, 16, 'Angel Blossom', 1, 50000, 50000, 0, 0, 3800, '2022-11-17 05:36:32', '2022-11-17 05:36:32'),
(36, 23, 17, 'Aqua Man', 3, 50000, 150000, 0, 0, 11400, '2022-11-17 12:15:21', '2022-11-17 12:15:21'),
(37, 24, 17, 'Aqua Man', 1, 50000, 50000, 0, 0, 3800, '2022-11-18 06:55:07', '2022-11-18 06:55:07'),
(38, 25, 16, 'Angel Blossom', 2, 50000, 100000, 0, 0, 7600, '2022-11-19 04:38:20', '2022-11-19 04:38:20'),
(39, 25, 17, 'Aqua Man', 1, 50000, 50000, 0, 0, 3800, '2022-11-19 04:38:20', '2022-11-19 04:38:20'),
(40, 26, 17, 'Aqua Man', 3, 50000, 150000, 0, 0, 11400, '2022-11-21 03:02:22', '2022-11-21 03:02:22'),
(41, 27, 16, 'Angel Blossom', 2, 50000, 100000, 0, 0, 7600, '2022-11-24 02:50:34', '2022-11-24 02:50:34'),
(42, 27, 17, 'Aqua Man', 1, 50000, 50000, 0, 0, 3800, '2022-11-24 02:50:34', '2022-11-24 02:50:34'),
(43, 28, 16, 'Angel Blossom', 3, 50000, 150000, 0, 0, 11400, '2022-11-24 02:51:11', '2022-11-24 02:51:11'),
(44, 29, 16, 'Angel Blossom', 1, 50000, 50000, 0, 0, 3800, '2022-11-24 02:52:03', '2022-11-24 02:52:03'),
(45, 30, 16, 'Angel Blossom', 9, 50000, 450000, 0, 0, 34200, '2023-01-06 04:17:55', '2023-01-06 04:17:55');

-- --------------------------------------------------------

--
-- Table structure for table `tracking_sales_histories`
--

CREATE TABLE `tracking_sales_histories` (
  `id` bigint(20) UNSIGNED NOT NULL,
  `id_group` bigint(20) UNSIGNED NOT NULL,
  `id_reseller` bigint(20) UNSIGNED NOT NULL,
  `nama_toko` varchar(255) COLLATE utf8mb4_unicode_ci NOT NULL,
  `longitude` varchar(255) COLLATE utf8mb4_unicode_ci NOT NULL,
  `latitude` varchar(255) COLLATE utf8mb4_unicode_ci NOT NULL,
  `address` varchar(255) COLLATE utf8mb4_unicode_ci NOT NULL,
  `nilai` varchar(255) COLLATE utf8mb4_unicode_ci NOT NULL,
  `saran` varchar(255) COLLATE utf8mb4_unicode_ci NOT NULL,
  `total` int(11) NOT NULL DEFAULT 0,
  `total_crm_poin_distributor` int(11) NOT NULL,
  `total_crm_poin_sales` int(11) NOT NULL,
  `total_bonus_penjualan_sales` int(11) NOT NULL,
  `id_reset_poin_crm_distributor` bigint(20) UNSIGNED NOT NULL,
  `id_reset_poin_crm` bigint(20) UNSIGNED NOT NULL,
  `id_akumulasi_bonus_penjualan_sales` int(11) NOT NULL,
  `created_at` timestamp NULL DEFAULT NULL,
  `updated_at` timestamp NULL DEFAULT NULL
) ENGINE=InnoDB DEFAULT CHARSET=utf8mb4 COLLATE=utf8mb4_unicode_ci;

--
-- Dumping data for table `tracking_sales_histories`
--

INSERT INTO `tracking_sales_histories` (`id`, `id_group`, `id_reseller`, `nama_toko`, `longitude`, `latitude`, `address`, `nilai`, `saran`, `total`, `total_crm_poin_distributor`, `total_crm_poin_sales`, `total_bonus_penjualan_sales`, `id_reset_poin_crm_distributor`, `id_reset_poin_crm`, `id_akumulasi_bonus_penjualan_sales`, `created_at`, `updated_at`) VALUES
(1, 3, 9, 'toko pak bagus', '106.8945456', '-6.1588448', 'jagir / wonokromo', 'Sangat Baik', 'tertarik', 0, 0, 0, 0, 0, 0, 0, '2022-11-05 04:44:25', '2022-11-05 04:44:25'),
(2, 3, 9, 'pak handoyo', '106.8945456', '-6.1588448', 'wiyung sekolah ybpk', 'Sangat Baik', 'tertarik', 10000, 0, 0, 0, 0, 0, 0, '2022-11-05 04:46:03', '2022-11-05 04:46:03'),
(3, 3, 9, 'bu dwi', '106.8945456', '-6.1588448', 'wiyung sekolah ybpk ( guru )', 'Baik', 'tertarik', 49000, 0, 0, 0, 0, 0, 0, '2022-11-05 04:46:47', '2022-11-05 04:46:47'),
(4, 3, 9, 'pak tono', '106.8945456', '-6.1588448', 'smp ybpk ( kuli )', 'Sangat Baik', 'tertarik', 10000, 0, 0, 0, 0, 0, 0, '2022-11-05 04:47:34', '2022-11-05 04:47:34'),
(5, 3, 9, 'pak hari', '106.8945456', '-6.1588448', 'wiyung Gg bakti no 37', 'Sangat Baik', 'tertarik', 49000, 0, 0, 0, 0, 0, 0, '2022-11-05 04:48:51', '2022-11-05 04:48:51'),
(6, 3, 9, 'pak jhon', '106.8945456', '-6.1588448', 'wiyung Gg 4', 'Sangat Baik', 'tertarik', 10000, 0, 0, 0, 0, 0, 0, '2022-11-05 04:51:01', '2022-11-05 04:51:01'),
(7, 3, 9, 'om emos', '106.8945456', '-6.1588448', 'wiyung Gg 1 no 17 a', 'Sangat Baik', 'tertarik', 49000, 0, 0, 0, 0, 0, 0, '2022-11-05 04:51:32', '2022-11-05 04:51:32'),
(8, 3, 9, 'kak margaretha', '106.8945456', '-6.1588448', 'sambi sari ( YPTC)', 'Sangat Baik', 'akan memesan lagi (081262929163)', 50000, 0, 0, 3800, 0, 0, 0, '2022-11-07 09:27:42', '2022-11-07 09:27:42'),
(9, 3, 9, 'mbak mifta', '106.8945456', '-6.1588448', 'Kalijudan Gg X no 80 a', 'Sangat Baik', 'akan memesan lagi ( reseller 085887761644)', 150000, 0, 0, -1600, 0, 0, 0, '2022-11-07 09:34:57', '2022-11-07 09:34:57'),
(10, 3, 9, 'mas fikri', '106.845599', '-6.2087634', 'kalijudan', 'Sangat Baik', '085859880801', 10000, 0, 0, -200, 0, 0, 0, '2022-11-09 04:47:01', '2022-11-09 04:47:01'),
(11, 3, 9, 'mas frans (saudara )', '106.845599', '-6.2087634', 'dau regency', 'Sangat Baik', '081252863016', 100000, 0, 0, 7600, 0, 0, 0, '2022-11-09 04:49:29', '2022-11-09 04:49:29'),
(12, 3, 9, 'Mbak Sheren', '106.845599', '-6.2087634', 'Sememi Uka Gg XX B', 'Sangat Baik', '081235262936', 10000, 0, 0, 500, 0, 0, 0, '2022-11-09 04:53:29', '2022-11-09 04:53:29'),
(13, 3, 9, 'Mbak Nur Salon Ozie', '106.845599', '-6.2087634', 'Unesa', 'Sangat Baik', '081333323083', 190000, 0, 0, -3100, 0, 0, 0, '2022-11-09 04:59:25', '2022-11-09 04:59:25'),
(14, 3, 9, 'Bapak onny', '112.6374572', '-7.3376433', 'Embong kenongo 77', 'Sangat Baik', '+62 813-5790-2118', 100000, 0, 0, 7600, 0, 0, 0, '2022-11-11 03:38:56', '2022-11-11 03:38:56'),
(15, 3, 9, 'Mbak retno', '112.6375122', '-7.3375916', 'Ploso', 'Sangat Baik', '+62 812-5260-0405', 100000, 0, 0, 7600, 0, 0, 0, '2022-11-11 03:40:14', '2022-11-11 03:40:14'),
(16, 3, 9, 'Mbak ivana', '112.6375336', '-7.3375678', 'Jl. Opak', 'Sangat Baik', '+62 882-3597-2753', 100000, 0, 0, 7600, 0, 0, 0, '2022-11-11 03:41:35', '2022-11-11 03:41:35'),
(17, 3, 9, 'Mem erna', '112.6871683', '-7.2631156', 'Smp kristen ybpk 4 surabaya', 'Sangat Baik', '+62 895-2842-7772', 100000, 0, 0, 7600, 0, 0, 0, '2022-11-15 07:51:58', '2022-11-15 07:51:58'),
(18, 3, 9, 'Mas febry deus', '112.6871677', '-7.2631203', 'Deus code', 'Sangat Baik', 'Tertarik (+62 856-3490-938)', 100000, 0, 0, 7600, 0, 0, 0, '2022-11-16 01:35:05', '2022-11-16 01:35:05'),
(19, 3, 9, 'Mas rian', '112.6871303', '-7.2630775', 'Tenggilis mejoyo', 'Sangat Baik', '082234448778', 150000, 0, 0, 11400, 0, 0, 0, '2022-11-16 09:09:47', '2022-11-16 09:09:47'),
(20, 3, 9, 'Nola', '112.6871288', '-7.2630783', 'Manukan', 'Sangat Baik', '081913322564', 150000, 0, 0, 11400, 0, 0, 0, '2022-11-16 09:11:54', '2022-11-16 09:11:54'),
(21, 3, 9, 'mbak camila', '112.6326321', '-7.9666204', 'adicipta dukuh pakis', 'Sangat Baik', '0895397091340', 150000, 0, 0, 11400, 0, 0, 0, '2022-11-17 04:37:03', '2022-11-17 04:37:03'),
(22, 3, 9, 'Bapak amok', '112.6956345', '-7.3137069', 'Smp kristen ybpk 4 surabaya', 'Sangat Baik', '0813-5705-4086', 150000, 0, 0, 11400, 0, 0, 0, '2022-11-17 05:36:32', '2022-11-17 05:36:32'),
(23, 3, 9, 'Mbak azza', '112.7334086', '-7.3052543', 'Jenis Kulon baru', 'Sangat Baik', '085706362557', 150000, 0, 0, 11400, 0, 0, 0, '2022-11-17 12:15:21', '2022-11-17 12:15:21'),
(24, 3, 9, 'kak margaretha', '112.6326321', '-7.9666204', 'sambisari', 'Sangat Baik', 'ini inputan sebelumnya karena sebelumnnya hanya diinput 1 pcs yang seharusnya di input 2 pcs aquman', 50000, 0, 0, 3800, 0, 0, 0, '2022-11-18 06:55:07', '2022-11-18 06:55:07'),
(25, 3, 9, 'Mas rend', '112.6706777', '-7.3156838', 'Benowo indah', 'Sangat Baik', '+62 877-5908-0985', 150000, 0, 0, 11400, 0, 0, 0, '2022-11-19 04:38:20', '2022-11-19 04:38:20'),
(26, 3, 9, 'Mas sumadiq', '112.6871708', '-7.2631141', 'Sidoarjo', 'Sangat Baik', '+62 823-3136-5796', 150000, 0, 0, 11400, 0, 0, 0, '2022-11-21 03:02:22', '2022-11-21 03:02:22'),
(27, 3, 9, 'CUSTOMER BUNGKUL', '112.7520883', '-7.2574719', 'BUNGKUL', 'Sangat Baik', 'Tidak dapat nomer hape', 150000, 0, 0, 11400, 0, 0, 0, '2022-11-24 02:50:34', '2022-11-24 02:50:34'),
(28, 3, 9, 'customer bungkul', '112.7520883', '-7.2574719', 'bungkul', 'Sangat Baik', 'Tidak dapat nomer hape', 150000, 0, 0, 11400, 0, 0, 0, '2022-11-24 02:51:11', '2022-11-24 02:51:11'),
(29, 3, 9, 'customer bungkul', '112.7520883', '-7.2574719', 'BUNGKUL', 'Sangat Baik', 'tidak dapat', 50000, 0, 0, 3800, 0, 0, 0, '2022-11-24 02:52:03', '2022-11-24 02:52:03'),
(30, 3, 9, 'Bapak onny', '112.6706459', '-7.3157294', 'Jl. Opak', 'Baik', '082234448778', 450000, 0, 0, 34200, 0, 0, 0, '2023-01-06 04:17:55', '2023-01-06 04:17:55'),
(31, 5, 16, 'Toko serba ada', '112.6871489', '-7.2631035', 'Tandes', 'Sangat Baik', 'Lama', 0, 0, 0, 0, 0, 0, 0, '2023-02-02 07:53:35', '2023-02-02 07:53:35');

-- --------------------------------------------------------

--
-- Table structure for table `transaction_details`
--

CREATE TABLE `transaction_details` (
  `id` bigint(20) UNSIGNED NOT NULL,
  `id_transaction` bigint(20) UNSIGNED NOT NULL,
  `nama_produk` varchar(255) COLLATE utf8mb4_unicode_ci NOT NULL,
  `jumlah` varchar(255) COLLATE utf8mb4_unicode_ci NOT NULL,
  `harga` int(11) NOT NULL,
  `total` int(11) NOT NULL,
  `id_product` int(11) NOT NULL,
  `crm_poin_distributor` int(11) NOT NULL,
  `created_at` timestamp NULL DEFAULT NULL,
  `updated_at` timestamp NULL DEFAULT NULL
) ENGINE=InnoDB DEFAULT CHARSET=utf8mb4 COLLATE=utf8mb4_unicode_ci;

--
-- Dumping data for table `transaction_details`
--

INSERT INTO `transaction_details` (`id`, `id_transaction`, `nama_produk`, `jumlah`, `harga`, `total`, `id_product`, `crm_poin_distributor`, `created_at`, `updated_at`) VALUES
(3, 3, 'aaaaa', '200', 1000, 200000, 1, 0, '2023-05-18 15:03:00', '2023-05-18 15:03:00'),
(4, 2, 'Aqua Man', '6', 12000, 72000, 6, 0, '2023-05-16 08:45:58', '2023-05-16 08:45:58'),
(5, 3, 'Aqua Man', '20', 12000, 240000, 6, 0, '2023-05-16 15:11:24', '2023-05-16 15:11:24'),
(6, 4, 'Angel Blossom', '1', 25000, 25000, 5, 0, '2023-05-17 03:19:59', '2023-05-17 03:19:59'),
(7, 5, 'Angel Blossom', '1', 25000, 25000, 5, 0, '2023-05-17 03:28:08', '2023-05-17 03:28:08'),
(8, 6, 'Angel Blossom', '10', 15000, 150000, 5, 0, '2023-05-18 08:49:08', '2023-05-18 08:49:08'),
(9, 7, 'Angel Blossom', '20', 15000, 300000, 5, 0, '2023-05-18 08:49:08', '2023-05-18 08:49:08'),
(10, 8, 'Aqua Man', '10', 15000, 450000, 10, 0, '2023-05-18 08:49:08', '2023-05-18 08:49:08'),
(11, 9, 'Aqua Man', '40', 15000, 60000, 10, 0, '2023-05-18 08:49:08', '2023-05-18 08:49:08'),
(12, 6, 'Angel Blossom', '10', 15000, 150000, 5, 0, '2023-05-19 08:24:10', '2023-05-19 08:24:10'),
(13, 7, 'Angel Blossom', '20', 15000, 300000, 5, 0, '2023-05-19 08:24:10', '2023-05-19 08:24:10'),
(14, 8, 'Aqua Man', '10', 15000, 450000, 10, 0, '2023-05-19 08:24:10', '2023-05-19 08:24:10'),
(15, 9, 'Aqua Man', '40', 15000, 60000, 10, 0, '2023-05-19 08:24:10', '2023-05-19 08:24:10'),
(16, 6, 'Angel Blossom', '10', 15000, 150000, 5, 0, '2023-05-19 08:27:27', '2023-05-19 08:27:27'),
(17, 15, 'Angel Blossom', '20', 15000, 300000, 5, 0, '2023-05-19 08:27:27', '2023-05-19 08:27:27'),
(18, 16, 'Aqua Man', '10', 15000, 450000, 10, 0, '2023-05-19 08:27:27', '2023-05-19 08:27:27'),
(19, 17, 'Aqua Man', '40', 15000, 60000, 10, 0, '2023-05-19 08:27:27', '2023-05-19 08:27:27'),
(20, 18, 'British Rose', '3', 12000, 36000, 11, 0, '2023-05-20 02:35:27', '2023-05-20 02:35:27'),
(21, 18, 'Aqua Man', '1', 12000, 12000, 6, 0, '2023-05-20 02:35:27', '2023-05-20 02:35:27'),
(22, 19, 'Aqua Man', '2', 12000, 24000, 6, 0, '2023-05-21 04:44:31', '2023-05-21 04:44:31'),
(23, 20, 'British Rose', '3', 12000, 36000, 11, 0, '2023-05-21 06:28:51', '2023-05-21 06:28:51'),
(24, 21, 'Angel Blossom', '3', 25000, 75000, 5, 0, '2023-05-21 20:27:50', '2023-05-21 20:27:50'),
(25, 22, 'Angel Blossom', '5', 25000, 125000, 5, 0, '2023-05-21 20:31:28', '2023-05-21 20:31:28'),
(26, 23, 'Angel Blossom', '3', 25000, 75000, 5, 0, '2023-05-21 21:14:56', '2023-05-21 21:14:56'),
(29, 26, 'Aqua Man', '1', 12000, 12000, 6, 0, '2023-05-25 04:51:16', '2023-05-25 04:51:16'),
(30, 26, 'British Rose', '3', 12000, 36000, 11, 0, '2023-05-25 04:51:16', '2023-05-25 04:51:16'),
(31, 27, 'Aqua Man', '5', 12000, 60000, 6, 0, '2023-05-25 09:45:01', '2023-05-25 09:45:01'),
(32, 28, 'British Rose', '10', 12000, 120000, 11, 0, '2023-05-25 09:47:28', '2023-05-25 09:47:28'),
(33, 28, 'Aqua Man', '20', 12000, 240000, 6, 0, '2023-05-25 09:47:28', '2023-05-25 09:47:28'),
(34, 30, 'Aqua Man', '10', 12000, 120000, 6, 0, '2023-05-25 09:50:34', '2023-05-25 09:50:34'),
(35, 30, 'Aqua Man', '10', 12000, 120000, 6, 0, '2023-05-25 09:50:34', '2023-05-25 09:50:34'),
(36, 31, 'Parfum Aqua', '50', 20000, 1000000, 419, 0, '2023-05-26 05:39:36', '2023-05-26 05:39:36'),
(37, 32, 'Parfum Aqua', '10', 30000, 300000, 423, 0, '2023-05-26 06:12:09', '2023-05-26 06:12:09'),
(38, 33, 'Parfum Aqua', '50', 30000, 1500000, 423, 0, '2023-05-26 08:07:04', '2023-05-26 08:07:04');

-- --------------------------------------------------------

--
-- Table structure for table `transaction_detail_sells`
--

CREATE TABLE `transaction_detail_sells` (
  `id` bigint(20) UNSIGNED NOT NULL,
  `id_transaction` bigint(20) UNSIGNED NOT NULL,
  `nama_produk` varchar(255) COLLATE utf8mb4_unicode_ci NOT NULL,
  `jumlah` varchar(255) COLLATE utf8mb4_unicode_ci NOT NULL,
  `harga` int(11) NOT NULL,
  `total` int(11) NOT NULL,
  `id_product` int(11) NOT NULL,
  `crm_poin_distributor` int(11) NOT NULL,
  `crm_poin_reseller` int(11) NOT NULL,
  `created_at` timestamp NULL DEFAULT NULL,
  `updated_at` timestamp NULL DEFAULT NULL
) ENGINE=InnoDB DEFAULT CHARSET=utf8mb4 COLLATE=utf8mb4_unicode_ci;

--
-- Dumping data for table `transaction_detail_sells`
--

INSERT INTO `transaction_detail_sells` (`id`, `id_transaction`, `nama_produk`, `jumlah`, `harga`, `total`, `id_product`, `crm_poin_distributor`, `crm_poin_reseller`, `created_at`, `updated_at`) VALUES
(145, 67, 'Angel Blossom', '2', 25000, 50000, 5, 0, 0, '2022-11-08 04:10:15', '2022-11-08 04:10:15'),
(146, 67, 'Aqua Man', '1', 25000, 25000, 10, 0, 0, '2022-11-08 04:10:15', '2022-11-08 04:10:15'),
(147, 68, 'Angel Blossom', '1', 25000, 25000, 5, 0, 0, '2022-11-08 04:11:50', '2022-11-08 04:11:50'),
(148, 68, 'Aqua Man', '1', 25000, 25000, 10, 0, 0, '2022-11-08 04:11:50', '2022-11-08 04:11:50'),
(149, 68, 'British Rose', '1', 25000, 25000, 15, 0, 0, '2022-11-08 04:11:50', '2022-11-08 04:11:50'),
(150, 69, 'Angel Blossom', '1', 25000, 25000, 5, 0, 0, '2022-11-08 04:20:00', '2022-11-08 04:20:00'),
(151, 69, 'Aqua Man', '1', 25000, 25000, 10, 0, 0, '2022-11-08 04:20:00', '2022-11-08 04:20:00'),
(152, 69, 'British Rose', '1', 25000, 25000, 15, 0, 0, '2022-11-08 04:20:00', '2022-11-08 04:20:00'),
(153, 70, 'Angel Blossom', '1', 25000, 25000, 5, 0, 0, '2022-11-08 04:21:30', '2022-11-08 04:21:30'),
(154, 70, 'Aqua Man', '2', 25000, 50000, 10, 0, 0, '2022-11-08 04:21:30', '2022-11-08 04:21:30'),
(155, 71, 'Aqua Man', '3', 25000, 75000, 10, 0, 0, '2022-11-08 04:27:31', '2022-11-08 04:27:31'),
(156, 72, 'British Rose', '3', 25000, 75000, 15, 0, 0, '2022-11-08 04:29:29', '2022-11-08 04:29:29'),
(157, 73, 'Angel Blossom', '1', 25000, 25000, 5, 0, 0, '2022-11-08 04:31:12', '2022-11-08 04:31:12'),
(158, 73, 'Aqua Man', '2', 25000, 50000, 10, 0, 0, '2022-11-08 04:31:12', '2022-11-08 04:31:12'),
(159, 74, 'Aqua Man', '2', 25000, 50000, 10, 0, 0, '2022-11-08 04:33:09', '2022-11-08 04:33:09'),
(160, 74, 'British Rose', '1', 25000, 25000, 15, 0, 0, '2022-11-08 04:33:09', '2022-11-08 04:33:09'),
(161, 75, 'Angel Blossom', '1', 25000, 25000, 5, 0, 0, '2022-11-08 04:34:19', '2022-11-08 04:34:19'),
(162, 75, 'Aqua Man', '1', 25000, 25000, 10, 0, 0, '2022-11-08 04:34:19', '2022-11-08 04:34:19'),
(163, 75, 'British Rose', '1', 25000, 25000, 15, 0, 0, '2022-11-08 04:34:19', '2022-11-08 04:34:19'),
(164, 76, 'Angel Blossom', '1', 25000, 25000, 5, 0, 0, '2022-11-08 04:36:13', '2022-11-08 04:36:13'),
(165, 76, 'Aqua Man', '1', 25000, 25000, 10, 0, 0, '2022-11-08 04:36:13', '2022-11-08 04:36:13'),
(166, 76, 'British Rose', '1', 25000, 25000, 15, 0, 0, '2022-11-08 04:36:13', '2022-11-08 04:36:13'),
(167, 77, 'Angel Blossom', '2', 25000, 50000, 5, 0, 0, '2022-11-08 04:38:02', '2022-11-08 04:38:02'),
(168, 77, 'Aqua Man', '1', 25000, 25000, 10, 0, 0, '2022-11-08 04:38:02', '2022-11-08 04:38:02'),
(169, 78, 'Angel Blossom', '1', 25000, 25000, 5, 0, 0, '2022-11-08 04:40:42', '2022-11-08 04:40:42'),
(170, 78, 'Aqua Man', '1', 25000, 25000, 10, 0, 0, '2022-11-08 04:40:42', '2022-11-08 04:40:42'),
(171, 78, 'British Rose', '1', 25000, 25000, 15, 0, 0, '2022-11-08 04:40:42', '2022-11-08 04:40:42'),
(172, 79, 'Aqua Man', '3', 25000, 75000, 10, 0, 0, '2022-11-08 04:42:05', '2022-11-08 04:42:05'),
(173, 80, 'British Rose', '2', 25000, 50000, 15, 0, 0, '2022-11-08 04:44:01', '2022-11-08 04:44:01'),
(174, 80, 'Angel Blossom', '1', 25000, 25000, 5, 0, 0, '2022-11-08 04:44:01', '2022-11-08 04:44:01'),
(175, 81, 'Angel Blossom', '1', 25000, 25000, 5, 0, 0, '2022-11-08 04:45:40', '2022-11-08 04:45:40'),
(176, 81, 'Aqua Man', '1', 25000, 25000, 10, 0, 0, '2022-11-08 04:45:40', '2022-11-08 04:45:40'),
(177, 81, 'British Rose', '1', 25000, 25000, 15, 0, 0, '2022-11-08 04:45:40', '2022-11-08 04:45:40'),
(178, 82, 'Aqua Man', '2', 25000, 50000, 10, 0, 0, '2022-11-08 04:47:29', '2022-11-08 04:47:29'),
(179, 82, 'Angel Blossom', '1', 25000, 25000, 5, 0, 0, '2022-11-08 04:47:29', '2022-11-08 04:47:29'),
(180, 83, 'Aqua Man', '2', 25000, 50000, 10, 0, 0, '2022-11-08 04:50:19', '2022-11-08 04:50:19'),
(181, 83, 'British Rose', '1', 25000, 25000, 15, 0, 0, '2022-11-08 04:50:19', '2022-11-08 04:50:19'),
(182, 85, 'Angel Blossom', '1', 25000, 25000, 5, 0, 0, '2022-11-08 04:54:12', '2022-11-08 04:54:12'),
(183, 85, 'Angel Blossom', '1', 25000, 25000, 5, 0, 0, '2022-11-08 04:54:12', '2022-11-08 04:54:12'),
(184, 85, 'Aqua Man', '1', 25000, 25000, 10, 0, 0, '2022-11-08 04:54:12', '2022-11-08 04:54:12'),
(185, 85, 'Aqua Man', '1', 25000, 25000, 10, 0, 0, '2022-11-08 04:54:12', '2022-11-08 04:54:12'),
(186, 85, 'British Rose', '1', 25000, 25000, 15, 0, 0, '2022-11-08 04:54:12', '2022-11-08 04:54:12'),
(187, 85, 'British Rose', '1', 25000, 25000, 15, 0, 0, '2022-11-08 04:54:12', '2022-11-08 04:54:12'),
(188, 86, 'Angel Blossom', '2', 25000, 50000, 5, 0, 0, '2022-11-09 02:14:49', '2022-11-09 02:14:49'),
(189, 86, 'Aqua Man', '1', 25000, 25000, 10, 0, 0, '2022-11-09 02:14:49', '2022-11-09 02:14:49'),
(190, 87, 'British Rose', '2', 25000, 50000, 15, 0, 0, '2022-11-09 02:18:39', '2022-11-09 02:18:39'),
(191, 87, 'Angel Blossom', '1', 25000, 25000, 5, 0, 0, '2022-11-09 02:18:39', '2022-11-09 02:18:39'),
(192, 88, 'Angel Blossom', '2', 25000, 50000, 5, 0, 0, '2022-11-09 02:23:40', '2022-11-09 02:23:40'),
(193, 88, 'Aqua Man', '1', 25000, 25000, 10, 0, 0, '2022-11-09 02:23:40', '2022-11-09 02:23:40'),
(194, 89, 'Aqua Man', '2', 25000, 50000, 10, 0, 0, '2022-11-09 02:31:39', '2022-11-09 02:31:39'),
(195, 89, 'Angel Blossom', '1', 25000, 25000, 5, 0, 0, '2022-11-09 02:31:39', '2022-11-09 02:31:39'),
(196, 90, 'Aqua Man', '2', 25000, 50000, 10, 0, 0, '2022-11-09 03:01:18', '2022-11-09 03:01:18'),
(197, 90, 'Angel Blossom', '1', 25000, 25000, 5, 0, 0, '2022-11-09 03:01:18', '2022-11-09 03:01:18'),
(198, 91, 'Angel Blossom', '2', 25000, 50000, 5, 0, 0, '2022-11-10 01:53:31', '2022-11-10 01:53:31'),
(199, 91, 'Aqua Man', '1', 25000, 25000, 10, 0, 0, '2022-11-10 01:53:31', '2022-11-10 01:53:31'),
(200, 92, 'British Rose', '2', 25000, 50000, 15, 0, 0, '2022-11-10 01:55:01', '2022-11-10 01:55:01'),
(201, 92, 'Aqua Man', '1', 25000, 25000, 10, 0, 0, '2022-11-10 01:55:01', '2022-11-10 01:55:01'),
(202, 93, 'Angel Blossom', '2', 25000, 50000, 5, 0, 0, '2022-11-10 01:57:35', '2022-11-10 01:57:35'),
(203, 93, 'Aqua Man', '1', 25000, 25000, 10, 0, 0, '2022-11-10 01:57:35', '2022-11-10 01:57:35'),
(204, 94, 'Angel Blossom', '2', 25000, 50000, 5, 0, 0, '2022-11-10 01:59:49', '2022-11-10 01:59:49'),
(205, 94, 'British Rose', '1', 25000, 25000, 15, 0, 0, '2022-11-10 01:59:49', '2022-11-10 01:59:49'),
(206, 95, 'Aqua Man', '2', 25000, 50000, 10, 0, 0, '2022-11-10 02:03:36', '2022-11-10 02:03:36'),
(207, 95, 'Angel Blossom', '1', 25000, 25000, 5, 0, 0, '2022-11-10 02:03:36', '2022-11-10 02:03:36'),
(208, 96, 'Aqua Man', '2', 25000, 50000, 10, 0, 0, '2022-11-10 02:08:52', '2022-11-10 02:08:52'),
(209, 96, 'British Rose', '1', 25000, 25000, 15, 0, 0, '2022-11-10 02:08:52', '2022-11-10 02:08:52'),
(210, 97, 'Aqua Man', '2', 25000, 50000, 10, 0, 0, '2022-11-10 02:20:16', '2022-11-10 02:20:16'),
(211, 97, 'British Rose', '1', 25000, 25000, 15, 0, 0, '2022-11-10 02:20:16', '2022-11-10 02:20:16'),
(212, 98, 'Angel Blossom', '1', 25000, 25000, 5, 0, 0, '2022-11-10 02:45:50', '2022-11-10 02:45:50'),
(213, 98, 'Aqua Man', '1', 25000, 25000, 10, 0, 0, '2022-11-10 02:45:50', '2022-11-10 02:45:50'),
(214, 98, 'British Rose', '1', 25000, 25000, 15, 0, 0, '2022-11-10 02:45:50', '2022-11-10 02:45:50'),
(215, 99, 'Angel Blossom', '1', 25000, 25000, 5, 0, 0, '2022-11-10 02:48:47', '2022-11-10 02:48:47'),
(216, 99, 'Aqua Man', '1', 25000, 25000, 10, 0, 0, '2022-11-10 02:48:47', '2022-11-10 02:48:47'),
(217, 99, 'British Rose', '1', 25000, 25000, 15, 0, 0, '2022-11-10 02:48:47', '2022-11-10 02:48:47'),
(218, 100, 'Angel Blossom', '1', 25000, 25000, 5, 0, 0, '2022-11-10 02:50:13', '2022-11-10 02:50:13'),
(219, 100, 'Aqua Man', '1', 25000, 25000, 10, 0, 0, '2022-11-10 02:50:13', '2022-11-10 02:50:13'),
(220, 100, 'British Rose', '1', 25000, 25000, 15, 0, 0, '2022-11-10 02:50:13', '2022-11-10 02:50:13'),
(221, 101, 'Angel Blossom', '1', 25000, 25000, 5, 0, 0, '2022-11-10 02:52:30', '2022-11-10 02:52:30'),
(222, 101, 'Aqua Man', '1', 25000, 25000, 10, 0, 0, '2022-11-10 02:52:30', '2022-11-10 02:52:30'),
(223, 101, 'British Rose', '1', 25000, 25000, 15, 0, 0, '2022-11-10 02:52:30', '2022-11-10 02:52:30'),
(224, 102, 'Angel Blossom', '1', 25000, 25000, 5, 0, 0, '2022-11-10 02:55:03', '2022-11-10 02:55:03'),
(225, 102, 'Aqua Man', '1', 25000, 25000, 10, 0, 0, '2022-11-10 02:55:03', '2022-11-10 02:55:03'),
(226, 102, 'British Rose', '1', 25000, 25000, 15, 0, 0, '2022-11-10 02:55:03', '2022-11-10 02:55:03'),
(227, 103, 'Angel Blossom', '2', 25000, 50000, 5, 0, 0, '2022-11-10 03:03:52', '2022-11-10 03:03:52'),
(228, 103, 'Aqua Man', '1', 25000, 25000, 10, 0, 0, '2022-11-10 03:03:52', '2022-11-10 03:03:52'),
(229, 104, 'Aqua Man', '2', 25000, 50000, 10, 0, 0, '2022-11-10 03:06:29', '2022-11-10 03:06:29'),
(230, 104, 'British Rose', '1', 25000, 25000, 15, 0, 0, '2022-11-10 03:06:29', '2022-11-10 03:06:29'),
(231, 105, 'Aqua Man', '2', 25000, 50000, 10, 0, 0, '2022-11-10 03:07:48', '2022-11-10 03:07:48'),
(232, 105, 'British Rose', '1', 25000, 25000, 15, 0, 0, '2022-11-10 03:07:48', '2022-11-10 03:07:48'),
(233, 106, 'Aqua Man', '2', 25000, 50000, 10, 0, 0, '2022-11-10 03:10:25', '2022-11-10 03:10:25'),
(234, 106, 'Angel Blossom', '1', 25000, 25000, 5, 0, 0, '2022-11-10 03:10:25', '2022-11-10 03:10:25'),
(235, 107, 'Angel Blossom', '2', 25000, 50000, 5, 0, 0, '2022-11-10 03:12:13', '2022-11-10 03:12:13'),
(236, 107, 'Aqua Man', '1', 25000, 25000, 10, 0, 0, '2022-11-10 03:12:13', '2022-11-10 03:12:13'),
(237, 108, 'Angel Blossom', '2', 25000, 50000, 5, 0, 0, '2022-11-10 03:18:21', '2022-11-10 03:18:21'),
(238, 108, 'British Rose', '1', 25000, 25000, 15, 0, 0, '2022-11-10 03:18:21', '2022-11-10 03:18:21'),
(239, 109, 'Angel Blossom', '2', 25000, 50000, 5, 0, 0, '2022-11-10 03:31:34', '2022-11-10 03:31:34'),
(240, 109, 'British Rose', '1', 25000, 25000, 15, 0, 0, '2022-11-10 03:31:34', '2022-11-10 03:31:34'),
(241, 110, 'Angel Blossom', '2', 25000, 50000, 5, 0, 0, '2022-11-10 03:38:28', '2022-11-10 03:38:28'),
(242, 110, 'British Rose', '1', 25000, 25000, 15, 0, 0, '2022-11-10 03:38:28', '2022-11-10 03:38:28'),
(243, 111, 'Angel Blossom', '2', 25000, 50000, 5, 0, 0, '2022-11-10 03:42:48', '2022-11-10 03:42:48'),
(244, 111, 'British Rose', '1', 25000, 25000, 15, 0, 0, '2022-11-10 03:42:48', '2022-11-10 03:42:48'),
(245, 112, 'Angel Blossom', '1', 25000, 25000, 5, 0, 0, '2022-11-10 04:27:01', '2022-11-10 04:27:01'),
(246, 112, 'Aqua Man', '1', 25000, 25000, 10, 0, 0, '2022-11-10 04:27:01', '2022-11-10 04:27:01'),
(247, 112, 'British Rose', '1', 25000, 25000, 15, 0, 0, '2022-11-10 04:27:01', '2022-11-10 04:27:01'),
(248, 113, 'Angel Blossom', '3', 25000, 75000, 5, 0, 0, '2022-11-10 04:28:23', '2022-11-10 04:28:23'),
(249, 114, 'Aqua Man', '2', 25000, 50000, 10, 0, 0, '2022-11-10 04:32:03', '2022-11-10 04:32:03'),
(250, 114, 'Angel Blossom', '1', 25000, 25000, 5, 0, 0, '2022-11-10 04:32:03', '2022-11-10 04:32:03'),
(251, 115, 'Angel Blossom', '1', 25000, 25000, 5, 0, 0, '2022-11-10 04:33:52', '2022-11-10 04:33:52'),
(252, 115, 'British Rose', '2', 25000, 50000, 15, 0, 0, '2022-11-10 04:33:52', '2022-11-10 04:33:52'),
(253, 116, 'Angel Blossom', '1', 25000, 25000, 5, 0, 0, '2022-11-10 04:37:58', '2022-11-10 04:37:58'),
(254, 116, 'Aqua Man', '1', 25000, 25000, 10, 0, 0, '2022-11-10 04:37:58', '2022-11-10 04:37:58'),
(255, 116, 'British Rose', '1', 25000, 25000, 15, 0, 0, '2022-11-10 04:37:58', '2022-11-10 04:37:58'),
(256, 117, 'Aqua Man', '2', 25000, 50000, 10, 0, 0, '2022-11-10 04:39:31', '2022-11-10 04:39:31'),
(257, 117, 'Angel Blossom', '1', 25000, 25000, 5, 0, 0, '2022-11-10 04:39:31', '2022-11-10 04:39:31'),
(258, 118, 'Aqua Man', '2', 25000, 50000, 10, 0, 0, '2022-11-10 04:43:21', '2022-11-10 04:43:21'),
(259, 118, 'Angel Blossom', '1', 25000, 25000, 5, 0, 0, '2022-11-10 04:43:21', '2022-11-10 04:43:21'),
(260, 119, 'Angel Blossom', '1', 25000, 25000, 5, 0, 0, '2022-11-10 04:49:10', '2022-11-10 04:49:10'),
(261, 119, 'Aqua Man', '1', 25000, 25000, 10, 0, 0, '2022-11-10 04:49:10', '2022-11-10 04:49:10'),
(262, 119, 'British Rose', '1', 25000, 25000, 15, 0, 0, '2022-11-10 04:49:10', '2022-11-10 04:49:10'),
(263, 120, 'Angel Blossom', '1', 25000, 25000, 5, 0, 0, '2022-11-10 05:15:56', '2022-11-10 05:15:56'),
(264, 120, 'Aqua Man', '2', 25000, 50000, 10, 0, 0, '2022-11-10 05:15:56', '2022-11-10 05:15:56'),
(265, 121, 'Angel Blossom', '1', 25000, 25000, 5, 0, 0, '2022-11-10 05:21:08', '2022-11-10 05:21:08'),
(266, 121, 'Aqua Man', '1', 25000, 25000, 10, 0, 0, '2022-11-10 05:21:08', '2022-11-10 05:21:08'),
(267, 121, 'British Rose', '1', 25000, 25000, 15, 0, 0, '2022-11-10 05:21:08', '2022-11-10 05:21:08'),
(268, 122, 'Aqua Man', '2', 25000, 50000, 10, 0, 0, '2022-11-10 05:23:21', '2022-11-10 05:23:21'),
(269, 122, 'Angel Blossom', '1', 25000, 25000, 5, 0, 0, '2022-11-10 05:23:21', '2022-11-10 05:23:21'),
(270, 123, 'Angel Blossom', '1', 25000, 25000, 5, 0, 0, '2022-11-10 05:27:11', '2022-11-10 05:27:11'),
(271, 123, 'Aqua Man', '2', 25000, 50000, 10, 0, 0, '2022-11-10 05:27:11', '2022-11-10 05:27:11'),
(272, 124, 'Aqua Man', '3', 25000, 75000, 10, 0, 0, '2022-11-10 05:29:17', '2022-11-10 05:29:17'),
(273, 125, 'Aqua Man', '2', 25000, 50000, 10, 0, 0, '2022-11-10 05:30:50', '2022-11-10 05:30:50'),
(274, 125, 'Angel Blossom', '1', 25000, 25000, 5, 0, 0, '2022-11-10 05:30:50', '2022-11-10 05:30:50'),
(275, 126, 'Angel Blossom', '1', 25000, 25000, 5, 0, 0, '2022-11-10 05:32:36', '2022-11-10 05:32:36'),
(276, 126, 'Aqua Man', '1', 25000, 25000, 10, 0, 0, '2022-11-10 05:32:36', '2022-11-10 05:32:36'),
(277, 126, 'British Rose', '1', 25000, 25000, 15, 0, 0, '2022-11-10 05:32:36', '2022-11-10 05:32:36'),
(278, 127, 'Angel Blossom', '2', 25000, 50000, 5, 0, 0, '2022-11-10 05:36:35', '2022-11-10 05:36:35'),
(279, 127, 'British Rose', '1', 25000, 25000, 15, 0, 0, '2022-11-10 05:36:35', '2022-11-10 05:36:35'),
(280, 128, 'Angel Blossom', '3', 25000, 75000, 5, 0, 0, '2022-11-10 05:40:29', '2022-11-10 05:40:29'),
(281, 129, 'Angel Blossom', '3', 25000, 75000, 5, 0, 0, '2022-11-10 05:42:39', '2022-11-10 05:42:39'),
(282, 130, 'British Rose', '3', 25000, 75000, 15, 0, 0, '2022-11-10 05:44:06', '2022-11-10 05:44:06'),
(283, 131, 'Angel Blossom', '3', 25000, 75000, 5, 0, 0, '2022-11-10 05:44:57', '2022-11-10 05:44:57'),
(284, 132, 'Angel Blossom', '2', 25000, 50000, 5, 0, 0, '2022-11-10 05:46:26', '2022-11-10 05:46:26'),
(285, 132, 'British Rose', '1', 25000, 25000, 15, 0, 0, '2022-11-10 05:46:26', '2022-11-10 05:46:26'),
(286, 133, 'Angel Blossom', '1', 25000, 25000, 5, 0, 0, '2022-11-10 06:09:18', '2022-11-10 06:09:18'),
(287, 133, 'Aqua Man', '1', 25000, 25000, 10, 0, 0, '2022-11-10 06:09:18', '2022-11-10 06:09:18'),
(288, 133, 'British Rose', '1', 25000, 25000, 15, 0, 0, '2022-11-10 06:09:18', '2022-11-10 06:09:18'),
(289, 134, 'Angel Blossom', '5', 25000, 125000, 5, 0, 0, '2023-05-16 04:15:29', '2023-05-16 04:15:29'),
(290, 135, 'Aqua Man', '2', 25000, 50000, 10, 0, 0, '2023-05-16 15:03:38', '2023-05-16 15:03:38'),
(291, 136, 'Angel Blossom', '1', 25000, 25000, 5, 0, 0, '2023-05-16 16:10:39', '2023-05-16 16:10:39'),
(292, 137, 'Angel Blossom', '1', 25000, 25000, 5, 0, 0, '2023-05-18 01:48:59', '2023-05-18 01:48:59'),
(293, 138, 'Angel Blossom', '1', 25000, 25000, 5, 0, 0, '2023-05-18 01:52:17', '2023-05-18 01:52:17'),
(294, 139, 'Aqua Man', '1', 25000, 25000, 10, 0, 0, '2023-05-18 01:57:25', '2023-05-18 01:57:25'),
(295, 140, 'Angel Blossom 6ml', '2', 12600, 25200, 54, 0, 0, '2023-05-18 02:17:39', '2023-05-18 02:17:39'),
(296, 141, 'Angel Blossom 6ml', '2', 12600, 25200, 54, 0, 0, '2023-05-18 02:27:45', '2023-05-18 02:27:45'),
(297, 142, 'Angel Blossom 6ml', '3', 12600, 37800, 54, 0, 0, '2023-05-18 02:28:45', '2023-05-18 02:28:45'),
(298, 143, 'Angel Blossom 6ml', '2', 12600, 25200, 54, 0, 0, '2023-05-18 02:30:33', '2023-05-18 02:30:33'),
(299, 144, 'Angel Blossom 6ml', '1', 12600, 12600, 54, 0, 0, '2023-05-18 04:46:12', '2023-05-18 04:46:12'),
(300, 145, 'Angel Blossom', '1', 25000, 25000, 5, 0, 0, '2023-05-18 07:12:20', '2023-05-18 07:12:20'),
(301, 67, 'Angel Blossom', '2', 25000, 50000, 5, 0, 0, '2023-05-18 08:50:15', '2023-05-18 08:50:15'),
(302, 137, 'Angel Blossom', '2', 25000, 50000, 5, 0, 0, '2023-05-18 08:50:15', '2023-05-18 08:50:15'),
(303, 138, 'Aqua Man', '2', 25000, 50000, 10, 0, 0, '2023-05-18 08:50:15', '2023-05-18 08:50:15'),
(304, 139, 'Aqua Man', '2', 25000, 50000, 10, 0, 0, '2023-05-18 08:50:15', '2023-05-18 08:50:15'),
(305, 150, 'Angel Blossom', '2', 25000, 50000, 5, 0, 0, '2023-05-19 08:23:26', '2023-05-19 08:23:26'),
(306, 151, 'Angel Blossom 6ml', '2', 12600, 25200, 54, 0, 0, '2023-05-21 19:59:52', '2023-05-21 19:59:52'),
(307, 152, 'Angel Blossom', '2', 26000, 52000, 111, 0, 0, '2023-05-21 20:44:47', '2023-05-21 20:44:47'),
(308, 153, 'Angel Blossom', '1', 26000, 26000, 111, 0, 0, '2023-05-21 21:17:19', '2023-05-21 21:17:19'),
(310, 155, 'Aqua Man', '10', 25000, 250000, 10, 0, 0, '2023-05-25 09:45:22', '2023-05-25 09:45:22'),
(311, 156, 'Parfum Aqua', '3', 30000, 90000, 423, 0, 0, '2023-05-26 05:16:59', '2023-05-26 05:16:59'),
(312, 157, 'Parfum Aqua', '10', 30000, 300000, 423, 0, 0, '2023-05-26 05:35:32', '2023-05-26 05:35:32'),
(313, 158, 'Parfum Aqua', '5', 50000, 250000, 424, 0, 0, '2023-05-26 06:15:17', '2023-05-26 06:15:17'),
(314, 159, 'Parfum Aqua', '5', 50000, 250000, 517, 0, 0, '2023-05-26 08:08:54', '2023-05-26 08:08:54');

-- --------------------------------------------------------

--
-- Table structure for table `transaction_histories`
--

CREATE TABLE `transaction_histories` (
  `id` bigint(20) UNSIGNED NOT NULL,
  `transaction_code` varchar(255) COLLATE utf8mb4_unicode_ci NOT NULL,
  `id_group` bigint(20) UNSIGNED NOT NULL,
  `id_distributor` bigint(20) UNSIGNED NOT NULL,
  `id_owner` bigint(20) UNSIGNED NOT NULL,
  `id_input` bigint(20) UNSIGNED NOT NULL,
  `nama_input` varchar(255) COLLATE utf8mb4_unicode_ci NOT NULL,
  `id_approve` bigint(20) UNSIGNED NOT NULL,
  `nama_approve` varchar(255) COLLATE utf8mb4_unicode_ci NOT NULL,
  `jumlah_barang` int(11) NOT NULL,
  `tanggal_pesan` date NOT NULL,
  `jam_pesan` time NOT NULL,
  `total` int(11) NOT NULL,
  `status_pesanan` int(11) NOT NULL,
  `total_crm_poin_distributor` int(11) NOT NULL,
  `metode_pembayaran` varchar(255) COLLATE utf8mb4_unicode_ci NOT NULL,
  `id_reset_poin_crm` bigint(20) UNSIGNED NOT NULL,
  `created_at` timestamp NULL DEFAULT NULL,
  `updated_at` timestamp NULL DEFAULT NULL
) ENGINE=InnoDB DEFAULT CHARSET=utf8mb4 COLLATE=utf8mb4_unicode_ci;

--
-- Dumping data for table `transaction_histories`
--

INSERT INTO `transaction_histories` (`id`, `transaction_code`, `id_group`, `id_distributor`, `id_owner`, `id_input`, `nama_input`, `id_approve`, `nama_approve`, `jumlah_barang`, `tanggal_pesan`, `jam_pesan`, `total`, `status_pesanan`, `total_crm_poin_distributor`, `metode_pembayaran`, `id_reset_poin_crm`, `created_at`, `updated_at`) VALUES
(2, 'T15122000101', 5, 1, 5, 5, 'Distributor Tp', 1, 'Superadmin Astana', 1, '2023-05-16', '03:45:58', 72000, 1, 0, 'tunai', 0, '2023-05-16 08:45:58', '2023-05-16 08:47:19'),
(3, 'T15122000101', 5, 1, 5, 5, 'Distributor Tp', 1, 'Superadmin Astana', 1, '2023-05-16', '10:11:24', 240000, 1, 0, 'tunai', 0, '2023-05-16 15:11:24', '2023-05-16 15:14:25'),
(6, 'T15122000103', 5, 1, 5, 5, 'Distributor Tp', 0, '', 1, '2023-05-18', '03:49:08', 500000, 0, 0, 'bank', 0, '2023-05-18 08:49:08', '2023-05-18 08:49:08'),
(14, 'T15122000103', 5, 1, 5, 5, 'Distributor Tp', 0, '', 1, '2023-05-19', '03:27:27', 500000, 0, 0, 'bank', 0, '2023-05-19 08:27:27', '2023-05-19 08:27:27'),
(15, 'T15122000102', 5, 1, 5, 5, 'Distributor Tp', 0, '', 1, '2023-05-19', '03:27:27', 200000, 0, 0, 'bank', 0, '2023-05-19 08:27:27', '2023-05-19 08:27:27'),
(16, 'T15122000104', 5, 1, 5, 5, 'Distributor Tp', 0, '', 1, '2023-05-19', '03:27:27', 400000, 0, 0, 'tunai', 0, '2023-05-19 08:27:27', '2023-05-19 08:27:27'),
(17, 'T15122000105', 5, 1, 5, 5, 'Distributor Tp', 0, '', 1, '2023-05-19', '03:27:27', 350000, 0, 0, 'tunai', 0, '2023-05-19 08:27:27', '2023-05-19 08:27:27'),
(18, 'T15122000101', 5, 1, 5, 5, 'Distributor Tp', 0, '', 2, '2023-05-20', '09:35:27', 48000, 0, 0, 'tunai', 0, '2023-05-20 02:35:27', '2023-05-20 02:35:27'),
(19, 'T15122000101', 5, 1, 5, 5, 'Distributor Tp', 0, '', 1, '2023-05-21', '11:44:31', 24000, 0, 0, 'tunai', 0, '2023-05-21 04:44:31', '2023-05-21 04:44:31'),
(20, 'T15122000101', 5, 1, 5, 5, 'Distributor Tp', 0, '', 1, '2023-05-21', '01:28:51', 36000, 0, 0, 'tunai', 0, '2023-05-21 06:28:51', '2023-05-21 06:28:51'),
(23, 'T15122000105', 5, 5, 19, 19, 'seller 1', 5, 'Distributor Tp', 1, '2023-05-22', '04:14:56', 75000, 1, 0, 'tunai', 0, '2023-05-21 21:14:56', '2023-05-21 21:15:28'),
(26, 'T15122000106', 5, 1, 5, 5, 'Distributor Tp', 1, 'Superadmin Astana', 2, '2023-05-25', '11:51:16', 48000, 1, 0, 'bank', 0, '2023-05-25 04:51:16', '2023-05-25 04:52:36'),
(27, 'T15122000107', 5, 1, 5, 5, 'Distributor Tp', 0, '', 1, '2023-05-25', '04:45:01', 60000, 0, 0, 'bank', 0, '2023-05-25 09:45:01', '2023-05-25 09:45:01'),
(28, 'T15122000108', 5, 1, 5, 5, 'Distributor Tp', 0, '', 2, '2023-05-25', '04:47:28', 360000, 0, 0, 'bank', 0, '2023-05-25 09:47:28', '2023-05-25 09:47:28'),
(29, 'T15122000109', 5, 1, 5, 5, 'Distributor Tp', 0, '', 1, '2023-05-25', '04:50:34', 120000, 0, 0, 'bank', 0, '2023-05-25 09:50:34', '2023-05-25 09:50:34'),
(30, 'T15122000109', 5, 1, 5, 5, 'Distributor Tp', 0, '', 1, '2023-05-25', '04:50:34', 120000, 0, 0, 'bank', 0, '2023-05-25 09:50:34', '2023-05-25 09:50:34'),
(31, 'T15122000110', 5, 1, 5, 5, 'Distributor Tp', 1, 'Superadmin Astana', 1, '2023-05-26', '12:39:36', 1000000, 1, 0, 'bank', 0, '2023-05-26 05:39:36', '2023-05-26 06:13:26'),
(32, 'T15122000111', 5, 5, 19, 19, 'seller 1', 5, 'Distributor Tp', 1, '2023-05-26', '01:12:09', 300000, 1, 0, 'bank', 0, '2023-05-26 06:12:09', '2023-05-26 06:14:00'),
(33, 'T15122000112', 5, 5, 34, 34, 'seller Tp', 5, 'Distributor Tp', 1, '2023-05-26', '03:07:04', 1500000, 1, 0, 'bank', 0, '2023-05-26 08:07:04', '2023-05-26 08:08:25');

-- --------------------------------------------------------

--
-- Table structure for table `transaction_history_sells`
--

CREATE TABLE `transaction_history_sells` (
  `id` bigint(20) UNSIGNED NOT NULL,
  `transaction_code` varchar(255) COLLATE utf8mb4_unicode_ci NOT NULL,
  `id_group` bigint(20) UNSIGNED NOT NULL,
  `id_distributor` bigint(20) UNSIGNED NOT NULL,
  `id_owner` bigint(20) UNSIGNED NOT NULL,
  `id_input` bigint(20) UNSIGNED NOT NULL,
  `nama_pembeli` varchar(100) COLLATE utf8mb4_unicode_ci NOT NULL,
  `nama_input` varchar(255) COLLATE utf8mb4_unicode_ci NOT NULL,
  `id_approve` bigint(20) UNSIGNED NOT NULL,
  `nama_approve` varchar(255) COLLATE utf8mb4_unicode_ci NOT NULL,
  `jumlah_barang` int(11) NOT NULL,
  `tanggal_pesan` date NOT NULL,
  `jam_pesan` time NOT NULL,
  `diskon` int(11) NOT NULL,
  `keterangan_diskon` varchar(255) COLLATE utf8mb4_unicode_ci NOT NULL,
  `total` int(11) NOT NULL,
  `status_pesanan` int(11) NOT NULL,
  `total_crm_poin_distributor` int(11) NOT NULL,
  `total_crm_poin_reseller` int(11) NOT NULL,
  `metode_pembayaran` varchar(255) COLLATE utf8mb4_unicode_ci NOT NULL,
  `id_reset_poin_crm_distributor` bigint(20) UNSIGNED NOT NULL,
  `id_reset_poin_crm` bigint(20) UNSIGNED NOT NULL,
  `created_at` timestamp NULL DEFAULT NULL,
  `updated_at` timestamp NULL DEFAULT NULL
) ENGINE=InnoDB DEFAULT CHARSET=utf8mb4 COLLATE=utf8mb4_unicode_ci;

--
-- Dumping data for table `transaction_history_sells`
--

INSERT INTO `transaction_history_sells` (`id`, `transaction_code`, `id_group`, `id_distributor`, `id_owner`, `id_input`, `nama_pembeli`, `nama_input`, `id_approve`, `nama_approve`, `jumlah_barang`, `tanggal_pesan`, `jam_pesan`, `diskon`, `keterangan_diskon`, `total`, `status_pesanan`, `total_crm_poin_distributor`, `total_crm_poin_reseller`, `metode_pembayaran`, `id_reset_poin_crm_distributor`, `id_reset_poin_crm`, `created_at`, `updated_at`) VALUES
(67, 'T15122000101', 5, 5, 5, 12, '', 'Bernice Patricia', 0, '', 2, '2022-11-08', '11:10:15', 25000, 'PROMO TP 3 Nop 22', 50000, 1, 0, 0, 'bank', 0, 0, '2022-11-08 04:10:15', '2022-11-08 04:10:15'),
(68, 'T15122000101', 5, 5, 5, 12, '', 'Bernice Patricia', 0, '', 3, '2022-11-08', '11:11:50', 25000, 'PROMO TP 3 Nop 22', 50000, 1, 0, 0, 'tunai', 0, 0, '2022-11-08 04:11:50', '2022-11-08 04:11:50'),
(69, 'T15122000101', 5, 5, 5, 12, '', 'Bernice Patricia', 0, '', 3, '2022-11-08', '11:20:00', 25000, 'PROMO TP 3 Nop 22', 50000, 1, 0, 0, 'tunai', 0, 0, '2022-11-08 04:20:00', '2022-11-08 04:20:00'),
(70, 'T15122000101', 5, 5, 5, 12, '', 'Bernice Patricia', 0, '', 2, '2022-11-08', '11:21:30', 25000, 'PROMO TP 3 Nop 22', 50000, 1, 0, 0, 'tunai', 0, 0, '2022-11-08 04:21:30', '2022-11-08 04:21:30'),
(71, 'T15122000101', 5, 5, 5, 12, '', 'Bernice Patricia', 0, '', 1, '2022-11-08', '11:27:31', 25000, 'PROMO TP 3 Nop 22', 50000, 1, 0, 0, 'bank', 0, 0, '2022-11-08 04:27:31', '2022-11-08 04:27:31'),
(72, 'T15122000101', 5, 5, 5, 12, '', 'Bernice Patricia', 0, '', 1, '2022-11-08', '11:29:29', 25000, 'PROMO TP 3 Nop 22', 50000, 1, 0, 0, 'bank', 0, 0, '2022-11-08 04:29:29', '2022-11-08 04:29:29'),
(73, 'T15122000101', 5, 5, 5, 12, '', 'Bernice Patricia', 0, '', 2, '2022-11-08', '11:31:12', 25000, 'PROMO TP 3 Nop 22', 50000, 1, 0, 0, 'tunai', 0, 0, '2022-11-08 04:31:12', '2022-11-08 04:31:12'),
(74, 'T15122000101', 5, 5, 5, 12, '', 'Bernice Patricia', 0, '', 2, '2022-11-08', '11:33:09', 25000, 'PROMO TP 3 Nop 22', 50000, 1, 0, 0, 'tunai', 0, 0, '2022-11-08 04:33:09', '2022-11-08 04:33:09'),
(75, 'T15122000101', 5, 5, 5, 12, '', 'Bernice Patricia', 0, '', 3, '2022-11-08', '11:34:19', 25000, 'PROMO TP 3 Nop 22', 50000, 1, 0, 0, 'tunai', 0, 0, '2022-11-08 04:34:19', '2022-11-08 04:34:19'),
(76, 'T15122000101', 5, 5, 5, 12, '', 'Bernice Patricia', 0, '', 3, '2022-11-08', '11:36:13', 25000, 'PROMO TP 3 Nop 22', 50000, 1, 0, 0, 'tunai', 0, 0, '2022-11-08 04:36:13', '2022-11-08 04:36:13'),
(77, 'T15122000101', 5, 5, 5, 12, '', 'Bernice Patricia', 0, '', 2, '2022-11-08', '11:38:02', 25000, 'PROMO TP 3 Nop 22', 50000, 1, 0, 0, 'bank', 0, 0, '2022-11-08 04:38:02', '2022-11-08 04:38:02'),
(78, 'T15122000101', 5, 5, 5, 12, '', 'Bernice Patricia', 0, '', 3, '2022-11-08', '11:40:42', 25000, 'PROMO TP 3 Nop 22', 50000, 1, 0, 0, 'tunai', 0, 0, '2022-11-08 04:40:42', '2022-11-08 04:40:42'),
(79, 'T15122000101', 5, 5, 5, 12, '', 'Bernice Patricia', 0, '', 1, '2022-11-08', '11:42:05', 25000, 'PROMO TP 3 Nop 22', 50000, 1, 0, 0, 'tunai', 0, 0, '2022-11-08 04:42:05', '2022-11-08 04:42:05'),
(80, 'T15122000101', 5, 5, 5, 12, '', 'Bernice Patricia', 0, '', 2, '2022-11-08', '11:44:01', 25000, 'PROMO TP 3 Nop 22', 50000, 1, 0, 0, 'tunai', 0, 0, '2022-11-08 04:44:01', '2022-11-08 04:44:01'),
(81, 'T15122000101', 5, 5, 5, 12, '', 'Bernice Patricia', 0, '', 3, '2022-11-08', '11:45:40', 25000, 'PROMO TP 3 Nop 22', 50000, 1, 0, 0, 'tunai', 0, 0, '2022-11-08 04:45:40', '2022-11-08 04:45:40'),
(82, 'T15122000101', 5, 5, 5, 12, '', 'Bernice Patricia', 0, '', 2, '2022-11-08', '11:47:29', 25000, 'PROMO TP 3 Nop 22', 50000, 1, 0, 0, 'tunai', 0, 0, '2022-11-08 04:47:29', '2022-11-08 04:47:29'),
(83, 'T15122000101', 5, 5, 5, 12, '', 'Bernice Patricia', 0, '', 2, '2022-11-08', '11:50:19', 25000, 'PROMO TP 3 Nop 22', 50000, 1, 0, 0, 'tunai', 0, 0, '2022-11-08 04:50:19', '2022-11-08 04:50:19'),
(84, 'T15122000101', 5, 5, 5, 12, '', 'Bernice Patricia', 0, '', 3, '2022-11-08', '11:54:12', 25000, 'PROMO TP 3 Nop 22', 50000, 1, 0, 0, 'bank', 0, 0, '2022-11-08 04:54:12', '2022-11-08 04:54:12'),
(85, 'T15122000101', 5, 5, 5, 12, '', 'Bernice Patricia', 0, '', 3, '2022-11-08', '11:54:12', 25000, 'PROMO TP 3 Nop 22', 50000, 1, 0, 0, 'bank', 0, 0, '2022-11-08 04:54:12', '2022-11-08 04:54:12'),
(86, 'T15122000101', 5, 5, 5, 12, '', 'Bernice Patricia', 0, '', 2, '2022-11-09', '09:14:49', 25000, 'PROMO TP 4 Nop 22', 50000, 1, 0, 0, 'tunai', 0, 0, '2022-11-09 02:14:49', '2022-11-09 02:14:49'),
(87, 'T15122000101', 5, 5, 5, 12, '', 'Bernice Patricia', 0, '', 2, '2022-11-09', '09:18:39', 25000, 'PROMO TP 4 Nop 22', 50000, 1, 0, 0, 'tunai', 0, 0, '2022-11-09 02:18:39', '2022-11-09 02:18:39'),
(88, 'T15122000101', 5, 5, 5, 12, '', 'Bernice Patricia', 0, '', 2, '2022-11-09', '09:23:40', 25000, 'PROMO TP 4 Nop 22', 50000, 1, 0, 0, 'tunai', 0, 0, '2022-11-09 02:23:40', '2022-11-09 02:23:40'),
(89, 'T15122000101', 5, 5, 5, 12, '', 'Bernice Patricia', 0, '', 2, '2022-11-09', '09:31:39', 25000, 'PROMO TP 4 Nop 22', 50000, 1, 0, 0, 'tunai', 0, 0, '2022-11-09 02:31:39', '2022-11-09 02:31:39'),
(90, 'T15122000101', 5, 5, 5, 12, '', 'Bernice Patricia', 0, '', 2, '2022-11-09', '10:01:18', 25000, 'PROMO TP 4 Nop 22', 50000, 1, 0, 0, 'bank', 0, 0, '2022-11-09 03:01:18', '2022-11-09 03:01:18'),
(91, 'T15122000101', 5, 5, 5, 12, '', 'Bernice Patricia', 0, '', 2, '2022-11-10', '08:53:31', 25000, 'PROMO TP 4 Nop 22', 50000, 1, 0, 0, 'tunai', 0, 0, '2022-11-10 01:53:31', '2022-11-10 01:53:31'),
(92, 'T15122000101', 5, 5, 5, 12, '', 'Bernice Patricia', 0, '', 2, '2022-11-10', '08:55:01', 25000, 'PROMO TP 4 Nop 22', 50000, 1, 0, 0, 'tunai', 0, 0, '2022-11-10 01:55:01', '2022-11-10 01:55:01'),
(93, 'T15122000101', 5, 5, 5, 12, '', 'Bernice Patricia', 0, '', 2, '2022-11-10', '08:57:35', 25000, 'PROMO TP 4 Nop 22', 50000, 1, 0, 0, 'tunai', 0, 0, '2022-11-10 01:57:35', '2022-11-10 01:57:35'),
(94, 'T15122000101', 5, 5, 5, 12, '', 'Bernice Patricia', 0, '', 2, '2022-11-10', '08:59:49', 25000, 'PROMO TP 4 Nop 22', 50000, 1, 0, 0, 'tunai', 0, 0, '2022-11-10 01:59:49', '2022-11-10 01:59:49'),
(95, 'T15122000101', 5, 5, 5, 12, '', 'Bernice Patricia', 0, '', 2, '2022-11-10', '09:03:36', 25000, 'PROMO TP 4 Nop 22', 50000, 1, 0, 0, 'tunai', 0, 0, '2022-11-10 02:03:36', '2022-11-10 02:03:36'),
(96, 'T15122000101', 5, 5, 5, 12, '', 'Bernice Patricia', 0, '', 2, '2022-11-10', '09:08:52', 25000, 'PROMO TP 4 Nop 22', 50000, 1, 0, 0, 'tunai', 0, 0, '2022-11-10 02:08:52', '2022-11-10 02:08:52'),
(97, 'T15122000101', 5, 5, 5, 12, '', 'Bernice Patricia', 0, '', 2, '2022-11-10', '09:20:16', 25000, 'PROMO TP 4 Nop 22', 50000, 1, 0, 0, 'bank', 0, 0, '2022-11-10 02:20:16', '2022-11-10 02:20:16'),
(98, 'T15122000101', 5, 5, 5, 12, '', 'Bernice Patricia', 0, '', 3, '2022-11-10', '09:45:50', 25000, 'PROMO TP 4 Nop 22', 50000, 1, 0, 0, 'tunai', 0, 0, '2022-11-10 02:45:50', '2022-11-10 02:45:50'),
(99, 'T15122000101', 5, 5, 5, 12, '', 'Bernice Patricia', 0, '', 3, '2022-11-10', '09:48:47', 25000, 'PROMO TP 4 Nop 22', 50000, 1, 0, 0, 'bank', 0, 0, '2022-11-10 02:48:47', '2022-11-10 02:48:47'),
(100, 'T15122000101', 5, 5, 5, 12, '', 'Bernice Patricia', 0, '', 3, '2022-11-10', '09:50:13', 25000, 'PROMO TP 4 Nop 22', 50000, 1, 0, 0, 'tunai', 0, 0, '2022-11-10 02:50:13', '2022-11-10 02:50:13'),
(101, 'T15122000101', 5, 5, 5, 12, '', 'Bernice Patricia', 0, '', 3, '2022-11-10', '09:52:30', 25000, 'PROMO TP 4 Nop 22', 50000, 1, 0, 0, 'tunai', 0, 0, '2022-11-10 02:52:30', '2022-11-10 02:52:30'),
(102, 'T15122000101', 5, 5, 5, 12, '', 'Bernice Patricia', 0, '', 3, '2022-11-10', '09:55:03', 25000, 'PROMO TP 4 Nop 22', 50000, 1, 0, 0, 'tunai', 0, 0, '2022-11-10 02:55:03', '2022-11-10 02:55:03'),
(103, 'T15122000101', 5, 5, 5, 12, '', 'Bernice Patricia', 0, '', 2, '2022-11-10', '10:03:52', 25000, 'PROMO TP 5 Nop 22', 50000, 1, 0, 0, 'tunai', 0, 0, '2022-11-10 03:03:52', '2022-11-10 03:03:52'),
(104, 'T15122000101', 5, 5, 5, 12, '', 'Bernice Patricia', 0, '', 2, '2022-11-10', '10:06:29', 25000, 'PROMO TP 5 Nop 22', 50000, 1, 0, 0, 'tunai', 0, 0, '2022-11-10 03:06:29', '2022-11-10 03:06:29'),
(105, 'T15122000101', 5, 5, 5, 12, '', 'Bernice Patricia', 0, '', 2, '2022-11-10', '10:07:48', 25000, 'PROMO TP 5 Nop 22', 50000, 1, 0, 0, 'tunai', 0, 0, '2022-11-10 03:07:48', '2022-11-10 03:07:48'),
(106, 'T15122000101', 5, 5, 5, 12, '', 'Bernice Patricia', 0, '', 2, '2022-11-10', '10:10:25', 25000, 'PROMO TP 5 Nop 22', 50000, 1, 0, 0, 'tunai', 0, 0, '2022-11-10 03:10:25', '2022-11-10 03:10:25'),
(107, 'T15122000101', 5, 5, 5, 12, '', 'Bernice Patricia', 0, '', 2, '2022-11-10', '10:12:13', 25000, 'PROMO TP 5 Nop 22', 50000, 1, 0, 0, 'tunai', 0, 0, '2022-11-10 03:12:13', '2022-11-10 03:12:13'),
(108, 'T15122000101', 5, 5, 5, 12, '', 'Bernice Patricia', 0, '', 2, '2022-11-10', '10:18:21', 25000, 'PROMO TP 5 Nop 22', 50000, 1, 0, 0, 'tunai', 0, 0, '2022-11-10 03:18:21', '2022-11-10 03:18:21'),
(109, 'T15122000101', 5, 5, 5, 12, '', 'Bernice Patricia', 0, '', 2, '2022-11-10', '10:31:34', 25000, 'PROMO TP 5 Nop 22', 50000, 1, 0, 0, 'tunai', 0, 0, '2022-11-10 03:31:34', '2022-11-10 03:31:34'),
(110, 'T15122000101', 5, 5, 5, 12, '', 'Bernice Patricia', 0, '', 2, '2022-11-10', '10:38:28', 25000, 'PROMO TP 5 Nop 22', 50000, 1, 0, 0, 'tunai', 0, 0, '2022-11-10 03:38:28', '2022-11-10 03:38:28'),
(111, 'T15122000101', 5, 5, 5, 12, '', 'Bernice Patricia', 0, '', 2, '2022-11-10', '10:42:48', 25000, 'PROMO TP 5 Nop 22', 50000, 1, 0, 0, 'tunai', 0, 0, '2022-11-10 03:42:48', '2022-11-10 03:42:48'),
(112, 'T15122000101', 5, 5, 5, 12, '', 'Bernice Patricia', 0, '', 3, '2022-11-10', '11:27:01', 25000, 'PROMO TP 5 Nop 22', 50000, 1, 0, 0, 'tunai', 0, 0, '2022-11-10 04:27:01', '2022-11-10 04:27:01'),
(113, 'T15122000101', 5, 5, 5, 12, '', 'Bernice Patricia', 0, '', 1, '2022-11-10', '11:28:23', 25000, 'PROMO TP 5 Nop 22', 50000, 1, 0, 0, 'tunai', 0, 0, '2022-11-10 04:28:23', '2022-11-10 04:28:23'),
(114, 'T15122000101', 5, 5, 5, 12, '', 'Bernice Patricia', 0, '', 2, '2022-11-10', '11:32:03', 25000, 'PROMO TP 5 Nop 22', 50000, 1, 0, 0, 'tunai', 0, 0, '2022-11-10 04:32:03', '2022-11-10 04:32:03'),
(115, 'T15122000101', 5, 5, 5, 12, '', 'Bernice Patricia', 0, '', 2, '2022-11-10', '11:33:52', 25000, 'PROMO TP 5 Nop 22', 50000, 1, 0, 0, 'tunai', 0, 0, '2022-11-10 04:33:52', '2022-11-10 04:33:52'),
(116, 'T15122000101', 5, 5, 5, 12, '', 'Bernice Patricia', 0, '', 3, '2022-11-10', '11:37:58', 25000, 'PROMO TP 5 Nop 22', 50000, 1, 0, 0, 'bank', 0, 0, '2022-11-10 04:37:58', '2022-11-10 04:37:58'),
(117, 'T15122000101', 5, 5, 5, 12, '', 'Bernice Patricia', 0, '', 2, '2022-11-10', '11:39:31', 25000, 'PROMO TP 5 Nop 22', 50000, 1, 0, 0, 'tunai', 0, 0, '2022-11-10 04:39:31', '2022-11-10 04:39:31'),
(118, 'T15122000101', 5, 5, 5, 12, '', 'Bernice Patricia', 0, '', 2, '2022-11-10', '11:43:21', 25000, 'PROMO TP 5 Nop 22', 50000, 1, 0, 0, 'tunai', 0, 0, '2022-11-10 04:43:21', '2022-11-10 04:43:21'),
(119, 'T15122000101', 5, 5, 5, 12, '', 'Bernice Patricia', 0, '', 3, '2022-11-10', '11:49:10', 25000, 'PROMO TP 5 Nop 22', 50000, 1, 0, 0, 'tunai', 0, 0, '2022-11-10 04:49:10', '2022-11-10 04:49:10'),
(120, 'T15122000101', 5, 5, 5, 12, '', 'Bernice Patricia', 0, '', 2, '2022-11-10', '12:15:56', 25000, 'PROMO TP 6 Nop 22', 50000, 1, 0, 0, 'tunai', 0, 0, '2022-11-10 05:15:56', '2022-11-10 05:15:56'),
(121, 'T15122000101', 5, 5, 5, 12, '', 'Bernice Patricia', 0, '', 3, '2022-11-10', '12:21:08', 25000, 'PROMO TP 6 Nop 22', 50000, 1, 0, 0, 'tunai', 0, 0, '2022-11-10 05:21:08', '2022-11-10 05:21:08'),
(122, 'T15122000101', 5, 5, 5, 12, '', 'Bernice Patricia', 0, '', 2, '2022-11-10', '12:23:21', 25000, 'PROMO TP 6 Nop 22', 50000, 1, 0, 0, 'tunai', 0, 0, '2022-11-10 05:23:21', '2022-11-10 05:23:21'),
(123, 'T15122000101', 5, 5, 5, 12, '', 'Bernice Patricia', 0, '', 2, '2022-11-10', '12:27:11', 25000, 'PROMO TP 6 Nop 22', 50000, 1, 0, 0, 'tunai', 0, 0, '2022-11-10 05:27:11', '2022-11-10 05:27:11'),
(124, 'T15122000101', 5, 5, 5, 12, '', 'Bernice Patricia', 0, '', 1, '2022-11-10', '12:29:17', 25000, 'PROMO TP 6 Nop 22', 50000, 1, 0, 0, 'tunai', 0, 0, '2022-11-10 05:29:17', '2022-11-10 05:29:17'),
(125, 'T15122000101', 5, 5, 5, 12, '', 'Bernice Patricia', 0, '', 2, '2022-11-10', '12:30:50', 25000, 'PROMO TP 6 Nop 22', 50000, 1, 0, 0, 'tunai', 0, 0, '2022-11-10 05:30:50', '2022-11-10 05:30:50'),
(126, 'T15122000101', 5, 5, 5, 12, '', 'Bernice Patricia', 0, '', 3, '2022-11-10', '12:32:36', 25000, 'PROMO TP 6 Nop 22', 50000, 1, 0, 0, 'tunai', 0, 0, '2022-11-10 05:32:36', '2022-11-10 05:32:36'),
(127, 'T15122000101', 5, 5, 5, 12, '', 'Bernice Patricia', 0, '', 2, '2022-11-10', '12:36:35', 25000, 'PROMO TP 6 Nop 22', 50000, 1, 0, 0, 'tunai', 0, 0, '2022-11-10 05:36:35', '2022-11-10 05:36:35'),
(128, 'T15122000101', 5, 5, 5, 12, '', 'Bernice Patricia', 0, '', 1, '2022-11-10', '12:40:29', 25000, 'PROMO TP 6 Nop 22', 50000, 1, 0, 0, 'tunai', 0, 0, '2022-11-10 05:40:29', '2022-11-10 05:40:29'),
(129, 'T15122000101', 5, 5, 5, 12, '', 'Bernice Patricia', 0, '', 1, '2022-11-10', '12:42:39', 25000, 'PROMO TP 6 Nop 22', 50000, 1, 0, 0, 'tunai', 0, 0, '2022-11-10 05:42:39', '2022-11-10 05:42:39'),
(130, 'T15122000101', 5, 5, 5, 12, '', 'Bernice Patricia', 0, '', 1, '2022-11-10', '12:44:06', 25000, 'PROMO TP 6 Nop 22', 50000, 1, 0, 0, 'tunai', 0, 0, '2022-11-10 05:44:06', '2022-11-10 05:44:06'),
(131, 'T15122000101', 5, 5, 5, 12, '', 'Bernice Patricia', 0, '', 1, '2022-11-10', '12:44:57', 25000, 'PROMO TP 6 Nop 22', 50000, 1, 0, 0, 'tunai', 0, 0, '2022-11-10 05:44:57', '2022-11-10 05:44:57'),
(132, 'T15122000101', 5, 5, 5, 12, '', 'Bernice Patricia', 0, '', 2, '2022-11-10', '12:46:26', 25000, 'PROMO TP 6 Nop 22', 50000, 1, 0, 0, 'bank', 0, 0, '2022-11-10 05:46:26', '2022-11-10 05:46:26'),
(133, 'T15122000101', 5, 5, 5, 12, '', 'Bernice Patricia', 0, '', 3, '2022-11-10', '01:09:18', 25000, 'PROMO TP 6 Nop 22, Sugar Baby diganti British Rose', 50000, 1, 0, 0, 'tunai', 0, 0, '2022-11-10 06:09:18', '2022-11-10 06:09:18'),
(134, 'T15122000101', 5, 5, 5, 5, '', 'Distributor Tp', 0, '', 1, '2023-05-16', '11:15:29', 0, '-', 125000, 1, 0, 0, 'tunai', 0, 0, '2023-05-16 04:15:29', '2023-05-16 04:15:29'),
(135, 'T15122000101', 5, 5, 5, 5, '', 'Distributor Tp', 0, '', 1, '2023-05-16', '10:03:38', 0, '-', 50000, 1, 0, 0, 'tunai', 0, 0, '2023-05-16 15:03:38', '2023-05-16 15:03:38'),
(136, 'T15122000101', 5, 5, 5, 5, '', 'Distributor Tp', 0, '', 1, '2023-05-16', '11:10:39', 0, '-', 25000, 1, 0, 0, 'tunai', 0, 0, '2023-05-16 16:10:39', '2023-05-16 16:10:39'),
(137, 'T15122000102', 5, 5, 5, 5, '', 'Distributor Tp', 0, '', 1, '2023-05-18', '08:48:58', 0, '-', 25000, 1, 0, 0, 'tunai', 0, 0, '2023-05-18 01:48:58', '2023-05-18 01:48:58'),
(138, 'T15122000103', 5, 5, 5, 5, '', 'Distributor Tp', 0, '', 1, '2023-05-18', '08:52:17', 0, '-', 25000, 1, 0, 0, 'tunai', 0, 0, '2023-05-18 01:52:17', '2023-05-18 01:52:17'),
(139, 'T15122000104', 5, 5, 5, 5, '', 'Distributor Tp', 0, '', 1, '2023-05-18', '08:57:25', 0, '-', 25000, 1, 0, 0, 'tunai', 0, 0, '2023-05-18 01:57:25', '2023-05-18 01:57:25'),
(140, 'T15122000105', 5, 5, 5, 5, '', 'Distributor Tp', 0, '', 1, '2023-05-18', '09:17:39', 0, '-', 25200, 1, 0, 0, 'tunai', 0, 0, '2023-05-18 02:17:39', '2023-05-18 02:17:39'),
(141, 'T15122000106', 5, 5, 5, 5, 'akus', 'Distributor Tp', 0, '', 1, '2023-05-18', '09:27:45', 0, '-', 25200, 1, 0, 0, 'bank', 0, 0, '2023-05-18 02:27:45', '2023-05-18 02:27:45'),
(142, 'T15122000106', 5, 5, 5, 5, 'ana nahnu', 'Distributor Tp', 0, '', 1, '2023-05-18', '09:28:45', 1, '-', 37800, 1, 0, 0, 'bank', 0, 0, '2023-05-18 02:28:45', '2023-05-18 02:28:45'),
(143, 'T15122000107', 5, 5, 5, 5, 'Da Waii', 'Distributor Tp', 0, '', 1, '2023-05-18', '09:30:33', 0, '-', 25200, 1, 0, 0, 'bank', 0, 0, '2023-05-18 02:30:33', '2023-05-18 02:30:33'),
(144, 'T15122000108', 5, 5, 5, 5, 'Farul', 'Distributor Tp', 0, '', 1, '2023-05-18', '11:46:12', 0, '-', 12600, 1, 0, 0, 'tunai', 0, 0, '2023-05-18 04:46:12', '2023-05-18 04:46:12'),
(145, 'T15122000109', 5, 5, 5, 5, 'ASASa', 'Distributor Tp', 0, '', 1, '2023-05-18', '02:12:20', 0, '-', 25000, 1, 0, 0, 'tunai', 0, 0, '2023-05-18 07:12:20', '2023-05-18 07:12:20'),
(146, 'T15122000101', 5, 5, 5, 5, '', 'Distributor Tp', 0, '', 1, '2023-05-18', '03:50:15', 25000, 'PROMO TP 3 Nop 22', 50000, 1, 0, 0, 'bank', 0, 0, '2023-05-18 08:50:15', '2023-05-18 08:50:15'),
(147, 'T15122000102', 5, 5, 5, 5, '', 'Distributor Tp', 0, '', 1, '2023-05-18', '03:50:15', 15000, 'PROMO TP 3 Nop 22', 50000, 1, 0, 0, 'bank', 0, 0, '2023-05-18 08:50:15', '2023-05-18 08:50:15'),
(148, 'T15122000103', 5, 5, 5, 5, '', 'Distributor Tp', 0, '', 1, '2023-05-18', '03:50:15', 20000, 'PROMO TP 3 Nop 22', 50000, 1, 0, 0, 'bank', 0, 0, '2023-05-18 08:50:15', '2023-05-18 08:50:15'),
(149, 'T15122000104', 5, 5, 5, 5, '', 'Distributor Tp', 0, '', 1, '2023-05-18', '03:50:15', 25000, 'PROMO TP 3 Nop 22', 50000, 1, 0, 0, 'bank', 0, 0, '2023-05-18 08:50:15', '2023-05-18 08:50:15'),
(150, 'T15122000102', 5, 5, 5, 5, 'Fajrul', 'Distributor Tp', 0, '', 1, '2023-05-19', '03:23:26', 0, '-', 50000, 1, 0, 0, 'tunai', 0, 0, '2023-05-19 08:23:26', '2023-05-19 08:23:26'),
(151, 'T15122000103', 5, 5, 5, 5, 'Fajrul', 'Distributor Tp', 0, '', 1, '2023-05-22', '02:59:52', 0, '-', 25200, 1, 0, 0, 'tunai', 0, 0, '2023-05-21 19:59:52', '2023-05-21 19:59:52'),
(152, 'T15122000104', 5, 5, 19, 19, 'Me', 'seller 1', 0, '', 1, '2023-05-22', '03:44:47', 0, '-', 52000, 1, 0, 0, 'tunai', 0, 0, '2023-05-21 20:44:47', '2023-05-21 20:44:47'),
(153, 'T15122000105', 5, 5, 19, 19, 'Me', 'seller 1', 0, '', 1, '2023-05-22', '04:17:19', 0, '-', 26000, 1, 0, 0, 'tunai', 0, 0, '2023-05-21 21:17:19', '2023-05-21 21:17:19'),
(155, 'T15122000106', 5, 5, 5, 5, 'Siti', 'Distributor Tp', 0, '', 1, '2023-05-25', '04:45:22', 0, '-', 250000, 1, 0, 0, 'bank', 0, 0, '2023-05-25 09:45:22', '2023-05-25 09:45:22'),
(156, 'T15122000107', 5, 5, 5, 5, 'Ucup', 'Distributor Tp', 0, '', 1, '2023-05-26', '12:16:59', 0, '-', 90000, 1, 0, 0, 'bank', 0, 0, '2023-05-26 05:16:59', '2023-05-26 05:16:59'),
(157, 'T15122000108', 5, 5, 5, 5, 'Wati', 'Distributor Tp', 0, '', 1, '2023-05-26', '12:35:32', 0, '-', 300000, 1, 0, 0, 'tunai', 0, 0, '2023-05-26 05:35:32', '2023-05-26 05:35:32'),
(158, 'T15122000109', 5, 5, 19, 19, 'Udin', 'seller 1', 0, '', 1, '2023-05-26', '01:15:17', 0, '-', 250000, 1, 0, 0, 'bank', 0, 0, '2023-05-26 06:15:17', '2023-05-26 06:15:17'),
(159, 'T15122000110', 5, 5, 34, 34, 'Mawar', 'seller Tp', 0, '', 1, '2023-05-26', '03:08:54', 0, '-', 250000, 1, 0, 0, 'tunai', 0, 0, '2023-05-26 08:08:54', '2023-05-26 08:08:54');

-- --------------------------------------------------------

--
-- Table structure for table `users`
--

CREATE TABLE `users` (
  `id` bigint(20) UNSIGNED NOT NULL,
  `user_position` varchar(255) COLLATE utf8mb4_unicode_ci NOT NULL,
  `id_group` bigint(20) UNSIGNED NOT NULL,
  `username` varchar(255) COLLATE utf8mb4_unicode_ci NOT NULL,
  `image` varchar(255) COLLATE utf8mb4_unicode_ci DEFAULT NULL,
  `password` varchar(255) COLLATE utf8mb4_unicode_ci DEFAULT NULL,
  `firstname` varchar(255) COLLATE utf8mb4_unicode_ci NOT NULL,
  `lastname` varchar(255) COLLATE utf8mb4_unicode_ci NOT NULL,
  `no_hp` varchar(255) COLLATE utf8mb4_unicode_ci NOT NULL,
  `ktp` varchar(255) COLLATE utf8mb4_unicode_ci NOT NULL,
  `email` varchar(255) COLLATE utf8mb4_unicode_ci NOT NULL,
  `province_id` bigint(20) UNSIGNED NOT NULL,
  `city_id` bigint(20) UNSIGNED NOT NULL,
  `address` varchar(255) COLLATE utf8mb4_unicode_ci NOT NULL,
  `postcode` varchar(255) COLLATE utf8mb4_unicode_ci NOT NULL,
  `remember_token` varchar(100) COLLATE utf8mb4_unicode_ci DEFAULT NULL,
  `cluster` varchar(255) COLLATE utf8mb4_unicode_ci DEFAULT NULL,
  `tokopedia` varchar(255) COLLATE utf8mb4_unicode_ci DEFAULT NULL,
  `shopee` varchar(255) COLLATE utf8mb4_unicode_ci DEFAULT NULL,
  `lazada` varchar(255) COLLATE utf8mb4_unicode_ci DEFAULT NULL,
  `bukalapak` varchar(255) COLLATE utf8mb4_unicode_ci DEFAULT NULL,
  `blibli` varchar(255) COLLATE utf8mb4_unicode_ci DEFAULT NULL,
  `id_input` int(11) NOT NULL,
  `nama_input` varchar(255) COLLATE utf8mb4_unicode_ci NOT NULL,
  `crm_poin` int(11) NOT NULL,
  `bonus_penjualan_sales` int(11) NOT NULL,
  `created_at` timestamp NULL DEFAULT NULL,
  `updated_at` timestamp NULL DEFAULT NULL,
  `lihat_barang` tinyint(1) NOT NULL,
  `tambah_barang` tinyint(1) NOT NULL,
  `edit_barang` tinyint(1) NOT NULL,
  `hapus_barang` tinyint(1) NOT NULL,
  `pasok_barang` tinyint(1) NOT NULL,
  `lihat_tracking_sales` tinyint(1) NOT NULL,
  `lihat_crm` tinyint(1) NOT NULL,
  `input_poin_crm` tinyint(1) NOT NULL,
  `input_reward_crm` tinyint(1) NOT NULL,
  `acc_reward` tinyint(1) NOT NULL,
  `lihat_pos` tinyint(1) NOT NULL,
  `input_pos` tinyint(1) NOT NULL,
  `acc_transaksi` tinyint(1) NOT NULL,
  `input_retur` tinyint(1) NOT NULL,
  `acc_retur` tinyint(1) NOT NULL,
  `lihat_laporan_retur_penjualan` tinyint(1) NOT NULL,
  `lihat_laporan_retur_pembelian` tinyint(1) NOT NULL,
  `lihat_laporan_penjualan` tinyint(1) NOT NULL,
  `lihat_laporan_pembelian` tinyint(1) NOT NULL,
  `lihat_laporan_pegawai` tinyint(1) NOT NULL
) ENGINE=InnoDB DEFAULT CHARSET=utf8mb4 COLLATE=utf8mb4_unicode_ci;

--
-- Dumping data for table `users`
--

INSERT INTO `users` (`id`, `user_position`, `id_group`, `username`, `image`, `password`, `firstname`, `lastname`, `no_hp`, `ktp`, `email`, `province_id`, `city_id`, `address`, `postcode`, `remember_token`, `cluster`, `tokopedia`, `shopee`, `lazada`, `bukalapak`, `blibli`, `id_input`, `nama_input`, `crm_poin`, `bonus_penjualan_sales`, `created_at`, `updated_at`, `lihat_barang`, `tambah_barang`, `edit_barang`, `hapus_barang`, `pasok_barang`, `lihat_tracking_sales`, `lihat_crm`, `input_poin_crm`, `input_reward_crm`, `acc_reward`, `lihat_pos`, `input_pos`, `acc_transaksi`, `input_retur`, `acc_retur`, `lihat_laporan_retur_penjualan`, `lihat_laporan_retur_pembelian`, `lihat_laporan_penjualan`, `lihat_laporan_pembelian`, `lihat_laporan_pegawai`) VALUES
(1, 'superadmin_pabrik', 1, 'superadmin', NULL, '$2y$10$dXHwwjGcwczBrGRdjLdmiedtYlmTO4k41TCMzvI/kcbZ1EpeNdEUO', 'Superadmin', 'Astana', '', '0000000000000000', 'astana@gmail.com', 11, 1101, 'jalan ACEH KABUPATEN SIMEULUE', '11011', NULL, NULL, NULL, NULL, NULL, NULL, NULL, 0, 'Default System', 0, 0, '2022-11-02 02:11:37', '2022-11-11 06:29:34', 1, 1, 1, 1, 1, 1, 1, 1, 1, 1, 0, 0, 1, 0, 1, 1, 0, 1, 1, 1),
(3, 'superadmin_distributor', 3, 'distributorjunaidi', NULL, '$2y$10$hymIPQDfY/NipFlm37RdJO0Uw7IOt.WY2CM6mtEQ2NFVLpicVYr.m', 'distributor', 'junaidi', '098765432109', '0987654321098765', 'distributorjunaidi@gmail.com', 35, 3578, 'jalan sby', '11012', NULL, 'klasterA', NULL, NULL, NULL, NULL, NULL, 1, 'Superadmin Astana', 0, 0, '2022-11-02 19:51:56', '2023-05-26 07:19:40', 1, 0, 1, 0, 0, 1, 1, 0, 0, 0, 1, 1, 1, 1, 1, 1, 1, 1, 1, 1),
(4, 'superadmin_distributor', 4, 'distributorptc', NULL, '$2y$10$cPrm0OfzHifnDJcxhdB86u.Bdgy/l5PHQJjgyD2f5PsvQtzzVLzay', 'distributor', 'ptc', '081208120812', '0812081208120812', 'distributorptc@gmail.com', 35, 3578, 'jalan sby', '08120', NULL, 'klasterA', NULL, NULL, NULL, NULL, NULL, 4, 'distributor ptc', 0, 0, '2022-11-02 19:52:56', '2022-11-21 07:48:40', 1, 0, 1, 0, 0, 1, 1, 0, 0, 0, 1, 1, 1, 1, 1, 1, 1, 1, 1, 1),
(5, 'superadmin_distributor', 5, 'DistributorTp', NULL, '$2y$10$lsYEFhAUUMEcToZZRO/2Kebpdaic.409CiPE4DL0zhBc3TSt.9YZu', 'Distributor', 'Tp', '088812345678', '1111222233334444', 'Tp@gmail.com', 35, 3578, 'aaa', '12345', NULL, 'klasterA', NULL, NULL, NULL, NULL, NULL, 1, 'Superadmin Astana', 0, 0, '2022-11-03 01:49:59', '2022-11-03 01:49:59', 1, 0, 1, 0, 0, 1, 1, 0, 0, 0, 1, 1, 1, 1, 1, 1, 1, 1, 1, 1),
(8, 'cashier_distributor', 3, 'Ela', NULL, '$2y$10$5hUVaNj9uqzUqp/zmYZ8I./rGuJAY.IIb7mSrefRp7HpRVi4LCfzK', 'Rufaedah', 'Laela', '123456', '1234567891234567', 'ela@gmail.com', 35, 3578, 'Darmo Indah Timur X blok Q no 12', '60117', NULL, NULL, NULL, NULL, NULL, NULL, NULL, 3, 'distributor junaidi', 0, 0, '2022-11-03 06:16:31', '2022-11-03 06:17:15', 1, 0, 1, 0, 0, 0, 0, 0, 0, 0, 1, 1, 1, 1, 1, 0, 0, 1, 1, 0),
(10, 'cashier_distributor', 5, 'adel', NULL, '$2y$10$35c4lElg12WzGUyqst17P.zahHw7iRd0QGz2IyZ1u3DiqRAXsRcEy', 'adel', 'astana', '0888123123123', '1234567812345678', 'adel@gmail.com', 35, 3578, 'deus', '12345', NULL, NULL, NULL, NULL, NULL, NULL, NULL, 5, 'Distributor Tp', 0, 0, '2022-11-03 07:16:39', '2022-11-03 07:16:39', 1, 0, 0, 0, 0, 0, 0, 0, 0, 0, 1, 1, 1, 0, 0, 0, 0, 0, 0, 0),
(11, 'cashier_distributor', 5, 'george', NULL, '$2y$10$j8dhzROFttj.yoKy.m7DQ.BDv4gmRpZod4xd62719BwHJU/FUWiRG', 'george', 'astana', '123456123456', '1234123412341212', 'george@gmail.com', 35, 3578, 'deus', '12345', NULL, NULL, NULL, NULL, NULL, NULL, NULL, 5, 'Distributor Tp', 0, 0, '2022-11-03 07:17:57', '2022-11-03 07:17:57', 1, 0, 0, 0, 0, 0, 0, 0, 0, 0, 1, 1, 1, 0, 0, 0, 0, 0, 0, 0),
(12, 'cashier_distributor', 5, 'Bernice_Astana', NULL, '$2y$10$qnPOmVMq5.h6cTPuXzGeAunCUG0F4FMHETz/E0bapU3nJbsh5q5SS', 'Bernice', 'Patricia', '081359815297', '1234567812345670', 'bernice@gmail.com', 35, 3578, 'Kebraon', '60222', NULL, NULL, NULL, NULL, NULL, NULL, NULL, 5, 'Distributor Tp', 0, 0, '2022-11-03 07:21:28', '2022-11-03 07:23:58', 1, 0, 0, 0, 0, 0, 0, 0, 0, 0, 1, 1, 1, 0, 0, 0, 0, 0, 0, 0),
(13, 'cashier_distributor', 3, 'Rizky', NULL, '$2y$10$kK6aCPszJ21/uGRxxC684eytjaJT3iH42KQE80eIh2/xaaLJYX12W', 'Rizky', 'Pasca', '123456', '1234567891234565', 'rizky@gmail.com', 35, 3578, 'Darmo Indah Timur X blok Q no 12', '60117', NULL, NULL, NULL, NULL, NULL, NULL, NULL, 3, 'distributor junaidi', 0, 0, '2022-11-05 02:31:40', '2022-11-05 02:32:29', 1, 0, 0, 0, 0, 1, 0, 0, 0, 0, 1, 0, 0, 0, 0, 0, 0, 0, 0, 1),
(15, 'superadmin_distributor', 6, 'Febri', NULL, '$2y$10$IOADi60g9CQv49eZ014naugeH3cYh06eE2uUXHjbFZ7KWkPa1O9z.', 'febri', 'fewbri', '03421047891', '1111999911119999', 'febri@gmail.com', 21, 2104, 'sda', '31432', NULL, 'klasterB', NULL, NULL, NULL, NULL, NULL, 1, 'Superadmin Astana', 0, 0, '2022-12-10 03:09:09', '2023-05-26 07:22:32', 1, 0, 1, 0, 0, 1, 1, 0, 0, 0, 1, 1, 1, 1, 1, 1, 1, 1, 1, 1),
(19, 'reseller', 5, 'seller', NULL, '$2y$10$/Cs8kP53kX0jZsuRzxpTLuhJ9uv0wzKBfSxRycFpIXK2U53hVzk4K', 'seller', '1', '08377812932', '0000000000000015', 'seller@gmail.com', 33, 3306, 'Jl. Address Place', '12312', NULL, NULL, 'https://www.youtube.com/', 'https://www.youtube.com/', 'https://www.youtube.com/', 'https://www.youtube.com/', 'https://www.youtube.com/', 5, 'Distributor Tp', 0, 0, '2023-05-17 03:14:13', '2023-05-17 03:14:13', 1, 0, 1, 0, 0, 0, 1, 0, 0, 0, 1, 1, 0, 1, 1, 1, 1, 1, 1, 0),
(33, 'superadmin_distributor', 29, 'distributorAsd', NULL, '$2y$10$iNz/Ou7nyeZUS8l08hTC9Ow.pEhwit40AS/v2oTVhfrh9WO6T9x0S', 'distributor', 'Asd', '081234567890', '0123456789101211', 'distributorAsd@gmail.com', 35, 3515, 'DSA', '61234', NULL, NULL, NULL, NULL, NULL, NULL, NULL, 1, 'Superadmin Astana', 0, 0, '2023-05-26 07:59:21', '2023-05-26 07:59:21', 1, 0, 1, 0, 0, 1, 1, 0, 0, 0, 1, 1, 1, 1, 1, 1, 1, 1, 1, 1),
(34, 'reseller', 5, 'sellerTp', NULL, '$2y$10$ZOGzUs9Xi0U4Wx.3BnRbJO9Qhc0kCwh/yN/kQ2y/LfGRumQKvbZWK', 'seller', 'Tp', '081234567891', '0123456789101213', 'sellerTp@gmail.com', 35, 3515, 'DSC', '61235', NULL, NULL, NULL, NULL, NULL, NULL, NULL, 5, 'Distributor Tp', 0, 0, '2023-05-26 08:02:38', '2023-05-26 08:02:38', 1, 0, 1, 0, 0, 0, 1, 0, 0, 0, 1, 1, 0, 1, 1, 1, 1, 1, 1, 0);

-- --------------------------------------------------------

--
-- Table structure for table `user_histories`
--

CREATE TABLE `user_histories` (
  `id` bigint(20) UNSIGNED NOT NULL,
  `id_user` bigint(20) UNSIGNED NOT NULL,
  `id_group` bigint(20) UNSIGNED NOT NULL,
  `kegiatan` varchar(255) COLLATE utf8mb4_unicode_ci NOT NULL,
  `created_at` timestamp NULL DEFAULT NULL,
  `updated_at` timestamp NULL DEFAULT NULL
) ENGINE=InnoDB DEFAULT CHARSET=utf8mb4 COLLATE=utf8mb4_unicode_ci;

--
-- Dumping data for table `user_histories`
--

INSERT INTO `user_histories` (`id`, `id_user`, `id_group`, `kegiatan`, `created_at`, `updated_at`) VALUES
(1, 1, 1, 'Log In', '2022-11-02 02:11:49', '2022-11-02 02:11:49'),
(2, 1, 1, 'Log Out', '2022-11-02 02:12:12', '2022-11-02 02:12:12'),
(3, 1, 1, 'Log In', '2022-11-02 02:33:57', '2022-11-02 02:33:57'),
(4, 1, 1, 'Log Out', '2022-11-02 02:34:19', '2022-11-02 02:34:19'),
(5, 1, 1, 'Log In', '2022-11-02 02:49:03', '2022-11-02 02:49:03'),
(6, 1, 1, 'Log In', '2022-11-02 03:09:03', '2022-11-02 03:09:03'),
(7, 1, 1, 'Log In', '2022-11-02 08:41:48', '2022-11-02 08:41:48'),
(8, 1, 1, 'Log In', '2022-11-02 09:27:37', '2022-11-02 09:27:37'),
(9, 1, 1, 'Log Out', '2022-11-02 09:27:44', '2022-11-02 09:27:44'),
(10, 1, 1, 'Log In', '2022-11-02 09:33:48', '2022-11-02 09:33:48'),
(11, 1, 1, 'Log In', '2022-11-02 10:15:07', '2022-11-02 10:15:07'),
(12, 1, 1, 'Log In', '2022-11-02 19:38:22', '2022-11-02 19:38:22'),
(13, 1, 1, 'Create akun \'distributor surabaya\'', '2022-11-02 19:49:43', '2022-11-02 19:49:43'),
(14, 1, 1, 'Create akun \'distributor junaidi\'', '2022-11-02 19:51:56', '2022-11-02 19:51:56'),
(15, 1, 1, 'Create akun \'distributor ptc\'', '2022-11-02 19:52:56', '2022-11-02 19:52:56'),
(16, 1, 1, 'Log Out', '2022-11-02 19:53:42', '2022-11-02 19:53:42'),
(17, 2, 2, 'Log In', '2022-11-02 19:53:57', '2022-11-02 19:53:57'),
(18, 2, 2, 'Log Out', '2022-11-02 19:54:04', '2022-11-02 19:54:04'),
(19, 1, 1, 'Log In', '2022-11-03 01:27:42', '2022-11-03 01:27:42'),
(20, 1, 1, 'Log In', '2022-11-03 01:44:36', '2022-11-03 01:44:36'),
(21, 1, 1, 'Create akun \'Distributor Tp\'', '2022-11-03 01:49:59', '2022-11-03 01:49:59'),
(22, 1, 1, 'Create product \'Angel Blossom\'', '2022-11-03 01:51:34', '2022-11-03 01:51:34'),
(23, 1, 1, 'Create product \'Aqua Man\'', '2022-11-03 01:52:19', '2022-11-03 01:52:19'),
(24, 1, 1, 'Edit product \'Angel Blossom\'', '2022-11-03 01:52:30', '2022-11-03 01:52:30'),
(25, 1, 1, 'Create product \'British Rose\'', '2022-11-03 01:53:00', '2022-11-03 01:53:00'),
(26, 1, 1, 'Log Out', '2022-11-03 01:53:11', '2022-11-03 01:53:11'),
(27, 1, 1, 'Log Out', '2022-11-03 01:53:25', '2022-11-03 01:53:25'),
(28, 5, 5, 'Log In', '2022-11-03 01:53:26', '2022-11-03 01:53:26'),
(29, 5, 5, 'Log In', '2022-11-03 01:53:38', '2022-11-03 01:53:38'),
(30, 5, 5, 'Create transaksi \'T15122000101\'', '2022-11-03 01:55:22', '2022-11-03 01:55:22'),
(31, 5, 5, 'Log Out', '2022-11-03 01:55:26', '2022-11-03 01:55:26'),
(32, 1, 1, 'Log In', '2022-11-03 01:55:29', '2022-11-03 01:55:29'),
(33, 5, 5, 'Log Out', '2022-11-03 01:55:31', '2022-11-03 01:55:31'),
(34, 1, 1, 'Approve transaksi distributor \'T15122000101\'', '2022-11-03 01:55:37', '2022-11-03 01:55:37'),
(35, 1, 1, 'Log Out', '2022-11-03 01:55:41', '2022-11-03 01:55:41'),
(36, 5, 5, 'Log In', '2022-11-03 01:55:48', '2022-11-03 01:55:48'),
(37, 5, 5, 'Log In', '2022-11-03 01:55:48', '2022-11-03 01:55:48'),
(38, 5, 5, 'Edit harga jual \'Angel Blossom\'', '2022-11-03 01:56:06', '2022-11-03 01:56:06'),
(39, 5, 5, 'Edit harga jual \'Aqua Man\'', '2022-11-03 01:56:16', '2022-11-03 01:56:16'),
(40, 5, 5, 'Edit harga jual \'British Rose\'', '2022-11-03 01:56:25', '2022-11-03 01:56:25'),
(41, 2, 2, 'Log In', '2022-11-03 04:40:10', '2022-11-03 04:40:10'),
(42, 2, 2, 'Log Out', '2022-11-03 04:40:23', '2022-11-03 04:40:23'),
(43, 1, 1, 'Log In', '2022-11-03 04:44:03', '2022-11-03 04:44:03'),
(44, 1, 1, 'Log Out', '2022-11-03 05:35:45', '2022-11-03 05:35:45'),
(45, 4, 4, 'Log In', '2022-11-03 05:53:44', '2022-11-03 05:53:44'),
(46, 4, 4, 'Create akun \'Adel Astana\'', '2022-11-03 05:55:13', '2022-11-03 05:55:13'),
(47, 4, 4, 'Create akun \'George Astana\'', '2022-11-03 05:56:26', '2022-11-03 05:56:26'),
(48, 7, 4, 'Log In', '2022-11-03 05:57:36', '2022-11-03 05:57:36'),
(49, 6, 4, 'Log In', '2022-11-03 06:00:51', '2022-11-03 06:00:51'),
(50, 1, 1, 'Log In', '2022-11-03 06:11:07', '2022-11-03 06:11:07'),
(51, 1, 1, 'Log Out', '2022-11-03 06:12:45', '2022-11-03 06:12:45'),
(52, 3, 3, 'Log In', '2022-11-03 06:12:56', '2022-11-03 06:12:56'),
(53, 3, 3, 'Create akun \'Rufaedah Laela\'', '2022-11-03 06:16:31', '2022-11-03 06:16:31'),
(54, 3, 3, 'Create akun \'Jason Tenny\'', '2022-11-03 06:18:33', '2022-11-03 06:18:33'),
(55, 8, 3, 'Log In', '2022-11-03 06:31:24', '2022-11-03 06:31:24'),
(56, 9, 3, 'Log In', '2022-11-03 06:58:35', '2022-11-03 06:58:35'),
(57, 5, 5, 'Log In', '2022-11-03 07:03:19', '2022-11-03 07:03:19'),
(58, 4, 4, 'Delete akun \'Adel Astana\'', '2022-11-03 07:14:15', '2022-11-03 07:14:15'),
(59, 4, 4, 'Delete akun \'George Astana\'', '2022-11-03 07:14:21', '2022-11-03 07:14:21'),
(60, 5, 5, 'Log In', '2022-11-03 07:15:03', '2022-11-03 07:15:03'),
(61, 5, 5, 'Create akun \'adel astana\'', '2022-11-03 07:16:39', '2022-11-03 07:16:39'),
(62, 5, 5, 'Create akun \'george astana\'', '2022-11-03 07:17:57', '2022-11-03 07:17:57'),
(63, 5, 5, 'Create akun \'Bernice Patricia\'', '2022-11-03 07:21:28', '2022-11-03 07:21:28'),
(64, 5, 5, 'Log Out', '2022-11-03 07:21:43', '2022-11-03 07:21:43'),
(65, 4, 4, 'Log Out', '2022-11-03 07:22:35', '2022-11-03 07:22:35'),
(66, 4, 4, 'Log In', '2022-11-03 07:22:40', '2022-11-03 07:22:40'),
(67, 4, 4, 'Log Out', '2022-11-03 07:22:47', '2022-11-03 07:22:47'),
(68, 5, 5, 'Log In', '2022-11-03 07:23:30', '2022-11-03 07:23:30'),
(69, 5, 5, 'Edit akun \'Bernice Patricia\'', '2022-11-03 07:23:58', '2022-11-03 07:23:58'),
(70, 12, 5, 'Log In', '2022-11-03 07:24:02', '2022-11-03 07:24:02'),
(71, 12, 5, 'Log Out', '2022-11-03 07:30:42', '2022-11-03 07:30:42'),
(72, 5, 5, 'Log In', '2022-11-03 07:30:59', '2022-11-03 07:30:59'),
(73, 5, 5, 'Log Out', '2022-11-03 07:57:37', '2022-11-03 07:57:37'),
(74, 1, 1, 'Log In', '2022-11-03 07:57:52', '2022-11-03 07:57:52'),
(75, 1, 1, 'Edit stok \'Angel Blossom\' - distributor \'distributor junaidi\'', '2022-11-03 07:59:25', '2022-11-03 07:59:25'),
(76, 1, 1, 'Create product \'Vanilla\'', '2022-11-03 08:00:15', '2022-11-03 08:00:15'),
(77, 1, 1, 'Create product \'Sugar Baby\'', '2022-11-03 08:00:58', '2022-11-03 08:00:58'),
(78, 1, 1, 'Edit stok \'Angel Blossom\' - distributor \'distributor junaidi\'', '2022-11-03 08:01:23', '2022-11-03 08:01:23'),
(79, 1, 1, 'Edit stok \'Aqua Man\' - distributor \'distributor junaidi\'', '2022-11-03 08:01:51', '2022-11-03 08:01:51'),
(80, 1, 1, 'Log In', '2022-11-03 08:02:08', '2022-11-03 08:02:08'),
(81, 1, 1, 'Edit stok \'Angel Blossom\' - distributor \'distributor junaidi\'', '2022-11-03 08:02:28', '2022-11-03 08:02:28'),
(82, 1, 1, 'Edit stok \'Angel Blossom\' - distributor \'distributor junaidi\'', '2022-11-03 08:02:38', '2022-11-03 08:02:38'),
(83, 1, 1, 'Edit stok \'British Rose\' - distributor \'distributor junaidi\'', '2022-11-03 08:03:04', '2022-11-03 08:03:04'),
(84, 1, 1, 'Edit stok \'Aqua Man\' - distributor \'distributor junaidi\'', '2022-11-03 08:04:16', '2022-11-03 08:04:16'),
(85, 1, 1, 'Log Out', '2022-11-03 08:04:56', '2022-11-03 08:04:56'),
(86, 1, 1, 'Log In', '2022-11-03 08:05:10', '2022-11-03 08:05:10'),
(87, 1, 1, 'Edit stok \'Angel Blossom\' - distributor \'distributor junaidi\'', '2022-11-03 08:05:47', '2022-11-03 08:05:47'),
(88, 1, 1, 'Edit stok \'Aqua Man\' - distributor \'distributor junaidi\'', '2022-11-03 08:05:57', '2022-11-03 08:05:57'),
(89, 1, 1, 'Log Out', '2022-11-03 08:06:13', '2022-11-03 08:06:13'),
(90, 1, 1, 'Log In', '2022-11-03 08:06:24', '2022-11-03 08:06:24'),
(91, 1, 1, 'Create product \'Sugar Baby 6ml\'', '2022-11-03 08:07:55', '2022-11-03 08:07:55'),
(92, 9, 3, 'Log Out', '2022-11-03 08:08:29', '2022-11-03 08:08:29'),
(93, 1, 1, 'Log In', '2022-11-03 08:08:43', '2022-11-03 08:08:43'),
(94, 1, 1, 'Log Out', '2022-11-03 08:09:10', '2022-11-03 08:09:10'),
(95, 1, 1, 'Create product \'Vanilla 6ml\'', '2022-11-03 08:09:30', '2022-11-03 08:09:30'),
(96, 1, 1, 'Create product \'Aqua man 6ml\'', '2022-11-03 08:10:02', '2022-11-03 08:10:02'),
(97, 1, 1, 'Create product \'Angel Blossom 6ml\'', '2022-11-03 08:10:38', '2022-11-03 08:10:38'),
(98, 1, 1, 'Create product \'British Rose 6ml\'', '2022-11-03 08:11:49', '2022-11-03 08:11:49'),
(99, 1, 1, 'Edit stok \'Aqua man 6ml\' - distributor \'distributor surabaya\'', '2022-11-03 08:12:14', '2022-11-03 08:12:14'),
(100, 1, 1, 'Edit stok \'British Rose 6ml\' - distributor \'distributor surabaya\'', '2022-11-03 08:12:31', '2022-11-03 08:12:31'),
(101, 1, 1, 'Edit stok \'Angel Blossom 6ml\' - distributor \'distributor surabaya\'', '2022-11-03 08:12:43', '2022-11-03 08:12:43'),
(102, 1, 1, 'Edit stok \'Sugar Baby 6ml\' - distributor \'distributor surabaya\'', '2022-11-03 08:13:00', '2022-11-03 08:13:00'),
(103, 1, 1, 'Edit stok \'Vanilla 6ml\' - distributor \'distributor surabaya\'', '2022-11-03 08:13:14', '2022-11-03 08:13:14'),
(104, 1, 1, 'Log Out', '2022-11-03 08:13:18', '2022-11-03 08:13:18'),
(105, 3, 3, 'Log In', '2022-11-03 08:13:37', '2022-11-03 08:13:37'),
(106, 3, 3, 'Log Out', '2022-11-03 08:14:33', '2022-11-03 08:14:33'),
(107, 1, 1, 'Log In', '2022-11-03 08:14:40', '2022-11-03 08:14:40'),
(108, 1, 1, 'Delete akun \'distributor surabaya\'', '2022-11-03 08:15:44', '2022-11-03 08:15:44'),
(109, 1, 1, 'Edit stok \'Angel Blossom 6ml\' - distributor \'distributor junaidi\'', '2022-11-03 08:16:09', '2022-11-03 08:16:09'),
(110, 1, 1, 'Edit stok \'Aqua man 6ml\' - distributor \'distributor junaidi\'', '2022-11-03 08:16:21', '2022-11-03 08:16:21'),
(111, 1, 1, 'Edit stok \'British Rose 6ml\' - distributor \'distributor junaidi\'', '2022-11-03 08:16:45', '2022-11-03 08:16:45'),
(112, 1, 1, 'Edit stok \'Sugar Baby 6ml\' - distributor \'distributor junaidi\'', '2022-11-03 08:17:06', '2022-11-03 08:17:06'),
(113, 1, 1, 'Edit stok \'Vanilla 6ml\' - distributor \'distributor junaidi\'', '2022-11-03 08:17:27', '2022-11-03 08:17:27'),
(114, 1, 1, 'Log Out', '2022-11-03 08:17:47', '2022-11-03 08:17:47'),
(115, 3, 3, 'Log In', '2022-11-03 08:17:57', '2022-11-03 08:17:57'),
(116, 3, 3, 'Edit Stok Sales \'Angel Blossom\'', '2022-11-03 08:18:40', '2022-11-03 08:18:40'),
(117, 3, 3, 'Edit Stok Sales \'Angel Blossom 6ml\'', '2022-11-03 08:18:58', '2022-11-03 08:18:58'),
(118, 3, 3, 'Edit Stok Sales \'Aqua Man\'', '2022-11-03 08:19:14', '2022-11-03 08:19:14'),
(119, 3, 3, 'Edit Stok Sales \'Aqua man 6ml\'', '2022-11-03 08:19:33', '2022-11-03 08:19:33'),
(120, 3, 3, 'Edit Stok Sales \'British Rose\'', '2022-11-03 08:19:44', '2022-11-03 08:19:44'),
(121, 3, 3, 'Edit Stok Sales \'British Rose 6ml\'', '2022-11-03 08:20:00', '2022-11-03 08:20:00'),
(122, 3, 3, 'Edit Stok Sales \'Sugar Baby 6ml\'', '2022-11-03 08:20:46', '2022-11-03 08:20:46'),
(123, 3, 3, 'Edit Stok Sales \'Vanilla 6ml\'', '2022-11-03 08:20:59', '2022-11-03 08:20:59'),
(124, 3, 3, 'Log Out', '2022-11-03 08:21:33', '2022-11-03 08:21:33'),
(125, 3, 3, 'Log In', '2022-11-03 08:22:55', '2022-11-03 08:22:55'),
(126, 3, 3, 'Edit akun \'distributor junaidi\'', '2022-11-03 08:23:38', '2022-11-03 08:23:38'),
(127, 9, 3, 'Log In', '2022-11-03 08:26:17', '2022-11-03 08:26:17'),
(128, 12, 5, 'Log In', '2022-11-03 09:01:17', '2022-11-03 09:01:17'),
(129, 1, 1, 'Log In', '2022-11-04 01:37:22', '2022-11-04 01:37:22'),
(130, 5, 5, 'Log In', '2022-11-04 01:39:16', '2022-11-04 01:39:16'),
(131, 5, 5, 'Log Out', '2022-11-04 01:40:32', '2022-11-04 01:40:32'),
(132, 1, 1, 'Log Out', '2022-11-04 01:41:39', '2022-11-04 01:41:39'),
(133, 1, 1, 'Log In', '2022-11-04 05:17:22', '2022-11-04 05:17:22'),
(134, 5, 5, 'Log In', '2022-11-04 10:00:16', '2022-11-04 10:00:16'),
(135, 1, 1, 'Log In', '2022-11-04 10:08:28', '2022-11-04 10:08:28'),
(136, 1, 1, 'Log Out', '2022-11-04 10:08:35', '2022-11-04 10:08:35'),
(137, 5, 5, 'Log In', '2022-11-04 10:08:50', '2022-11-04 10:08:50'),
(138, 1, 1, 'Log In', '2022-11-04 10:35:06', '2022-11-04 10:35:06'),
(139, 1, 1, 'Log Out', '2022-11-04 10:37:12', '2022-11-04 10:37:12'),
(140, 5, 5, 'Log In', '2022-11-04 16:34:27', '2022-11-04 16:34:27'),
(141, 5, 5, 'Log Out', '2022-11-04 16:37:40', '2022-11-04 16:37:40'),
(142, 1, 1, 'Log In', '2022-11-04 23:50:12', '2022-11-04 23:50:12'),
(143, 1, 1, 'Log Out', '2022-11-04 23:50:46', '2022-11-04 23:50:46'),
(144, 1, 1, 'Log In', '2022-11-05 00:03:04', '2022-11-05 00:03:04'),
(145, 1, 1, 'Log Out', '2022-11-05 00:04:01', '2022-11-05 00:04:01'),
(146, 1, 1, 'Log In', '2022-11-05 01:11:53', '2022-11-05 01:11:53'),
(147, 3, 3, 'Log In', '2022-11-05 01:13:13', '2022-11-05 01:13:13'),
(148, 3, 3, 'Create akun \'Rizky Pasca\'', '2022-11-05 02:31:40', '2022-11-05 02:31:40'),
(149, 3, 3, 'Log In', '2022-11-05 03:13:09', '2022-11-05 03:13:09'),
(150, 12, 5, 'Log In', '2022-11-05 03:24:27', '2022-11-05 03:24:27'),
(151, 12, 5, 'Create transaksi \'T15122000101\'', '2022-11-05 03:25:56', '2022-11-05 03:25:56'),
(152, 12, 5, 'Create transaksi \'T15122000101\'', '2022-11-05 03:26:38', '2022-11-05 03:26:38'),
(153, 12, 5, 'Create transaksi \'T15122000101\'', '2022-11-05 03:30:15', '2022-11-05 03:30:15'),
(154, 12, 5, 'Create transaksi \'T15122000101\'', '2022-11-05 03:30:56', '2022-11-05 03:30:56'),
(155, 12, 5, 'Create transaksi \'T15122000101\'', '2022-11-05 03:32:31', '2022-11-05 03:32:31'),
(156, 12, 5, 'Create transaksi \'T15122000101\'', '2022-11-05 03:41:30', '2022-11-05 03:41:30'),
(157, 12, 5, 'Create transaksi \'T15122000101\'', '2022-11-05 03:42:20', '2022-11-05 03:42:20'),
(158, 12, 5, 'Create transaksi \'T15122000101\'', '2022-11-05 03:43:10', '2022-11-05 03:43:10'),
(159, 12, 5, 'Create transaksi \'T15122000101\'', '2022-11-05 03:43:59', '2022-11-05 03:43:59'),
(160, 12, 5, 'Create transaksi \'T15122000101\'', '2022-11-05 03:44:44', '2022-11-05 03:44:44'),
(161, 12, 5, 'Create transaksi \'T15122000101\'', '2022-11-05 03:45:19', '2022-11-05 03:45:19'),
(162, 12, 5, 'Create transaksi \'T15122000101\'', '2022-11-05 03:45:46', '2022-11-05 03:45:46'),
(163, 12, 5, 'Create transaksi \'T15122000101\'', '2022-11-05 03:46:27', '2022-11-05 03:46:27'),
(164, 9, 3, 'Log In', '2022-11-05 04:28:47', '2022-11-05 04:28:47'),
(165, 9, 3, 'Log Out', '2022-11-05 04:39:18', '2022-11-05 04:39:18'),
(166, 9, 3, 'Log In', '2022-11-05 04:41:11', '2022-11-05 04:41:11'),
(167, 9, 3, 'Create Penjualan Toko \'toko pak bagus\'', '2022-11-05 04:44:25', '2022-11-05 04:44:25'),
(168, 9, 3, 'Create Penjualan Toko \'pak handoyo\'', '2022-11-05 04:46:03', '2022-11-05 04:46:03'),
(169, 9, 3, 'Create Penjualan Toko \'bu dwi\'', '2022-11-05 04:46:47', '2022-11-05 04:46:47'),
(170, 9, 3, 'Create Penjualan Toko \'pak tono\'', '2022-11-05 04:47:34', '2022-11-05 04:47:34'),
(171, 9, 3, 'Create Penjualan Toko \'pak hari\'', '2022-11-05 04:48:51', '2022-11-05 04:48:51'),
(172, 9, 3, 'Create Penjualan Toko \'pak jhon\'', '2022-11-05 04:51:01', '2022-11-05 04:51:01'),
(173, 9, 3, 'Create Penjualan Toko \'om emos\'', '2022-11-05 04:51:32', '2022-11-05 04:51:32'),
(174, 12, 5, 'Create transaksi \'T15122000101\'', '2022-11-05 05:10:28', '2022-11-05 05:10:28'),
(175, 3, 3, 'Edit Bonus Penjualan Sales \'Angel Blossom\'', '2022-11-05 05:25:19', '2022-11-05 05:25:19'),
(176, 3, 3, 'Edit Bonus Penjualan Sales \'Sugar Baby 6ml\'', '2022-11-05 05:25:42', '2022-11-05 05:25:42'),
(177, 3, 3, 'Edit Bonus Penjualan Sales \'Aqua Man\'', '2022-11-05 05:28:14', '2022-11-05 05:28:14'),
(178, 3, 3, 'Edit Bonus Penjualan Sales \'British Rose\'', '2022-11-05 05:28:31', '2022-11-05 05:28:31'),
(179, 3, 3, 'Edit Bonus Penjualan Sales \'Vanilla\'', '2022-11-05 05:28:44', '2022-11-05 05:28:44'),
(180, 3, 3, 'Edit Bonus Penjualan Sales \'Sugar Baby\'', '2022-11-05 05:28:59', '2022-11-05 05:28:59'),
(181, 3, 3, 'Edit Bonus Penjualan Sales \'Vanilla 6ml\'', '2022-11-05 05:29:10', '2022-11-05 05:29:10'),
(182, 3, 3, 'Edit Bonus Penjualan Sales \'Aqua man 6ml\'', '2022-11-05 05:29:24', '2022-11-05 05:29:24'),
(183, 3, 3, 'Edit Bonus Penjualan Sales \'Angel Blossom 6ml\'', '2022-11-05 05:29:35', '2022-11-05 05:29:35'),
(184, 3, 3, 'Edit Bonus Penjualan Sales \'British Rose 6ml\'', '2022-11-05 05:29:48', '2022-11-05 05:29:48'),
(185, 9, 3, 'Log Out', '2022-11-05 05:50:15', '2022-11-05 05:50:15'),
(186, 12, 5, 'Create transaksi \'T15122000101\'', '2022-11-05 06:48:04', '2022-11-05 06:48:04'),
(187, 12, 5, 'Create transaksi \'T15122000101\'', '2022-11-05 06:50:05', '2022-11-05 06:50:05'),
(188, 1, 1, 'Log In', '2022-11-05 06:56:52', '2022-11-05 06:56:52'),
(189, 1, 1, 'Log Out', '2022-11-05 06:57:04', '2022-11-05 06:57:04'),
(190, 5, 5, 'Log In', '2022-11-05 06:57:23', '2022-11-05 06:57:23'),
(191, 1, 1, 'Log In', '2022-11-05 07:02:46', '2022-11-05 07:02:46'),
(192, 1, 1, 'Log Out', '2022-11-05 07:03:12', '2022-11-05 07:03:12'),
(193, 5, 5, 'Log In', '2022-11-05 07:03:19', '2022-11-05 07:03:19'),
(194, 5, 5, 'Log Out', '2022-11-05 07:03:31', '2022-11-05 07:03:31'),
(195, 5, 5, 'Log Out', '2022-11-05 09:02:42', '2022-11-05 09:02:42'),
(196, 12, 5, 'Log In', '2022-11-05 09:12:19', '2022-11-05 09:12:19'),
(197, 12, 5, 'Create transaksi \'T15122000101\'', '2022-11-05 09:14:40', '2022-11-05 09:14:40'),
(198, 12, 5, 'Create transaksi \'T15122000101\'', '2022-11-05 09:15:20', '2022-11-05 09:15:20'),
(199, 12, 5, 'Create transaksi \'T15122000101\'', '2022-11-05 09:17:01', '2022-11-05 09:17:01'),
(200, 12, 5, 'Create transaksi \'T15122000101\'', '2022-11-05 10:14:16', '2022-11-05 10:14:16'),
(201, 1, 1, 'Log In', '2022-11-07 01:56:43', '2022-11-07 01:56:43'),
(202, 1, 1, 'Log In', '2022-11-07 01:57:02', '2022-11-07 01:57:02'),
(203, 1, 1, 'Log In', '2022-11-07 05:03:34', '2022-11-07 05:03:34'),
(204, 1, 1, 'Log Out', '2022-11-07 05:04:11', '2022-11-07 05:04:11'),
(205, 12, 5, 'Log In', '2022-11-07 06:30:50', '2022-11-07 06:30:50'),
(206, 12, 5, 'Create transaksi \'T15122000101\'', '2022-11-07 06:43:09', '2022-11-07 06:43:09'),
(207, 12, 5, 'Create transaksi \'T15122000101\'', '2022-11-07 07:02:34', '2022-11-07 07:02:34'),
(208, 12, 5, 'Create transaksi \'T15122000101\'', '2022-11-07 07:03:21', '2022-11-07 07:03:21'),
(209, 12, 5, 'Create transaksi \'T15122000101\'', '2022-11-07 07:04:06', '2022-11-07 07:04:06'),
(210, 12, 5, 'Create transaksi \'T15122000101\'', '2022-11-07 07:05:52', '2022-11-07 07:05:52'),
(211, 1, 1, 'Log In', '2022-11-07 07:05:57', '2022-11-07 07:05:57'),
(212, 12, 5, 'Create transaksi \'T15122000101\'', '2022-11-07 07:07:16', '2022-11-07 07:07:16'),
(213, 1, 1, 'Log Out', '2022-11-07 07:07:16', '2022-11-07 07:07:16'),
(214, 5, 5, 'Log In', '2022-11-07 07:07:22', '2022-11-07 07:07:22'),
(215, 12, 5, 'Create transaksi \'T15122000101\'', '2022-11-07 07:08:21', '2022-11-07 07:08:21'),
(216, 12, 5, 'Create transaksi \'T15122000101\'', '2022-11-07 07:08:50', '2022-11-07 07:08:50'),
(217, 12, 5, 'Create transaksi \'T15122000101\'', '2022-11-07 07:09:21', '2022-11-07 07:09:21'),
(218, 12, 5, 'Create transaksi \'T15122000101\'', '2022-11-07 07:09:50', '2022-11-07 07:09:50'),
(219, 12, 5, 'Create transaksi \'T15122000101\'', '2022-11-07 07:10:24', '2022-11-07 07:10:24'),
(220, 12, 5, 'Create transaksi \'T15122000101\'', '2022-11-07 07:10:53', '2022-11-07 07:10:53'),
(221, 12, 5, 'Create transaksi \'T15122000101\'', '2022-11-07 07:11:33', '2022-11-07 07:11:33'),
(222, 12, 5, 'Create transaksi \'T15122000101\'', '2022-11-07 07:18:20', '2022-11-07 07:18:20'),
(223, 12, 5, 'Create transaksi \'T15122000101\'', '2022-11-07 07:19:07', '2022-11-07 07:19:07'),
(224, 12, 5, 'Create transaksi \'T15122000101\'', '2022-11-07 07:34:15', '2022-11-07 07:34:15'),
(225, 1, 1, 'Log In', '2022-11-07 07:45:16', '2022-11-07 07:45:16'),
(226, 1, 1, 'Log Out', '2022-11-07 07:55:18', '2022-11-07 07:55:18'),
(227, 5, 5, 'Log Out', '2022-11-07 08:02:36', '2022-11-07 08:02:36'),
(228, 1, 1, 'Log In', '2022-11-07 08:02:41', '2022-11-07 08:02:41'),
(229, 1, 1, 'Edit stok \'Aqua Man\' - distributor \'Distributor Tp\'', '2022-11-07 08:03:11', '2022-11-07 08:03:11'),
(230, 5, 5, 'Log In', '2022-11-07 08:04:46', '2022-11-07 08:04:46'),
(231, 12, 5, 'Create transaksi \'T15122000101\'', '2022-11-07 08:20:01', '2022-11-07 08:20:01'),
(232, 12, 5, 'Create transaksi \'T15122000101\'', '2022-11-07 08:20:58', '2022-11-07 08:20:58'),
(233, 9, 3, 'Log In', '2022-11-07 09:11:28', '2022-11-07 09:11:28'),
(234, 9, 3, 'Log Out', '2022-11-07 09:16:44', '2022-11-07 09:16:44'),
(235, 9, 3, 'Log In', '2022-11-07 09:19:18', '2022-11-07 09:19:18'),
(236, 9, 3, 'Create Penjualan Toko \'kak margaretha\'', '2022-11-07 09:27:42', '2022-11-07 09:27:42'),
(237, 9, 3, 'Create Penjualan Toko \'mbak mifta\'', '2022-11-07 09:34:57', '2022-11-07 09:34:57'),
(238, 9, 3, 'Log Out', '2022-11-07 09:37:19', '2022-11-07 09:37:19'),
(239, 1, 1, 'Log In', '2022-11-07 10:49:37', '2022-11-07 10:49:37'),
(240, 1, 1, 'Log Out', '2022-11-07 10:50:05', '2022-11-07 10:50:05'),
(241, 9, 3, 'Log In', '2022-11-08 01:58:27', '2022-11-08 01:58:27'),
(242, 9, 3, 'Log Out', '2022-11-08 01:59:33', '2022-11-08 01:59:33'),
(243, 12, 5, 'Log In', '2022-11-08 02:53:11', '2022-11-08 02:53:11'),
(244, 12, 5, 'Create transaksi \'T15122000101\'', '2022-11-08 02:54:40', '2022-11-08 02:54:40'),
(245, 12, 5, 'Create transaksi \'T15122000101\'', '2022-11-08 02:58:18', '2022-11-08 02:58:18'),
(246, 12, 5, 'Create transaksi \'T15122000101\'', '2022-11-08 02:59:23', '2022-11-08 02:59:23'),
(247, 12, 5, 'Create transaksi \'T15122000101\'', '2022-11-08 03:00:36', '2022-11-08 03:00:36'),
(248, 12, 5, 'Create transaksi \'T15122000101\'', '2022-11-08 03:02:20', '2022-11-08 03:02:20'),
(249, 12, 5, 'Create transaksi \'T15122000101\'', '2022-11-08 03:03:36', '2022-11-08 03:03:36'),
(250, 12, 5, 'Log In', '2022-11-08 03:04:18', '2022-11-08 03:04:18'),
(251, 12, 5, 'Create transaksi \'T15122000101\'', '2022-11-08 03:04:44', '2022-11-08 03:04:44'),
(252, 12, 5, 'Create transaksi \'T15122000101\'', '2022-11-08 03:05:36', '2022-11-08 03:05:36'),
(253, 12, 5, 'Create transaksi \'T15122000101\'', '2022-11-08 03:06:34', '2022-11-08 03:06:34'),
(254, 12, 5, 'Create transaksi \'T15122000101\'', '2022-11-08 03:07:37', '2022-11-08 03:07:37'),
(255, 12, 5, 'Create transaksi \'T15122000101\'', '2022-11-08 03:08:35', '2022-11-08 03:08:35'),
(256, 12, 5, 'Create transaksi \'T15122000101\'', '2022-11-08 03:09:20', '2022-11-08 03:09:20'),
(257, 12, 5, 'Create transaksi \'T15122000101\'', '2022-11-08 03:10:01', '2022-11-08 03:10:01'),
(258, 12, 5, 'Create transaksi \'T15122000101\'', '2022-11-08 03:10:08', '2022-11-08 03:10:08'),
(259, 12, 5, 'Create transaksi \'T15122000101\'', '2022-11-08 03:10:54', '2022-11-08 03:10:54'),
(260, 12, 5, 'Create transaksi \'T15122000101\'', '2022-11-08 03:11:57', '2022-11-08 03:11:57'),
(261, 12, 5, 'Create transaksi \'T15122000101\'', '2022-11-08 03:12:02', '2022-11-08 03:12:02'),
(262, 12, 5, 'Create transaksi \'T15122000101\'', '2022-11-08 03:13:16', '2022-11-08 03:13:16'),
(263, 12, 5, 'Create transaksi \'T15122000101\'', '2022-11-08 03:13:21', '2022-11-08 03:13:21'),
(264, 12, 5, 'Create transaksi \'T15122000101\'', '2022-11-08 03:14:03', '2022-11-08 03:14:03'),
(265, 12, 5, 'Create transaksi \'T15122000101\'', '2022-11-08 03:14:45', '2022-11-08 03:14:45'),
(266, 12, 5, 'Create transaksi \'T15122000101\'', '2022-11-08 03:14:57', '2022-11-08 03:14:57'),
(267, 12, 5, 'Create transaksi \'T15122000101\'', '2022-11-08 03:15:33', '2022-11-08 03:15:33'),
(268, 12, 5, 'Create transaksi \'T15122000101\'', '2022-11-08 03:16:06', '2022-11-08 03:16:06'),
(269, 12, 5, 'Create transaksi \'T15122000101\'', '2022-11-08 03:16:31', '2022-11-08 03:16:31'),
(270, 12, 5, 'Create transaksi \'T15122000101\'', '2022-11-08 03:17:17', '2022-11-08 03:17:17'),
(271, 12, 5, 'Create transaksi \'T15122000101\'', '2022-11-08 03:18:04', '2022-11-08 03:18:04'),
(272, 12, 5, 'Create transaksi \'T15122000101\'', '2022-11-08 03:20:18', '2022-11-08 03:20:18'),
(273, 5, 5, 'Log In', '2022-11-08 03:29:47', '2022-11-08 03:29:47'),
(274, 1, 1, 'Log In', '2022-11-08 03:30:25', '2022-11-08 03:30:25'),
(275, 1, 1, 'Log Out', '2022-11-08 03:31:26', '2022-11-08 03:31:26'),
(276, 5, 5, 'Log In', '2022-11-08 03:31:42', '2022-11-08 03:31:42'),
(277, 5, 5, 'Log Out', '2022-11-08 03:49:38', '2022-11-08 03:49:38'),
(278, 1, 1, 'Log In', '2022-11-08 03:55:17', '2022-11-08 03:55:17'),
(279, 1, 1, 'Edit stok \'Angel Blossom\' - distributor \'Distributor Tp\'', '2022-11-08 03:58:05', '2022-11-08 03:58:05'),
(280, 1, 1, 'Edit stok \'Aqua Man\' - distributor \'Distributor Tp\'', '2022-11-08 03:58:28', '2022-11-08 03:58:28'),
(281, 1, 1, 'Edit stok \'British Rose\' - distributor \'Distributor Tp\'', '2022-11-08 03:58:39', '2022-11-08 03:58:39'),
(282, 1, 1, 'Log Out', '2022-11-08 03:58:44', '2022-11-08 03:58:44'),
(283, 12, 5, 'Create transaksi \'T15122000101\'', '2022-11-08 04:10:15', '2022-11-08 04:10:15'),
(284, 12, 5, 'Create transaksi \'T15122000101\'', '2022-11-08 04:11:50', '2022-11-08 04:11:50'),
(285, 12, 5, 'Create transaksi \'T15122000101\'', '2022-11-08 04:20:00', '2022-11-08 04:20:00'),
(286, 12, 5, 'Create transaksi \'T15122000101\'', '2022-11-08 04:21:30', '2022-11-08 04:21:30'),
(287, 12, 5, 'Create transaksi \'T15122000101\'', '2022-11-08 04:27:31', '2022-11-08 04:27:31'),
(288, 12, 5, 'Create transaksi \'T15122000101\'', '2022-11-08 04:29:29', '2022-11-08 04:29:29'),
(289, 12, 5, 'Create transaksi \'T15122000101\'', '2022-11-08 04:31:12', '2022-11-08 04:31:12'),
(290, 12, 5, 'Create transaksi \'T15122000101\'', '2022-11-08 04:33:09', '2022-11-08 04:33:09'),
(291, 12, 5, 'Create transaksi \'T15122000101\'', '2022-11-08 04:34:19', '2022-11-08 04:34:19'),
(292, 12, 5, 'Create transaksi \'T15122000101\'', '2022-11-08 04:36:13', '2022-11-08 04:36:13'),
(293, 12, 5, 'Create transaksi \'T15122000101\'', '2022-11-08 04:38:02', '2022-11-08 04:38:02'),
(294, 12, 5, 'Create transaksi \'T15122000101\'', '2022-11-08 04:40:42', '2022-11-08 04:40:42'),
(295, 12, 5, 'Create transaksi \'T15122000101\'', '2022-11-08 04:42:05', '2022-11-08 04:42:05'),
(296, 12, 5, 'Create transaksi \'T15122000101\'', '2022-11-08 04:44:01', '2022-11-08 04:44:01'),
(297, 12, 5, 'Create transaksi \'T15122000101\'', '2022-11-08 04:45:40', '2022-11-08 04:45:40'),
(298, 12, 5, 'Create transaksi \'T15122000101\'', '2022-11-08 04:47:29', '2022-11-08 04:47:29'),
(299, 12, 5, 'Create transaksi \'T15122000101\'', '2022-11-08 04:50:19', '2022-11-08 04:50:19'),
(300, 12, 5, 'Create transaksi \'T15122000101\'', '2022-11-08 04:54:12', '2022-11-08 04:54:12'),
(301, 12, 5, 'Create transaksi \'T15122000101\'', '2022-11-08 04:54:12', '2022-11-08 04:54:12'),
(302, 12, 5, 'Log In', '2022-11-08 05:27:26', '2022-11-08 05:27:26'),
(303, 1, 1, 'Log In', '2022-11-08 06:03:46', '2022-11-08 06:03:46'),
(304, 1, 1, 'Log Out', '2022-11-08 06:05:52', '2022-11-08 06:05:52'),
(305, 12, 5, 'Log In', '2022-11-08 06:17:31', '2022-11-08 06:17:31'),
(306, 12, 5, 'Log In', '2022-11-09 01:18:38', '2022-11-09 01:18:38'),
(307, 12, 5, 'Log In', '2022-11-09 01:31:21', '2022-11-09 01:31:21'),
(308, 12, 5, 'Create transaksi \'T15122000101\'', '2022-11-09 02:14:49', '2022-11-09 02:14:49'),
(309, 12, 5, 'Create transaksi \'T15122000101\'', '2022-11-09 02:18:39', '2022-11-09 02:18:39'),
(310, 12, 5, 'Create transaksi \'T15122000101\'', '2022-11-09 02:23:40', '2022-11-09 02:23:40'),
(311, 12, 5, 'Create transaksi \'T15122000101\'', '2022-11-09 02:31:39', '2022-11-09 02:31:39'),
(312, 12, 5, 'Create transaksi \'T15122000101\'', '2022-11-09 03:01:18', '2022-11-09 03:01:18'),
(313, 9, 3, 'Log In', '2022-11-09 04:44:25', '2022-11-09 04:44:25'),
(314, 9, 3, 'Create Penjualan Toko \'mas fikri\'', '2022-11-09 04:47:01', '2022-11-09 04:47:01'),
(315, 9, 3, 'Create Penjualan Toko \'mas frans (saudara )\'', '2022-11-09 04:49:29', '2022-11-09 04:49:29'),
(316, 9, 3, 'Create Penjualan Toko \'Mbak Sheren\'', '2022-11-09 04:53:29', '2022-11-09 04:53:29'),
(317, 9, 3, 'Create Penjualan Toko \'Mbak Nur Salon Ozie\'', '2022-11-09 04:59:25', '2022-11-09 04:59:25'),
(318, 3, 3, 'Log In', '2022-11-09 05:57:50', '2022-11-09 05:57:50'),
(319, 9, 3, 'Log Out', '2022-11-09 06:01:24', '2022-11-09 06:01:24'),
(320, 12, 5, 'Log In', '2022-11-09 07:00:56', '2022-11-09 07:00:56'),
(321, 9, 3, 'Log In', '2022-11-09 07:55:45', '2022-11-09 07:55:45'),
(322, 9, 3, 'Log Out', '2022-11-09 08:00:47', '2022-11-09 08:00:47'),
(323, 12, 5, 'Log In', '2022-11-09 10:24:13', '2022-11-09 10:24:13'),
(324, 3, 3, 'Log In', '2022-11-09 12:01:56', '2022-11-09 12:01:56'),
(325, 12, 5, 'Log In', '2022-11-09 21:43:58', '2022-11-09 21:43:58'),
(326, 12, 5, 'Log In', '2022-11-10 00:09:37', '2022-11-10 00:09:37'),
(327, 12, 5, 'Log In', '2022-11-10 01:44:59', '2022-11-10 01:44:59'),
(328, 12, 5, 'Create transaksi \'T15122000101\'', '2022-11-10 01:53:31', '2022-11-10 01:53:31'),
(329, 12, 5, 'Create transaksi \'T15122000101\'', '2022-11-10 01:55:01', '2022-11-10 01:55:01'),
(330, 12, 5, 'Create transaksi \'T15122000101\'', '2022-11-10 01:57:35', '2022-11-10 01:57:35'),
(331, 12, 5, 'Create transaksi \'T15122000101\'', '2022-11-10 01:59:49', '2022-11-10 01:59:49'),
(332, 12, 5, 'Create transaksi \'T15122000101\'', '2022-11-10 02:03:36', '2022-11-10 02:03:36'),
(333, 12, 5, 'Create transaksi \'T15122000101\'', '2022-11-10 02:08:52', '2022-11-10 02:08:52'),
(334, 12, 5, 'Create transaksi \'T15122000101\'', '2022-11-10 02:20:16', '2022-11-10 02:20:16'),
(335, 12, 5, 'Create transaksi \'T15122000101\'', '2022-11-10 02:45:50', '2022-11-10 02:45:50'),
(336, 12, 5, 'Create transaksi \'T15122000101\'', '2022-11-10 02:48:47', '2022-11-10 02:48:47'),
(337, 12, 5, 'Create transaksi \'T15122000101\'', '2022-11-10 02:50:13', '2022-11-10 02:50:13'),
(338, 12, 5, 'Create transaksi \'T15122000101\'', '2022-11-10 02:52:30', '2022-11-10 02:52:30'),
(339, 12, 5, 'Create transaksi \'T15122000101\'', '2022-11-10 02:55:03', '2022-11-10 02:55:03'),
(340, 12, 5, 'Create transaksi \'T15122000101\'', '2022-11-10 03:03:52', '2022-11-10 03:03:52'),
(341, 12, 5, 'Create transaksi \'T15122000101\'', '2022-11-10 03:06:29', '2022-11-10 03:06:29'),
(342, 12, 5, 'Create transaksi \'T15122000101\'', '2022-11-10 03:07:48', '2022-11-10 03:07:48'),
(343, 12, 5, 'Create transaksi \'T15122000101\'', '2022-11-10 03:10:25', '2022-11-10 03:10:25'),
(344, 12, 5, 'Create transaksi \'T15122000101\'', '2022-11-10 03:12:13', '2022-11-10 03:12:13'),
(345, 12, 5, 'Create transaksi \'T15122000101\'', '2022-11-10 03:18:21', '2022-11-10 03:18:21'),
(346, 3, 3, 'Log In', '2022-11-10 03:19:17', '2022-11-10 03:19:17'),
(347, 8, 3, 'Log In', '2022-11-10 03:21:32', '2022-11-10 03:21:32'),
(348, 1, 1, 'Log In', '2022-11-10 03:29:54', '2022-11-10 03:29:54'),
(349, 1, 1, 'Log In', '2022-11-10 03:30:04', '2022-11-10 03:30:04'),
(350, 1, 1, 'Log Out', '2022-11-10 03:31:02', '2022-11-10 03:31:02'),
(351, 13, 3, 'Log In', '2022-11-10 03:31:20', '2022-11-10 03:31:20'),
(352, 12, 5, 'Create transaksi \'T15122000101\'', '2022-11-10 03:31:34', '2022-11-10 03:31:34'),
(353, 12, 5, 'Create transaksi \'T15122000101\'', '2022-11-10 03:38:28', '2022-11-10 03:38:28'),
(354, 13, 3, 'Log Out', '2022-11-10 03:39:33', '2022-11-10 03:39:33'),
(355, 1, 1, 'Log In', '2022-11-10 03:39:36', '2022-11-10 03:39:36'),
(356, 1, 1, 'Edit stok \'Angel Blossom 6ml\' - distributor \'distributor junaidi\'', '2022-11-10 03:40:21', '2022-11-10 03:40:21'),
(357, 1, 1, 'Edit stok \'Angel Blossom 6ml\' - distributor \'distributor junaidi\'', '2022-11-10 03:41:02', '2022-11-10 03:41:02'),
(358, 1, 1, 'Edit stok \'Aqua man 6ml\' - distributor \'distributor junaidi\'', '2022-11-10 03:41:10', '2022-11-10 03:41:10'),
(359, 1, 1, 'Edit stok \'British Rose 6ml\' - distributor \'distributor junaidi\'', '2022-11-10 03:41:22', '2022-11-10 03:41:22'),
(360, 1, 1, 'Edit stok \'Vanilla 6ml\' - distributor \'distributor junaidi\'', '2022-11-10 03:41:33', '2022-11-10 03:41:33'),
(361, 12, 5, 'Create transaksi \'T15122000101\'', '2022-11-10 03:42:48', '2022-11-10 03:42:48'),
(362, 12, 5, 'Create transaksi \'T15122000101\'', '2022-11-10 04:27:01', '2022-11-10 04:27:01'),
(363, 12, 5, 'Create transaksi \'T15122000101\'', '2022-11-10 04:28:23', '2022-11-10 04:28:23'),
(364, 12, 5, 'Create transaksi \'T15122000101\'', '2022-11-10 04:32:03', '2022-11-10 04:32:03'),
(365, 12, 5, 'Create transaksi \'T15122000101\'', '2022-11-10 04:33:52', '2022-11-10 04:33:52'),
(366, 12, 5, 'Create transaksi \'T15122000101\'', '2022-11-10 04:37:58', '2022-11-10 04:37:58'),
(367, 12, 5, 'Create transaksi \'T15122000101\'', '2022-11-10 04:39:31', '2022-11-10 04:39:31'),
(368, 12, 5, 'Create transaksi \'T15122000101\'', '2022-11-10 04:43:21', '2022-11-10 04:43:21'),
(369, 12, 5, 'Create transaksi \'T15122000101\'', '2022-11-10 04:49:10', '2022-11-10 04:49:10'),
(370, 12, 5, 'Create transaksi \'T15122000101\'', '2022-11-10 05:15:56', '2022-11-10 05:15:56'),
(371, 12, 5, 'Create transaksi \'T15122000101\'', '2022-11-10 05:21:08', '2022-11-10 05:21:08'),
(372, 12, 5, 'Create transaksi \'T15122000101\'', '2022-11-10 05:23:21', '2022-11-10 05:23:21'),
(373, 12, 5, 'Create transaksi \'T15122000101\'', '2022-11-10 05:27:11', '2022-11-10 05:27:11'),
(374, 12, 5, 'Create transaksi \'T15122000101\'', '2022-11-10 05:29:17', '2022-11-10 05:29:17'),
(375, 12, 5, 'Create transaksi \'T15122000101\'', '2022-11-10 05:30:50', '2022-11-10 05:30:50'),
(376, 12, 5, 'Create transaksi \'T15122000101\'', '2022-11-10 05:32:36', '2022-11-10 05:32:36'),
(377, 12, 5, 'Create transaksi \'T15122000101\'', '2022-11-10 05:36:35', '2022-11-10 05:36:35'),
(378, 12, 5, 'Create transaksi \'T15122000101\'', '2022-11-10 05:40:29', '2022-11-10 05:40:29'),
(379, 12, 5, 'Create transaksi \'T15122000101\'', '2022-11-10 05:42:39', '2022-11-10 05:42:39'),
(380, 12, 5, 'Create transaksi \'T15122000101\'', '2022-11-10 05:44:06', '2022-11-10 05:44:06'),
(381, 12, 5, 'Create transaksi \'T15122000101\'', '2022-11-10 05:44:57', '2022-11-10 05:44:57'),
(382, 12, 5, 'Create transaksi \'T15122000101\'', '2022-11-10 05:46:26', '2022-11-10 05:46:26'),
(383, 12, 5, 'Log Out', '2022-11-10 05:54:12', '2022-11-10 05:54:12'),
(384, 5, 5, 'Log In', '2022-11-10 05:54:44', '2022-11-10 05:54:44'),
(385, 5, 5, 'Log Out', '2022-11-10 06:02:00', '2022-11-10 06:02:00'),
(386, 12, 5, 'Log In', '2022-11-10 06:02:04', '2022-11-10 06:02:04'),
(387, 12, 5, 'Create transaksi \'T15122000101\'', '2022-11-10 06:09:18', '2022-11-10 06:09:18'),
(388, 12, 5, 'Log In', '2022-11-10 06:18:03', '2022-11-10 06:18:03'),
(389, 12, 5, 'Log In', '2022-11-10 13:38:40', '2022-11-10 13:38:40'),
(390, 1, 1, 'Log In', '2022-11-11 01:09:27', '2022-11-11 01:09:27'),
(391, 1, 1, 'Log In', '2022-11-11 01:33:00', '2022-11-11 01:33:00'),
(392, 1, 1, 'Log Out', '2022-11-11 02:15:50', '2022-11-11 02:15:50'),
(393, 1, 1, 'Log In', '2022-11-11 02:16:14', '2022-11-11 02:16:14'),
(394, 9, 3, 'Log In', '2022-11-11 03:37:20', '2022-11-11 03:37:20'),
(395, 9, 3, 'Create Penjualan Toko \'Bapak onny\'', '2022-11-11 03:38:56', '2022-11-11 03:38:56'),
(396, 9, 3, 'Create Penjualan Toko \'Mbak retno\'', '2022-11-11 03:40:14', '2022-11-11 03:40:14'),
(397, 9, 3, 'Create Penjualan Toko \'Mbak ivana\'', '2022-11-11 03:41:35', '2022-11-11 03:41:35'),
(398, 1, 1, 'Log In', '2022-11-11 04:44:30', '2022-11-11 04:44:30'),
(399, 1, 1, 'Log Out', '2022-11-11 04:51:19', '2022-11-11 04:51:19'),
(400, 1, 1, 'Log In', '2022-11-11 05:04:26', '2022-11-11 05:04:26'),
(401, 1, 1, 'Log In', '2022-11-11 06:37:32', '2022-11-11 06:37:32'),
(402, 1, 1, 'Edit stok \'Angel Blossom\' - distributor \'Distributor Tp\'', '2022-11-11 06:38:39', '2022-11-11 06:38:39'),
(403, 1, 1, 'Log Out', '2022-11-11 06:38:54', '2022-11-11 06:38:54'),
(404, 5, 5, 'Log In', '2022-11-11 06:39:27', '2022-11-11 06:39:27'),
(405, 5, 5, 'Log In', '2022-11-11 06:41:48', '2022-11-11 06:41:48'),
(406, 1, 1, 'Log In', '2022-11-11 06:51:16', '2022-11-11 06:51:16'),
(407, 5, 5, 'Log In', '2022-11-11 06:52:42', '2022-11-11 06:52:42'),
(408, 5, 5, 'Create akun \'iza iza\'', '2022-11-11 06:56:53', '2022-11-11 06:56:53'),
(409, 5, 5, 'Log Out', '2022-11-11 06:57:14', '2022-11-11 06:57:14'),
(410, 5, 5, 'Log In', '2022-11-11 06:58:46', '2022-11-11 06:58:46'),
(411, 5, 5, 'Log Out', '2022-11-11 07:03:11', '2022-11-11 07:03:11'),
(412, 5, 5, 'Log In', '2022-11-11 07:03:24', '2022-11-11 07:03:24'),
(413, 5, 5, 'Log Out', '2022-11-11 07:03:32', '2022-11-11 07:03:32'),
(414, 5, 5, 'Log In', '2022-11-11 07:03:54', '2022-11-11 07:03:54'),
(415, 5, 5, 'Log Out', '2022-11-11 07:04:57', '2022-11-11 07:04:57'),
(416, 12, 5, 'Log In', '2022-11-11 07:07:13', '2022-11-11 07:07:13'),
(417, 9, 3, 'Log In', '2022-11-11 08:02:43', '2022-11-11 08:02:43'),
(418, 1, 1, 'Log In', '2022-11-11 08:04:03', '2022-11-11 08:04:03'),
(419, 1, 1, 'Log Out', '2022-11-11 08:08:43', '2022-11-11 08:08:43'),
(420, 5, 5, 'Log In', '2022-11-11 08:09:26', '2022-11-11 08:09:26'),
(421, 5, 5, 'Edit akun \'iza iza\'', '2022-11-11 08:11:36', '2022-11-11 08:11:36'),
(422, 5, 5, 'Log Out', '2022-11-11 08:11:39', '2022-11-11 08:11:39'),
(423, 14, 5, 'Log In', '2022-11-11 08:11:59', '2022-11-11 08:11:59'),
(424, 14, 5, 'Log In', '2022-11-11 08:12:05', '2022-11-11 08:12:05'),
(425, 14, 5, 'Log Out', '2022-11-11 08:12:21', '2022-11-11 08:12:21'),
(426, 1, 1, 'Log In', '2022-11-11 08:12:41', '2022-11-11 08:12:41'),
(427, 1, 1, 'Log Out', '2022-11-11 08:13:01', '2022-11-11 08:13:01'),
(428, 5, 5, 'Log In', '2022-11-11 08:13:13', '2022-11-11 08:13:13'),
(429, 12, 5, 'Log Out', '2022-11-11 08:13:14', '2022-11-11 08:13:14'),
(430, 5, 5, 'Log In', '2022-11-11 08:13:24', '2022-11-11 08:13:24'),
(431, 5, 5, 'Log Out', '2022-11-11 08:13:27', '2022-11-11 08:13:27'),
(432, 14, 5, 'Log Out', '2022-11-11 08:16:22', '2022-11-11 08:16:22'),
(433, 5, 5, 'Log In', '2022-11-11 08:16:30', '2022-11-11 08:16:30'),
(434, 5, 5, 'Log Out', '2022-11-11 08:17:21', '2022-11-11 08:17:21'),
(435, 1, 1, 'Log In', '2022-11-11 08:17:26', '2022-11-11 08:17:26'),
(436, 1, 1, 'Log Out', '2022-11-11 08:20:02', '2022-11-11 08:20:02'),
(437, 5, 5, 'Log In', '2022-11-11 08:20:28', '2022-11-11 08:20:28'),
(438, 5, 5, 'Edit Bonus Penjualan Sales \'Angel Blossom\'', '2022-11-11 08:20:49', '2022-11-11 08:20:49'),
(439, 5, 5, 'Log Out', '2022-11-11 08:23:23', '2022-11-11 08:23:23'),
(440, 1, 1, 'Log In', '2022-11-11 08:23:25', '2022-11-11 08:23:25'),
(441, 1, 1, 'Log Out', '2022-11-11 08:25:05', '2022-11-11 08:25:05'),
(442, 5, 5, 'Log In', '2022-11-11 08:25:15', '2022-11-11 08:25:15'),
(443, 5, 5, 'Log Out', '2022-11-11 08:38:35', '2022-11-11 08:38:35'),
(444, 1, 1, 'Log In', '2022-11-11 08:38:40', '2022-11-11 08:38:40'),
(445, 1, 1, 'Log In', '2022-11-11 08:38:40', '2022-11-11 08:38:40'),
(446, 1, 1, 'Log Out', '2022-11-11 08:41:01', '2022-11-11 08:41:01'),
(447, 5, 5, 'Log In', '2022-11-11 08:41:16', '2022-11-11 08:41:16'),
(448, 1, 1, 'Log In', '2022-11-11 10:42:59', '2022-11-11 10:42:59'),
(449, 5, 5, 'Log In', '2022-11-12 06:10:29', '2022-11-12 06:10:29'),
(450, 1, 1, 'Log In', '2022-11-14 04:06:57', '2022-11-14 04:06:57'),
(451, 1, 1, 'Tambah Reward \'distributor\' - Honda BRV', '2022-11-14 04:34:03', '2022-11-14 04:34:03'),
(452, 1, 1, 'Tambah Reward \'distributor\' - Honda BRIO', '2022-11-14 04:37:49', '2022-11-14 04:37:49'),
(453, 1, 1, 'Tambah Reward \'distributor\' - Honda CBR 250', '2022-11-14 04:40:55', '2022-11-14 04:40:55'),
(454, 1, 1, 'Tambah Reward \'distributor\' - Tour Holyland ber 2', '2022-11-14 04:44:24', '2022-11-14 04:44:24'),
(455, 1, 1, 'Tambah Reward \'distributor\' - Tour Eropa', '2022-11-14 04:46:31', '2022-11-14 04:46:31'),
(456, 1, 1, 'Tambah Reward \'distributor\' - Samsung Z Fold 4', '2022-11-14 04:48:43', '2022-11-14 04:48:43'),
(457, 1, 1, 'Tambah Reward \'distributor\' - Honda PCX 160', '2022-11-14 04:50:32', '2022-11-14 04:50:32'),
(458, 1, 1, 'Tambah Reward \'distributor\' - Honda BEAT', '2022-11-14 04:52:04', '2022-11-14 04:52:04'),
(459, 1, 1, 'Tambah Reward \'distributor\' - Honda BEAT', '2022-11-14 04:52:04', '2022-11-14 04:52:04'),
(460, 1, 1, 'Edit reward CRM \'distributor\' - Iphone 13 pro max', '2022-11-14 04:53:47', '2022-11-14 04:53:47'),
(461, 1, 1, 'Tambah Reward \'distributor\' - Samsung smart TV 50 inch qled 4K', '2022-11-14 04:56:28', '2022-11-14 04:56:28'),
(462, 1, 1, 'Tambah Reward \'distributor\' - Emas 5g GRAM', '2022-11-14 05:00:33', '2022-11-14 05:00:33'),
(463, 1, 1, 'Tambah Reward \'distributor\' - Mesin cuci P70000N', '2022-11-14 05:03:26', '2022-11-14 05:03:26'),
(464, 1, 1, 'Tambah Reward \'distributor\' - Emas 1g GRAM', '2022-11-14 05:04:55', '2022-11-14 05:04:55'),
(465, 3, 3, 'Log In', '2022-11-14 06:19:50', '2022-11-14 06:19:50'),
(466, 1, 1, 'Log In', '2022-11-14 06:24:37', '2022-11-14 06:24:37'),
(467, 9, 3, 'Log In', '2022-11-14 06:24:42', '2022-11-14 06:24:42'),
(468, 1, 1, 'Log Out', '2022-11-14 06:29:20', '2022-11-14 06:29:20'),
(469, 9, 3, 'Log In', '2022-11-14 06:29:26', '2022-11-14 06:29:26'),
(470, 9, 3, 'Log Out', '2022-11-14 06:38:14', '2022-11-14 06:38:14'),
(471, 5, 5, 'Log In', '2022-11-14 07:41:44', '2022-11-14 07:41:44'),
(472, 1, 1, 'Log In', '2022-11-14 07:48:49', '2022-11-14 07:48:49'),
(473, 1, 1, 'Log In', '2022-11-14 07:54:56', '2022-11-14 07:54:56'),
(474, 1, 1, 'Edit akun \'distributor ptc\'', '2022-11-14 07:57:34', '2022-11-14 07:57:34'),
(475, 1, 1, 'Log Out', '2022-11-14 07:57:56', '2022-11-14 07:57:56'),
(476, 4, 4, 'Log In', '2022-11-14 07:58:02', '2022-11-14 07:58:02'),
(477, 4, 4, 'Log In', '2022-11-14 07:58:55', '2022-11-14 07:58:55'),
(478, 4, 4, 'Log Out', '2022-11-14 08:00:12', '2022-11-14 08:00:12'),
(479, 5, 5, 'Log In', '2022-11-14 08:00:47', '2022-11-14 08:00:47'),
(480, 5, 5, 'Log In', '2022-11-14 08:01:09', '2022-11-14 08:01:09'),
(481, 5, 5, 'Log Out', '2022-11-14 08:20:18', '2022-11-14 08:20:18'),
(482, 9, 3, 'Log In', '2022-11-15 07:50:04', '2022-11-15 07:50:04'),
(483, 9, 3, 'Create Penjualan Toko \'Mem erna\'', '2022-11-15 07:51:58', '2022-11-15 07:51:58'),
(484, 9, 3, 'Log In', '2022-11-16 01:33:33', '2022-11-16 01:33:33'),
(485, 9, 3, 'Create Penjualan Toko \'Mas febry deus\'', '2022-11-16 01:35:05', '2022-11-16 01:35:05'),
(486, 3, 3, 'Log In', '2022-11-16 01:46:29', '2022-11-16 01:46:29'),
(487, 1, 1, 'Log In', '2022-11-16 04:13:45', '2022-11-16 04:13:45'),
(488, 5, 5, 'Log In', '2022-11-16 04:19:53', '2022-11-16 04:19:53'),
(489, 9, 3, 'Log In', '2022-11-16 09:08:00', '2022-11-16 09:08:00'),
(490, 9, 3, 'Create Penjualan Toko \'Mas rian\'', '2022-11-16 09:09:47', '2022-11-16 09:09:47'),
(491, 9, 3, 'Create Penjualan Toko \'Nola\'', '2022-11-16 09:11:54', '2022-11-16 09:11:54'),
(492, 1, 1, 'Log In', '2022-11-16 09:30:06', '2022-11-16 09:30:06'),
(493, 9, 3, 'Log In', '2022-11-17 04:35:45', '2022-11-17 04:35:45'),
(494, 9, 3, 'Create Penjualan Toko \'mbak camila\'', '2022-11-17 04:37:03', '2022-11-17 04:37:03'),
(495, 9, 3, 'Log Out', '2022-11-17 04:47:40', '2022-11-17 04:47:40'),
(496, 9, 3, 'Log In', '2022-11-17 05:34:42', '2022-11-17 05:34:42'),
(497, 9, 3, 'Create Penjualan Toko \'Bapak amok\'', '2022-11-17 05:36:32', '2022-11-17 05:36:32'),
(498, 9, 3, 'Log In', '2022-11-17 12:10:22', '2022-11-17 12:10:22'),
(499, 9, 3, 'Create Penjualan Toko \'Mbak azza\'', '2022-11-17 12:15:21', '2022-11-17 12:15:21'),
(500, 9, 3, 'Log In', '2022-11-18 00:56:20', '2022-11-18 00:56:20'),
(501, 3, 3, 'Log In', '2022-11-18 03:26:47', '2022-11-18 03:26:47'),
(502, 5, 5, 'Log In', '2022-11-18 04:06:22', '2022-11-18 04:06:22'),
(503, 9, 3, 'Log In', '2022-11-18 05:22:11', '2022-11-18 05:22:11'),
(504, 9, 3, 'Log In', '2022-11-18 05:34:45', '2022-11-18 05:34:45'),
(505, 1, 1, 'Log In', '2022-11-18 06:10:16', '2022-11-18 06:10:16'),
(506, 5, 5, 'Log In', '2022-11-18 06:11:59', '2022-11-18 06:11:59'),
(507, 9, 3, 'Create Penjualan Toko \'kak margaretha\'', '2022-11-18 06:55:07', '2022-11-18 06:55:07'),
(508, 1, 1, 'Log Out', '2022-11-18 07:40:51', '2022-11-18 07:40:51'),
(509, 5, 5, 'Log Out', '2022-11-18 07:40:58', '2022-11-18 07:40:58'),
(510, 9, 3, 'Log In', '2022-11-19 04:36:06', '2022-11-19 04:36:06'),
(511, 9, 3, 'Create Penjualan Toko \'Mas rend\'', '2022-11-19 04:38:20', '2022-11-19 04:38:20'),
(512, 9, 3, 'Log In', '2022-11-20 03:00:41', '2022-11-20 03:00:41'),
(513, 9, 3, 'Log In', '2022-11-21 03:00:55', '2022-11-21 03:00:55'),
(514, 9, 3, 'Create Penjualan Toko \'Mas sumadiq\'', '2022-11-21 03:02:22', '2022-11-21 03:02:22'),
(515, 1, 1, 'Log In', '2022-11-21 03:03:57', '2022-11-21 03:03:57'),
(516, 1, 1, 'Log In', '2022-11-21 07:33:18', '2022-11-21 07:33:18'),
(517, 1, 1, 'Log Out', '2022-11-21 07:35:26', '2022-11-21 07:35:26'),
(518, 4, 4, 'Log In', '2022-11-21 07:35:31', '2022-11-21 07:35:31'),
(519, 4, 4, 'Edit akun \'distributor ptc\'', '2022-11-21 07:48:40', '2022-11-21 07:48:40'),
(520, 4, 4, 'Log Out', '2022-11-21 07:48:59', '2022-11-21 07:48:59'),
(521, 9, 3, 'Log In', '2022-11-24 02:48:55', '2022-11-24 02:48:55'),
(522, 9, 3, 'Create Penjualan Toko \'CUSTOMER BUNGKUL\'', '2022-11-24 02:50:34', '2022-11-24 02:50:34'),
(523, 9, 3, 'Create Penjualan Toko \'customer bungkul\'', '2022-11-24 02:51:11', '2022-11-24 02:51:11'),
(524, 9, 3, 'Create Penjualan Toko \'customer bungkul\'', '2022-11-24 02:52:03', '2022-11-24 02:52:03'),
(525, 9, 3, 'Log Out', '2022-11-24 02:55:24', '2022-11-24 02:55:24'),
(526, 5, 5, 'Log In', '2022-11-25 02:43:27', '2022-11-25 02:43:27'),
(527, 1, 1, 'Log In', '2022-11-25 02:44:35', '2022-11-25 02:44:35'),
(528, 5, 5, 'Log In', '2022-11-29 01:45:11', '2022-11-29 01:45:11'),
(529, 5, 5, 'Log In', '2022-11-29 07:52:25', '2022-11-29 07:52:25'),
(530, 1, 1, 'Log In', '2022-11-29 14:24:21', '2022-11-29 14:24:21'),
(531, 1, 1, 'Log In', '2022-11-30 03:12:52', '2022-11-30 03:12:52'),
(532, 1, 1, 'Log Out', '2022-11-30 03:22:26', '2022-11-30 03:22:26'),
(533, 5, 5, 'Log In', '2022-11-30 03:22:48', '2022-11-30 03:22:48'),
(534, 5, 5, 'Log In', '2022-11-30 03:25:24', '2022-11-30 03:25:24'),
(535, 1, 1, 'Log In', '2022-11-30 09:36:02', '2022-11-30 09:36:02'),
(536, 5, 5, 'Log In', '2022-12-01 01:40:43', '2022-12-01 01:40:43'),
(537, 1, 1, 'Log In', '2022-12-01 08:52:11', '2022-12-01 08:52:11'),
(538, 1, 1, 'Log Out', '2022-12-01 08:53:41', '2022-12-01 08:53:41'),
(539, 1, 1, 'Log In', '2022-12-01 08:55:03', '2022-12-01 08:55:03'),
(540, 1, 1, 'Log Out', '2022-12-01 08:56:46', '2022-12-01 08:56:46'),
(541, 5, 5, 'Log In', '2022-12-01 08:56:57', '2022-12-01 08:56:57'),
(542, 5, 5, 'Log In', '2022-12-01 08:57:19', '2022-12-01 08:57:19'),
(543, 1, 1, 'Log In', '2022-12-02 06:25:10', '2022-12-02 06:25:10'),
(544, 5, 5, 'Log In', '2022-12-02 06:37:27', '2022-12-02 06:37:27'),
(545, 1, 1, 'Log In', '2022-12-06 08:03:08', '2022-12-06 08:03:08'),
(546, 1, 1, 'Log Out', '2022-12-06 08:04:17', '2022-12-06 08:04:17'),
(547, 5, 5, 'Log In', '2022-12-06 08:04:31', '2022-12-06 08:04:31'),
(548, 1, 1, 'Log In', '2022-12-09 07:27:13', '2022-12-09 07:27:13'),
(549, 1, 1, 'Log In', '2022-12-10 03:06:15', '2022-12-10 03:06:15'),
(550, 1, 1, 'Log Out', '2022-12-10 03:06:40', '2022-12-10 03:06:40'),
(551, 1, 1, 'Log In', '2022-12-10 03:07:03', '2022-12-10 03:07:03'),
(552, 1, 1, 'Log Out', '2022-12-10 03:07:15', '2022-12-10 03:07:15'),
(553, 1, 1, 'Log In', '2022-12-10 03:07:59', '2022-12-10 03:07:59'),
(554, 1, 1, 'Create akun \'febri fewbri\'', '2022-12-10 03:09:09', '2022-12-10 03:09:09'),
(555, 1, 1, 'Log Out', '2022-12-10 03:09:14', '2022-12-10 03:09:14'),
(556, 1, 1, 'Log In', '2022-12-10 03:10:29', '2022-12-10 03:10:29'),
(557, 1, 1, 'Edit akun \'febri fewbri\'', '2022-12-10 03:11:32', '2022-12-10 03:11:32'),
(558, 15, 6, 'Log In', '2022-12-10 03:11:37', '2022-12-10 03:11:37'),
(559, 15, 6, 'Log Out', '2022-12-10 03:14:49', '2022-12-10 03:14:49'),
(560, 15, 6, 'Log In', '2022-12-10 03:15:12', '2022-12-10 03:15:12'),
(561, 15, 6, 'Log Out', '2022-12-10 03:16:41', '2022-12-10 03:16:41'),
(562, 1, 1, 'Log In', '2022-12-19 08:10:01', '2022-12-19 08:10:01'),
(563, 9, 3, 'Log In', '2023-01-06 04:17:11', '2023-01-06 04:17:11'),
(564, 9, 3, 'Create Penjualan Toko \'Bapak onny\'', '2023-01-06 04:17:55', '2023-01-06 04:17:55'),
(565, 1, 1, 'Log In', '2023-02-02 07:32:58', '2023-02-02 07:32:58'),
(566, 1, 1, 'Log Out', '2023-02-02 07:33:08', '2023-02-02 07:33:08'),
(567, 1, 1, 'Log In', '2023-02-02 07:33:52', '2023-02-02 07:33:52'),
(568, 1, 1, 'Log In', '2023-02-02 07:34:54', '2023-02-02 07:34:54'),
(569, 1, 1, 'Log Out', '2023-02-02 07:35:21', '2023-02-02 07:35:21'),
(570, 5, 5, 'Log In', '2023-02-02 07:35:36', '2023-02-02 07:35:36'),
(571, 5, 5, 'Create akun \'rizky rizky\'', '2023-02-02 07:37:35', '2023-02-02 07:37:35'),
(572, 16, 5, 'Log In', '2023-02-02 07:52:38', '2023-02-02 07:52:38'),
(573, 16, 5, 'Create Penjualan Toko \'Toko serba ada\'', '2023-02-02 07:53:35', '2023-02-02 07:53:35'),
(574, 1, 1, 'Log In', '2023-02-02 08:15:15', '2023-02-02 08:15:15'),
(575, 1, 1, 'Log In', '2023-02-02 08:20:38', '2023-02-02 08:20:38'),
(576, 1, 1, 'Log Out', '2023-02-02 08:27:43', '2023-02-02 08:27:43'),
(577, 16, 5, 'Log In', '2023-02-02 08:28:15', '2023-02-02 08:28:15'),
(578, 16, 5, 'Log Out', '2023-02-02 08:29:19', '2023-02-02 08:29:19'),
(579, 1, 1, 'Log Out', '2023-02-02 08:31:12', '2023-02-02 08:31:12'),
(580, 5, 5, 'Log Out', '2023-02-02 08:31:32', '2023-02-02 08:31:32'),
(581, 5, 5, 'Log In', '2023-02-02 08:31:48', '2023-02-02 08:31:48'),
(582, 5, 5, 'Log In', '2023-02-02 08:32:05', '2023-02-02 08:32:05'),
(583, 1, 1, 'Log In', '2023-03-02 08:12:29', '2023-03-02 08:12:29'),
(584, 1, 1, 'Log Out', '2023-03-02 08:14:59', '2023-03-02 08:14:59'),
(585, 5, 5, 'Log In', '2023-03-02 08:15:10', '2023-03-02 08:15:10'),
(586, 5, 5, 'Create akun \'albert putus\'', '2023-03-02 08:17:58', '2023-03-02 08:17:58'),
(587, 5, 5, 'Edit akun \'rizky rizky\'', '2023-03-02 08:19:13', '2023-03-02 08:19:13'),
(588, 16, 5, 'Log In', '2023-03-02 08:19:18', '2023-03-02 08:19:18'),
(589, 16, 5, 'Log Out', '2023-03-02 08:44:09', '2023-03-02 08:44:09'),
(590, 5, 5, 'Log In', '2023-03-13 02:12:07', '2023-03-13 02:12:07'),
(591, 5, 5, 'Log Out', '2023-03-13 02:12:43', '2023-03-13 02:12:43'),
(592, 13, 3, 'Log In', '2023-03-13 02:12:49', '2023-03-13 02:12:49'),
(593, 1, 1, 'Log In', '2023-03-13 10:26:08', '2023-03-13 10:26:08'),
(594, 1, 1, 'Log In', '2023-03-13 10:29:13', '2023-03-13 10:29:13'),
(595, 1, 1, 'Log Out', '2023-03-13 10:29:38', '2023-03-13 10:29:38'),
(596, 13, 3, 'Log In', '2023-03-13 10:29:48', '2023-03-13 10:29:48'),
(597, 13, 3, 'Log Out', '2023-03-13 10:30:28', '2023-03-13 10:30:28'),
(598, 1, 1, 'Log In', '2023-03-13 10:34:31', '2023-03-13 10:34:31'),
(599, 1, 1, 'Log Out', '2023-03-13 10:34:49', '2023-03-13 10:34:49'),
(600, 13, 3, 'Log In', '2023-03-13 10:35:05', '2023-03-13 10:35:05'),
(601, 1, 1, 'Log In', '2023-04-04 03:42:24', '2023-04-04 03:42:24'),
(602, 1, 1, 'Log Out', '2023-04-04 03:42:47', '2023-04-04 03:42:47'),
(603, 13, 3, 'Log In', '2023-04-04 03:43:14', '2023-04-04 03:43:14'),
(604, 13, 3, 'Log Out', '2023-04-04 03:43:42', '2023-04-04 03:43:42'),
(605, 1, 1, 'Log In', '2023-04-04 03:43:48', '2023-04-04 03:43:48'),
(606, 1, 1, 'Log Out', '2023-04-04 03:44:07', '2023-04-04 03:44:07'),
(607, 5, 5, 'Log In', '2023-04-04 03:44:16', '2023-04-04 03:44:16'),
(608, 5, 5, 'Create akun \'rizky rizky\'', '2023-04-04 03:46:35', '2023-04-04 03:46:35'),
(609, 5, 5, 'Log Out', '2023-04-04 03:47:26', '2023-04-04 03:47:26'),
(610, 18, 5, 'Log In', '2023-04-04 03:47:57', '2023-04-04 03:47:57'),
(611, 5, 5, 'Log In', '2023-04-05 09:43:01', '2023-04-05 09:43:01'),
(612, 5, 5, 'Log Out', '2023-04-05 09:43:30', '2023-04-05 09:43:30'),
(613, 5, 5, 'Log Out', '2023-04-05 09:43:30', '2023-04-05 09:43:30'),
(614, 5, 5, 'Log In', '2023-04-05 09:44:10', '2023-04-05 09:44:10'),
(615, 5, 5, 'Edit akun \'rizky rizky\'', '2023-04-05 09:44:41', '2023-04-05 09:44:41');
INSERT INTO `user_histories` (`id`, `id_user`, `id_group`, `kegiatan`, `created_at`, `updated_at`) VALUES
(616, 5, 5, 'Edit akun \'rizky rizky\'', '2023-04-05 09:44:41', '2023-04-05 09:44:41'),
(617, 5, 5, 'Log Out', '2023-04-05 09:44:45', '2023-04-05 09:44:45'),
(618, 18, 5, 'Log In', '2023-04-05 09:44:53', '2023-04-05 09:44:53'),
(619, 18, 5, 'Log In', '2023-04-05 11:44:00', '2023-04-05 11:44:00'),
(620, 18, 5, 'Log Out', '2023-04-05 11:44:50', '2023-04-05 11:44:50'),
(621, 5, 5, 'Log In', '2023-04-05 11:45:03', '2023-04-05 11:45:03'),
(622, 5, 5, 'Log Out', '2023-04-05 11:45:53', '2023-04-05 11:45:53'),
(623, 1, 1, 'Log In', '2023-04-05 11:46:06', '2023-04-05 11:46:06'),
(624, 1, 1, 'Log Out', '2023-04-05 11:46:25', '2023-04-05 11:46:25'),
(625, 18, 5, 'Log In', '2023-04-05 11:49:33', '2023-04-05 11:49:33'),
(626, 5, 5, 'Log In', '2023-04-05 11:53:03', '2023-04-05 11:53:03'),
(627, 5, 5, 'Log Out', '2023-04-05 11:53:26', '2023-04-05 11:53:26'),
(628, 1, 1, 'Log In', '2023-04-05 11:53:48', '2023-04-05 11:53:48'),
(629, 18, 5, 'Create Penjualan Toko \'test\'', '2023-04-05 12:15:00', '2023-04-05 12:15:00'),
(630, 1, 1, 'Log In', '2023-04-05 12:24:05', '2023-04-05 12:24:05'),
(631, 1, 1, 'Log Out', '2023-04-05 12:59:36', '2023-04-05 12:59:36'),
(632, 18, 5, 'Log In', '2023-04-05 12:59:44', '2023-04-05 12:59:44'),
(633, 18, 5, 'Create Penjualan Toko \'test\'', '2023-04-05 13:02:19', '2023-04-05 13:02:19'),
(634, 18, 5, 'Log Out', '2023-04-05 13:02:38', '2023-04-05 13:02:38'),
(635, 18, 5, 'Log In', '2023-04-05 13:03:22', '2023-04-05 13:03:22'),
(636, 18, 5, 'Log Out', '2023-04-05 13:30:06', '2023-04-05 13:30:06'),
(637, 1, 1, 'Log In', '2023-04-05 13:30:12', '2023-04-05 13:30:12'),
(638, 1, 1, 'Log Out', '2023-04-05 13:31:43', '2023-04-05 13:31:43'),
(639, 18, 5, 'Log In', '2023-04-05 13:31:53', '2023-04-05 13:31:53'),
(640, 18, 5, 'Log Out', '2023-04-05 13:52:02', '2023-04-05 13:52:02'),
(641, 1, 1, 'Log In', '2023-04-05 13:52:10', '2023-04-05 13:52:10'),
(642, 1, 1, 'Log Out', '2023-04-05 14:22:19', '2023-04-05 14:22:19'),
(643, 18, 5, 'Log In', '2023-04-05 14:22:30', '2023-04-05 14:22:30'),
(644, 18, 5, 'Log Out', '2023-04-05 14:24:10', '2023-04-05 14:24:10'),
(645, 1, 1, 'Log In', '2023-04-05 14:24:15', '2023-04-05 14:24:15'),
(646, 1, 1, 'Log In', '2023-04-06 03:15:52', '2023-04-06 03:15:52'),
(647, 1, 1, 'Log Out', '2023-04-06 03:17:14', '2023-04-06 03:17:14'),
(648, 5, 5, 'Log In', '2023-04-06 03:17:21', '2023-04-06 03:17:21'),
(649, 5, 5, 'Log Out', '2023-04-06 03:18:07', '2023-04-06 03:18:07'),
(650, 18, 5, 'Log In', '2023-04-06 03:18:19', '2023-04-06 03:18:19'),
(651, 1, 1, 'Log In', '2023-04-10 04:32:55', '2023-04-10 04:32:55'),
(652, 1, 1, 'Log In', '2023-04-10 07:31:01', '2023-04-10 07:31:01'),
(653, 1, 1, 'Log In', '2023-04-10 07:33:39', '2023-04-10 07:33:39'),
(654, 1, 1, 'Log In', '2023-05-12 09:54:07', '2023-05-12 09:54:07'),
(655, 1, 1, 'Log Out', '2023-05-12 09:55:42', '2023-05-12 09:55:42'),
(656, 5, 5, 'Log In', '2023-05-12 09:55:54', '2023-05-12 09:55:54'),
(657, 1, 1, 'Log In', '2023-05-13 01:46:09', '2023-05-13 01:46:09'),
(658, 1, 1, 'Log In', '2023-05-13 03:03:20', '2023-05-13 03:03:20'),
(659, 1, 1, 'Log Out', '2023-05-13 03:29:22', '2023-05-13 03:29:22'),
(660, 5, 5, 'Log In', '2023-05-13 03:29:37', '2023-05-13 03:29:37'),
(661, 5, 5, 'Log Out', '2023-05-13 03:30:24', '2023-05-13 03:30:24'),
(662, 5, 5, 'Log In', '2023-05-16 04:13:47', '2023-05-16 04:13:47'),
(663, 5, 5, 'Create transaksi \'T15122000101\'', '2023-05-16 04:15:29', '2023-05-16 04:15:29'),
(664, 5, 5, 'Log Out', '2023-05-16 04:22:18', '2023-05-16 04:22:18'),
(665, 1, 1, 'Log In', '2023-05-16 04:22:26', '2023-05-16 04:22:26'),
(666, 1, 1, 'Log Out', '2023-05-16 04:25:33', '2023-05-16 04:25:33'),
(667, 1, 1, 'Log In', '2023-05-16 04:25:42', '2023-05-16 04:25:42'),
(668, 1, 1, 'Log Out', '2023-05-16 05:40:03', '2023-05-16 05:40:03'),
(669, 5, 5, 'Log In', '2023-05-16 05:40:14', '2023-05-16 05:40:14'),
(670, 5, 5, 'Log Out', '2023-05-16 07:12:35', '2023-05-16 07:12:35'),
(671, 1, 1, 'Log In', '2023-05-16 07:12:50', '2023-05-16 07:12:50'),
(672, 1, 1, 'Log Out', '2023-05-16 07:12:57', '2023-05-16 07:12:57'),
(673, 5, 5, 'Log In', '2023-05-16 07:13:05', '2023-05-16 07:13:05'),
(674, 5, 5, 'Log Out', '2023-05-16 07:13:22', '2023-05-16 07:13:22'),
(675, 1, 1, 'Log In', '2023-05-16 07:13:58', '2023-05-16 07:13:58'),
(676, 1, 1, 'Log Out', '2023-05-16 08:09:59', '2023-05-16 08:09:59'),
(677, 5, 5, 'Log In', '2023-05-16 08:10:09', '2023-05-16 08:10:09'),
(678, 5, 5, 'Create transaksi \'T15122000101\'', '2023-05-16 08:45:58', '2023-05-16 08:45:58'),
(679, 5, 5, 'Log Out', '2023-05-16 08:46:03', '2023-05-16 08:46:03'),
(680, 1, 1, 'Log In', '2023-05-16 08:46:14', '2023-05-16 08:46:14'),
(681, 1, 1, 'Approve transaksi distributor \'T15122000101\'', '2023-05-16 08:47:19', '2023-05-16 08:47:19'),
(682, 1, 1, 'Log Out', '2023-05-16 08:47:48', '2023-05-16 08:47:48'),
(683, 5, 5, 'Log In', '2023-05-16 08:47:56', '2023-05-16 08:47:56'),
(684, 5, 5, 'Log In', '2023-05-16 14:44:52', '2023-05-16 14:44:52'),
(685, 5, 5, 'Create transaksi \'T15122000101\'', '2023-05-16 15:03:38', '2023-05-16 15:03:38'),
(686, 5, 5, 'Create transaksi \'T15122000101\'', '2023-05-16 15:11:24', '2023-05-16 15:11:24'),
(687, 5, 5, 'Log Out', '2023-05-16 15:11:28', '2023-05-16 15:11:28'),
(688, 1, 1, 'Log In', '2023-05-16 15:11:39', '2023-05-16 15:11:39'),
(689, 1, 1, 'Approve transaksi distributor \'T15122000101\'', '2023-05-16 15:14:25', '2023-05-16 15:14:25'),
(690, 1, 1, 'Log Out', '2023-05-16 15:14:32', '2023-05-16 15:14:32'),
(691, 5, 5, 'Log In', '2023-05-16 15:14:41', '2023-05-16 15:14:41'),
(692, 5, 5, 'Create transaksi \'T15122000101\'', '2023-05-16 16:10:39', '2023-05-16 16:10:39'),
(693, 5, 5, 'Log In', '2023-05-16 21:09:04', '2023-05-16 21:09:04'),
(694, 5, 5, 'Create Retur \'SK12345\'', '2023-05-16 23:35:06', '2023-05-16 23:35:06'),
(695, 5, 5, 'Create Retur \'SK12345\'', '2023-05-16 23:41:05', '2023-05-16 23:41:05'),
(696, 5, 5, 'Create Retur \'SK12345\'', '2023-05-16 23:43:54', '2023-05-16 23:43:54'),
(697, 5, 5, 'Log Out', '2023-05-16 23:44:08', '2023-05-16 23:44:08'),
(698, 1, 1, 'Log In', '2023-05-16 23:44:14', '2023-05-16 23:44:14'),
(699, 1, 1, 'Log Out', '2023-05-16 23:46:09', '2023-05-16 23:46:09'),
(700, 5, 5, 'Log In', '2023-05-16 23:46:16', '2023-05-16 23:46:16'),
(701, 5, 5, 'Log Out', '2023-05-16 23:54:08', '2023-05-16 23:54:08'),
(702, 1, 1, 'Log In', '2023-05-16 23:57:49', '2023-05-16 23:57:49'),
(703, 1, 1, 'Log Out', '2023-05-17 00:08:50', '2023-05-17 00:08:50'),
(704, 5, 5, 'Log In', '2023-05-17 00:08:58', '2023-05-17 00:08:58'),
(705, 5, 5, 'Approve Retur distributor \'SK12345\'', '2023-05-17 00:30:19', '2023-05-17 00:30:19'),
(706, 5, 5, 'Approve Retur distributor \'SK12345\'', '2023-05-17 00:30:27', '2023-05-17 00:30:27'),
(707, 5, 5, 'Approve Retur distributor \'SK12345\'', '2023-05-17 00:30:33', '2023-05-17 00:30:33'),
(708, 5, 5, 'Log Out', '2023-05-17 00:31:37', '2023-05-17 00:31:37'),
(709, 1, 1, 'Log In', '2023-05-17 00:31:45', '2023-05-17 00:31:45'),
(710, 1, 1, 'Log Out', '2023-05-17 00:31:53', '2023-05-17 00:31:53'),
(711, 5, 5, 'Log In', '2023-05-17 00:32:01', '2023-05-17 00:32:01'),
(712, 5, 5, 'Create Retur \'SK12345\'', '2023-05-17 00:32:42', '2023-05-17 00:32:42'),
(713, 5, 5, 'Log Out', '2023-05-17 00:32:57', '2023-05-17 00:32:57'),
(714, 1, 1, 'Log In', '2023-05-17 00:33:06', '2023-05-17 00:33:06'),
(715, 1, 1, 'Log Out', '2023-05-17 00:38:02', '2023-05-17 00:38:02'),
(716, 5, 5, 'Log In', '2023-05-17 00:38:09', '2023-05-17 00:38:09'),
(717, 5, 5, 'Log Out', '2023-05-17 00:50:43', '2023-05-17 00:50:43'),
(718, 1, 1, 'Log In', '2023-05-17 00:50:52', '2023-05-17 00:50:52'),
(719, 1, 1, 'Log Out', '2023-05-17 00:53:08', '2023-05-17 00:53:08'),
(720, 5, 5, 'Log In', '2023-05-17 00:53:17', '2023-05-17 00:53:17'),
(721, 5, 5, 'Log Out', '2023-05-17 00:53:58', '2023-05-17 00:53:58'),
(722, 1, 1, 'Log In', '2023-05-17 00:54:06', '2023-05-17 00:54:06'),
(723, 1, 1, 'Log In', '2023-05-17 03:05:31', '2023-05-17 03:05:31'),
(724, 1, 1, 'Log Out', '2023-05-17 03:09:44', '2023-05-17 03:09:44'),
(725, 5, 5, 'Log In', '2023-05-17 03:09:52', '2023-05-17 03:09:52'),
(726, 5, 5, 'Create akun \'seller 1\'', '2023-05-17 03:14:13', '2023-05-17 03:14:13'),
(727, 5, 5, 'Log Out', '2023-05-17 03:14:29', '2023-05-17 03:14:29'),
(728, 19, 5, 'Log In', '2023-05-17 03:14:37', '2023-05-17 03:14:37'),
(729, 19, 5, 'Log Out', '2023-05-17 03:15:47', '2023-05-17 03:15:47'),
(730, 5, 5, 'Log In', '2023-05-17 03:15:58', '2023-05-17 03:15:58'),
(731, 5, 5, 'Edit stok \'Angel Blossom\' - reseller \'seller 1\'', '2023-05-17 03:18:03', '2023-05-17 03:18:03'),
(732, 5, 5, 'Log Out', '2023-05-17 03:18:29', '2023-05-17 03:18:29'),
(733, 19, 5, 'Log In', '2023-05-17 03:18:41', '2023-05-17 03:18:41'),
(734, 19, 5, 'Create transaksi \'T15122000101\'', '2023-05-17 03:19:59', '2023-05-17 03:19:59'),
(735, 19, 5, 'Log Out', '2023-05-17 03:20:14', '2023-05-17 03:20:14'),
(736, 5, 5, 'Log In', '2023-05-17 03:20:29', '2023-05-17 03:20:29'),
(737, 5, 5, 'Approve transaksi reseller \'T15122000101\'', '2023-05-17 03:24:32', '2023-05-17 03:24:32'),
(738, 5, 5, 'Log Out', '2023-05-17 03:26:06', '2023-05-17 03:26:06'),
(739, 19, 5, 'Log In', '2023-05-17 03:26:33', '2023-05-17 03:26:33'),
(740, 19, 5, 'Create transaksi \'T15122000101\'', '2023-05-17 03:28:08', '2023-05-17 03:28:08'),
(741, 19, 5, 'Log Out', '2023-05-17 03:28:33', '2023-05-17 03:28:33'),
(742, 1, 1, 'Log In', '2023-05-17 03:28:42', '2023-05-17 03:28:42'),
(743, 1, 1, 'Approve Retur distributor \'SK12345\'', '2023-05-17 03:29:02', '2023-05-17 03:29:02'),
(744, 1, 1, 'Log Out', '2023-05-17 03:29:08', '2023-05-17 03:29:08'),
(745, 5, 5, 'Log In', '2023-05-17 03:29:16', '2023-05-17 03:29:16'),
(746, 5, 5, 'Approve transaksi reseller \'T15122000101\'', '2023-05-17 03:29:29', '2023-05-17 03:29:29'),
(747, 5, 5, 'Log Out', '2023-05-17 03:29:37', '2023-05-17 03:29:37'),
(748, 19, 5, 'Log In', '2023-05-17 03:29:45', '2023-05-17 03:29:45'),
(749, 19, 5, 'Log Out', '2023-05-17 03:40:52', '2023-05-17 03:40:52'),
(750, 5, 5, 'Log In', '2023-05-17 03:51:34', '2023-05-17 03:51:34'),
(751, 5, 5, 'Log Out', '2023-05-17 06:06:25', '2023-05-17 06:06:25'),
(752, 1, 1, 'Log In', '2023-05-17 06:06:35', '2023-05-17 06:06:35'),
(753, 1, 1, 'Log Out', '2023-05-17 06:10:13', '2023-05-17 06:10:13'),
(754, 5, 5, 'Log In', '2023-05-17 06:10:31', '2023-05-17 06:10:31'),
(755, 5, 5, 'Log Out', '2023-05-17 06:17:35', '2023-05-17 06:17:35'),
(756, 1, 1, 'Log In', '2023-05-17 06:17:42', '2023-05-17 06:17:42'),
(757, 1, 1, 'Log Out', '2023-05-17 06:18:20', '2023-05-17 06:18:20'),
(758, 5, 5, 'Log In', '2023-05-17 06:18:31', '2023-05-17 06:18:31'),
(759, 5, 5, 'Log Out', '2023-05-17 06:57:32', '2023-05-17 06:57:32'),
(760, 19, 5, 'Log In', '2023-05-17 06:57:41', '2023-05-17 06:57:41'),
(761, 19, 5, 'Create Retur \'SK12345\'', '2023-05-17 06:58:11', '2023-05-17 06:58:11'),
(762, 19, 5, 'Log Out', '2023-05-17 06:58:20', '2023-05-17 06:58:20'),
(763, 5, 5, 'Log In', '2023-05-17 06:58:31', '2023-05-17 06:58:31'),
(764, 5, 5, 'Create akun \'sales 2\'', '2023-05-17 07:00:04', '2023-05-17 07:00:04'),
(765, 5, 5, 'Log Out', '2023-05-17 07:00:10', '2023-05-17 07:00:10'),
(766, 20, 5, 'Log In', '2023-05-17 07:00:17', '2023-05-17 07:00:17'),
(767, 20, 5, 'Log Out', '2023-05-17 07:02:15', '2023-05-17 07:02:15'),
(768, 5, 5, 'Log In', '2023-05-17 07:02:22', '2023-05-17 07:02:22'),
(769, 5, 5, 'Create Retur \'SK12345\'', '2023-05-17 07:42:59', '2023-05-17 07:42:59'),
(770, 5, 5, 'Log In', '2023-05-18 00:15:45', '2023-05-18 00:15:45'),
(771, 5, 5, 'Create transaksi \'T15122000102\'', '2023-05-18 01:48:59', '2023-05-18 01:48:59'),
(772, 5, 5, 'Create transaksi \'T15122000103\'', '2023-05-18 01:52:17', '2023-05-18 01:52:17'),
(773, 5, 5, 'Log Out', '2023-05-18 01:56:52', '2023-05-18 01:56:52'),
(774, 5, 5, 'Log In', '2023-05-18 01:56:57', '2023-05-18 01:56:57'),
(775, 5, 5, 'Create transaksi \'T15122000104\'', '2023-05-18 01:57:25', '2023-05-18 01:57:25'),
(776, 5, 5, 'Log Out', '2023-05-18 02:05:24', '2023-05-18 02:05:24'),
(777, 5, 5, 'Log In', '2023-05-18 02:05:32', '2023-05-18 02:05:32'),
(778, 5, 5, 'Log Out', '2023-05-18 02:07:34', '2023-05-18 02:07:34'),
(779, 19, 5, 'Log In', '2023-05-18 02:07:41', '2023-05-18 02:07:41'),
(780, 19, 5, 'Log Out', '2023-05-18 02:11:29', '2023-05-18 02:11:29'),
(781, 5, 5, 'Log In', '2023-05-18 02:11:37', '2023-05-18 02:11:37'),
(782, 5, 5, 'Log Out', '2023-05-18 02:11:47', '2023-05-18 02:11:47'),
(783, 1, 1, 'Log In', '2023-05-18 02:11:54', '2023-05-18 02:11:54'),
(784, 1, 1, 'Edit stok \'Angel Blossom 6ml\' - distributor \'Distributor Tp\'', '2023-05-18 02:16:50', '2023-05-18 02:16:50'),
(785, 1, 1, 'Log Out', '2023-05-18 02:16:58', '2023-05-18 02:16:58'),
(786, 5, 5, 'Log In', '2023-05-18 02:17:07', '2023-05-18 02:17:07'),
(787, 5, 5, 'Create transaksi \'T15122000105\'', '2023-05-18 02:17:39', '2023-05-18 02:17:39'),
(788, 5, 5, 'Log Out', '2023-05-18 02:19:41', '2023-05-18 02:19:41'),
(789, 19, 5, 'Log In', '2023-05-18 02:19:55', '2023-05-18 02:19:55'),
(790, 19, 5, 'Log Out', '2023-05-18 02:20:08', '2023-05-18 02:20:08'),
(791, 5, 5, 'Log In', '2023-05-18 02:20:40', '2023-05-18 02:20:40'),
(792, 5, 5, 'Create transaksi \'T15122000106\'', '2023-05-18 02:27:45', '2023-05-18 02:27:45'),
(793, 5, 5, 'Create transaksi \'T15122000106\'', '2023-05-18 02:28:45', '2023-05-18 02:28:45'),
(794, 5, 5, 'Create transaksi \'T15122000107\'', '2023-05-18 02:30:33', '2023-05-18 02:30:33'),
(795, 1, 1, 'Log In', '2023-05-18 04:44:25', '2023-05-18 04:44:25'),
(796, 1, 1, 'Log Out', '2023-05-18 04:44:39', '2023-05-18 04:44:39'),
(797, 5, 5, 'Log In', '2023-05-18 04:44:47', '2023-05-18 04:44:47'),
(798, 5, 5, 'Create transaksi \'T15122000108\'', '2023-05-18 04:46:12', '2023-05-18 04:46:12'),
(799, 5, 5, 'Log Out', '2023-05-18 04:46:39', '2023-05-18 04:46:39'),
(800, 19, 5, 'Log In', '2023-05-18 04:46:46', '2023-05-18 04:46:46'),
(801, 19, 5, 'Log Out', '2023-05-18 04:50:40', '2023-05-18 04:50:40'),
(802, 5, 5, 'Log In', '2023-05-18 04:50:45', '2023-05-18 04:50:45'),
(803, 5, 5, 'Log Out', '2023-05-18 04:51:06', '2023-05-18 04:51:06'),
(804, 19, 5, 'Log In', '2023-05-18 04:51:13', '2023-05-18 04:51:13'),
(805, 5, 5, 'Log In', '2023-05-18 07:11:45', '2023-05-18 07:11:45'),
(806, 5, 5, 'Create transaksi \'T15122000109\'', '2023-05-18 07:12:20', '2023-05-18 07:12:20'),
(807, 5, 5, 'Log Out', '2023-05-18 08:25:18', '2023-05-18 08:25:18'),
(808, 5, 5, 'Log In', '2023-05-18 08:25:59', '2023-05-18 08:25:59'),
(809, 5, 5, 'Log Out', '2023-05-18 08:54:42', '2023-05-18 08:54:42'),
(810, 1, 1, 'Log In', '2023-05-18 08:54:49', '2023-05-18 08:54:49'),
(811, 1, 1, 'Create product \'AAAA\'', '2023-05-18 08:55:12', '2023-05-18 08:55:12'),
(812, 1, 1, 'Create product \'BBBB\'', '2023-05-18 08:55:12', '2023-05-18 08:55:12'),
(813, 1, 1, 'Create product \'CCCC\'', '2023-05-18 08:55:12', '2023-05-18 08:55:12'),
(814, 1, 1, 'Create product \'DDDD\'', '2023-05-18 08:55:12', '2023-05-18 08:55:12'),
(815, 1, 1, 'Create product \'EEEE\'', '2023-05-18 08:55:12', '2023-05-18 08:55:12'),
(816, 1, 1, 'Create product \'FFFFF\'', '2023-05-18 08:55:12', '2023-05-18 08:55:12'),
(817, 1, 1, 'Log In', '2023-05-18 13:30:40', '2023-05-18 13:30:40'),
(818, 1, 1, 'Log Out', '2023-05-18 13:30:47', '2023-05-18 13:30:47'),
(819, 5, 5, 'Log In', '2023-05-18 13:30:54', '2023-05-18 13:30:54'),
(820, 5, 5, 'Log Out', '2023-05-18 13:31:00', '2023-05-18 13:31:00'),
(821, 1, 1, 'Log In', '2023-05-18 13:31:07', '2023-05-18 13:31:07'),
(822, 1, 1, 'Log Out', '2023-05-18 13:33:12', '2023-05-18 13:33:12'),
(823, 1, 1, 'Log In', '2023-05-18 13:33:22', '2023-05-18 13:33:22'),
(824, 1, 1, 'Log Out', '2023-05-18 13:42:55', '2023-05-18 13:42:55'),
(825, 5, 5, 'Log In', '2023-05-18 13:43:05', '2023-05-18 13:43:05'),
(826, 1, 1, 'Log In', '2023-05-18 23:46:03', '2023-05-18 23:46:03'),
(827, 1, 1, 'Log Out', '2023-05-18 23:50:55', '2023-05-18 23:50:55'),
(828, 5, 5, 'Log In', '2023-05-18 23:51:01', '2023-05-18 23:51:01'),
(829, 5, 5, 'Log Out', '2023-05-19 00:42:18', '2023-05-19 00:42:18'),
(830, 1, 1, 'Log In', '2023-05-19 00:42:25', '2023-05-19 00:42:25'),
(831, 1, 1, 'Log Out', '2023-05-19 01:30:05', '2023-05-19 01:30:05'),
(832, 5, 5, 'Log In', '2023-05-19 01:30:11', '2023-05-19 01:30:11'),
(833, 5, 5, 'Log Out', '2023-05-19 02:12:56', '2023-05-19 02:12:56'),
(834, 1, 1, 'Log In', '2023-05-19 02:13:04', '2023-05-19 02:13:04'),
(835, 5, 5, 'Log In', '2023-05-19 05:55:52', '2023-05-19 05:55:52'),
(836, 5, 5, 'Log In', '2023-05-19 07:32:38', '2023-05-19 07:32:38'),
(837, 5, 5, 'Log Out', '2023-05-19 08:07:10', '2023-05-19 08:07:10'),
(838, 1, 1, 'Log In', '2023-05-19 08:07:19', '2023-05-19 08:07:19'),
(839, 1, 1, 'Log Out', '2023-05-19 08:09:32', '2023-05-19 08:09:32'),
(840, 5, 5, 'Log In', '2023-05-19 08:09:40', '2023-05-19 08:09:40'),
(841, 5, 5, 'Log Out', '2023-05-19 08:10:15', '2023-05-19 08:10:15'),
(842, 19, 5, 'Log In', '2023-05-19 08:10:26', '2023-05-19 08:10:26'),
(843, 19, 5, 'Log Out', '2023-05-19 08:14:36', '2023-05-19 08:14:36'),
(844, 19, 5, 'Log In', '2023-05-19 08:14:44', '2023-05-19 08:14:44'),
(845, 19, 5, 'Log Out', '2023-05-19 08:17:40', '2023-05-19 08:17:40'),
(846, 5, 5, 'Log In', '2023-05-19 08:17:52', '2023-05-19 08:17:52'),
(847, 5, 5, 'Create transaksi \'T15122000102\'', '2023-05-19 08:23:26', '2023-05-19 08:23:26'),
(848, 5, 5, 'Create Retur \'SK12345\'', '2023-05-19 09:10:35', '2023-05-19 09:10:35'),
(849, 5, 5, 'Log Out', '2023-05-19 09:10:43', '2023-05-19 09:10:43'),
(850, 1, 1, 'Log In', '2023-05-19 09:10:52', '2023-05-19 09:10:52'),
(851, 5, 5, 'Log In', '2023-05-19 11:28:21', '2023-05-19 11:28:21'),
(852, 5, 5, 'Log In', '2023-05-19 17:07:53', '2023-05-19 17:07:53'),
(853, 5, 5, 'Create Retur \'SK12345\'', '2023-05-19 17:12:36', '2023-05-19 17:12:36'),
(854, 5, 5, 'Create Retur \'SK12345\'', '2023-05-19 17:19:56', '2023-05-19 17:19:56'),
(855, 5, 5, 'Log Out', '2023-05-19 17:20:26', '2023-05-19 17:20:26'),
(856, 1, 1, 'Log In', '2023-05-19 17:20:34', '2023-05-19 17:20:34'),
(857, 1, 1, 'Approve Retur reseller \'SK12345\'', '2023-05-19 17:47:18', '2023-05-19 17:47:18'),
(858, 1, 1, 'Log In', '2023-05-20 00:40:39', '2023-05-20 00:40:39'),
(859, 1, 1, 'Log Out', '2023-05-20 00:46:28', '2023-05-20 00:46:28'),
(860, 5, 5, 'Log In', '2023-05-20 00:46:36', '2023-05-20 00:46:36'),
(861, 5, 5, 'Create Retur \'SK12345\'', '2023-05-20 00:50:58', '2023-05-20 00:50:58'),
(862, 5, 5, 'Create Retur \'SK12345\'', '2023-05-20 00:55:35', '2023-05-20 00:55:35'),
(863, 5, 5, 'Create Retur \'SK12345\'', '2023-05-20 01:01:07', '2023-05-20 01:01:07'),
(864, 5, 5, 'Create Retur \'SK12345\'', '2023-05-20 01:02:00', '2023-05-20 01:02:00'),
(865, 5, 5, 'Create Retur \'SK12345\'', '2023-05-20 01:05:22', '2023-05-20 01:05:22'),
(866, 5, 5, 'Log Out', '2023-05-20 01:10:34', '2023-05-20 01:10:34'),
(867, 19, 5, 'Log In', '2023-05-20 01:10:42', '2023-05-20 01:10:42'),
(868, 19, 5, 'Log Out', '2023-05-20 01:15:32', '2023-05-20 01:15:32'),
(869, 5, 5, 'Log In', '2023-05-20 01:15:37', '2023-05-20 01:15:37'),
(870, 5, 5, 'Log Out', '2023-05-20 01:48:58', '2023-05-20 01:48:58'),
(871, 5, 5, 'Log In', '2023-05-20 01:49:03', '2023-05-20 01:49:03'),
(872, 5, 5, 'Log Out', '2023-05-20 01:49:43', '2023-05-20 01:49:43'),
(873, 5, 5, 'Log In', '2023-05-20 01:50:01', '2023-05-20 01:50:01'),
(874, 5, 5, 'Create transaksi \'T15122000101\'', '2023-05-20 02:35:27', '2023-05-20 02:35:27'),
(875, 5, 5, 'Log In', '2023-05-20 16:39:43', '2023-05-20 16:39:43'),
(876, 5, 5, 'Log In', '2023-05-21 03:41:50', '2023-05-21 03:41:50'),
(877, 5, 5, 'Create transaksi \'T15122000101\'', '2023-05-21 04:44:31', '2023-05-21 04:44:31'),
(878, 5, 5, 'Create transaksi \'T15122000101\'', '2023-05-21 06:28:51', '2023-05-21 06:28:51'),
(879, 5, 5, 'Log Out', '2023-05-21 06:28:55', '2023-05-21 06:28:55'),
(880, 1, 1, 'Log In', '2023-05-21 06:29:02', '2023-05-21 06:29:02'),
(881, 1, 1, 'Log Out', '2023-05-21 06:29:39', '2023-05-21 06:29:39'),
(882, 5, 5, 'Log In', '2023-05-21 06:29:46', '2023-05-21 06:29:46'),
(883, 1, 1, 'Create product \'No Way In\'', '2023-05-21 19:31:46', '2023-05-21 19:31:46'),
(884, 1, 1, 'Create product \'Yuhii\'', '2023-05-21 19:47:02', '2023-05-21 19:47:02'),
(885, 1, 1, 'Create product \'Hooman\'', '2023-05-21 19:49:12', '2023-05-21 19:49:12'),
(886, 1, 1, 'Edit product \'Yuhii\'', '2023-05-21 19:50:06', '2023-05-21 19:50:06'),
(887, 1, 1, 'Edit product \'Yuhii\'', '2023-05-21 19:50:21', '2023-05-21 19:50:21'),
(888, 1, 1, 'Create product \'Hub\'', '2023-05-21 19:51:37', '2023-05-21 19:51:37'),
(889, 1, 1, 'Create product \'Hub\'', '2023-05-21 19:53:46', '2023-05-21 19:53:46'),
(890, 1, 1, 'Log Out', '2023-05-21 19:54:39', '2023-05-21 19:54:39'),
(891, 5, 5, 'Log In', '2023-05-21 19:54:50', '2023-05-21 19:54:50'),
(892, 5, 5, 'Create transaksi \'T15122000103\'', '2023-05-21 19:59:52', '2023-05-21 19:59:52'),
(893, 5, 5, 'Log Out', '2023-05-21 19:59:54', '2023-05-21 19:59:54'),
(894, 1, 1, 'Log In', '2023-05-21 20:00:02', '2023-05-21 20:00:02'),
(895, 1, 1, 'Log Out', '2023-05-21 20:11:22', '2023-05-21 20:11:22'),
(896, 5, 5, 'Log In', '2023-05-21 20:11:31', '2023-05-21 20:11:31'),
(897, 5, 5, 'Create Retur \'SK12345\'', '2023-05-21 20:13:18', '2023-05-21 20:13:18'),
(898, 5, 5, 'Log Out', '2023-05-21 20:26:02', '2023-05-21 20:26:02'),
(899, 19, 5, 'Log In', '2023-05-21 20:26:10', '2023-05-21 20:26:10'),
(900, 19, 5, 'Edit harga jual \'No Way In\'', '2023-05-21 20:26:37', '2023-05-21 20:26:37'),
(901, 19, 5, 'Edit harga jual \'Angel Blossom\'', '2023-05-21 20:27:00', '2023-05-21 20:27:00'),
(902, 19, 5, 'Create transaksi \'T15122000102\'', '2023-05-21 20:27:50', '2023-05-21 20:27:50'),
(903, 19, 5, 'Create transaksi \'T15122000103\'', '2023-05-21 20:31:28', '2023-05-21 20:31:28'),
(904, 19, 5, 'Create transaksi \'T15122000104\'', '2023-05-21 20:44:47', '2023-05-21 20:44:47'),
(905, 19, 5, 'Create transaksi \'T15122000105\'', '2023-05-21 21:14:56', '2023-05-21 21:14:56'),
(906, 19, 5, 'Log Out', '2023-05-21 21:15:01', '2023-05-21 21:15:01'),
(907, 5, 5, 'Log In', '2023-05-21 21:15:09', '2023-05-21 21:15:09'),
(908, 5, 5, 'Approve transaksi reseller \'T15122000105\'', '2023-05-21 21:15:28', '2023-05-21 21:15:28'),
(909, 5, 5, 'Log Out', '2023-05-21 21:15:35', '2023-05-21 21:15:35'),
(910, 19, 5, 'Log In', '2023-05-21 21:15:49', '2023-05-21 21:15:49'),
(911, 19, 5, 'Create transaksi \'T15122000105\'', '2023-05-21 21:17:19', '2023-05-21 21:17:19'),
(912, 19, 5, 'Log Out', '2023-05-21 21:32:55', '2023-05-21 21:32:55'),
(913, 1, 1, 'Log In', '2023-05-21 21:33:05', '2023-05-21 21:33:05'),
(914, 1, 1, 'Edit product \'No Way In\'', '2023-05-21 21:33:47', '2023-05-21 21:33:47'),
(915, 1, 1, 'Log Out', '2023-05-21 21:34:03', '2023-05-21 21:34:03'),
(916, 5, 5, 'Log In', '2023-05-21 21:34:11', '2023-05-21 21:34:11'),
(917, 5, 5, 'Create transaksi \'T15122000106\'', '2023-05-21 21:34:39', '2023-05-21 21:34:39'),
(918, 5, 5, 'Log Out', '2023-05-21 21:34:41', '2023-05-21 21:34:41'),
(919, 1, 1, 'Log In', '2023-05-21 21:34:49', '2023-05-21 21:34:49'),
(920, 1, 1, 'Approve transaksi distributor \'T15122000106\'', '2023-05-21 21:35:12', '2023-05-21 21:35:12'),
(921, 1, 1, 'Log Out', '2023-05-21 21:35:23', '2023-05-21 21:35:23'),
(922, 5, 5, 'Log In', '2023-05-21 21:35:34', '2023-05-21 21:35:34'),
(923, 5, 5, 'Edit harga jual \'No Way In\'', '2023-05-21 21:36:22', '2023-05-21 21:36:22'),
(924, 5, 5, 'Log Out', '2023-05-21 21:36:30', '2023-05-21 21:36:30'),
(925, 19, 5, 'Log In', '2023-05-21 21:36:42', '2023-05-21 21:36:42'),
(926, 19, 5, 'Create transaksi \'T15122000106\'', '2023-05-21 21:37:06', '2023-05-21 21:37:06'),
(927, 19, 5, 'Log Out', '2023-05-21 21:37:08', '2023-05-21 21:37:08'),
(928, 5, 5, 'Log In', '2023-05-21 21:37:17', '2023-05-21 21:37:17'),
(929, 5, 5, 'Approve transaksi reseller \'T15122000106\'', '2023-05-21 21:38:03', '2023-05-21 21:38:03'),
(930, 5, 5, 'Log Out', '2023-05-21 21:38:09', '2023-05-21 21:38:09'),
(931, 19, 5, 'Log In', '2023-05-21 21:38:16', '2023-05-21 21:38:16'),
(932, 19, 5, 'Edit harga jual \'No Way In\'', '2023-05-21 21:39:35', '2023-05-21 21:39:35'),
(933, 19, 5, 'Create transaksi \'T15122000106\'', '2023-05-21 21:40:09', '2023-05-21 21:40:09'),
(934, 5, 5, 'Log Out', '2023-05-21 22:50:15', '2023-05-21 22:50:15'),
(935, 19, 5, 'Log In', '2023-05-21 22:50:21', '2023-05-21 22:50:21'),
(936, 19, 5, 'Log In', '2023-05-21 22:54:30', '2023-05-21 22:54:30'),
(937, 19, 5, 'Log Out', '2023-05-21 22:54:41', '2023-05-21 22:54:41'),
(938, 5, 5, 'Log In', '2023-05-21 22:54:50', '2023-05-21 22:54:50'),
(939, 5, 5, 'Log In', '2023-05-22 06:29:05', '2023-05-22 06:29:05'),
(940, 5, 5, 'Log Out', '2023-05-22 06:34:18', '2023-05-22 06:34:18'),
(941, 19, 5, 'Log In', '2023-05-22 06:34:28', '2023-05-22 06:34:28'),
(942, 19, 5, 'Log Out', '2023-05-22 06:34:38', '2023-05-22 06:34:38'),
(943, 1, 1, 'Log In', '2023-05-22 09:02:07', '2023-05-22 09:02:07'),
(944, 1, 1, 'Log Out', '2023-05-22 09:04:37', '2023-05-22 09:04:37'),
(945, 5, 5, 'Log In', '2023-05-22 09:04:47', '2023-05-22 09:04:47'),
(946, 5, 5, 'Log Out', '2023-05-22 09:07:36', '2023-05-22 09:07:36'),
(947, 1, 1, 'Log In', '2023-05-22 09:07:43', '2023-05-22 09:07:43'),
(948, 1, 1, 'Log Out', '2023-05-22 09:18:41', '2023-05-22 09:18:41'),
(949, 5, 5, 'Log In', '2023-05-22 09:18:52', '2023-05-22 09:18:52'),
(950, 5, 5, 'Log Out', '2023-05-22 09:44:43', '2023-05-22 09:44:43'),
(951, 1, 1, 'Log In', '2023-05-22 09:44:52', '2023-05-22 09:44:52'),
(952, 1, 1, 'Log In', '2023-05-22 10:04:44', '2023-05-22 10:04:44'),
(953, 1, 1, 'Log Out', '2023-05-22 10:05:30', '2023-05-22 10:05:30'),
(954, 5, 5, 'Log In', '2023-05-22 10:05:39', '2023-05-22 10:05:39'),
(955, 5, 5, 'Log In', '2023-05-22 10:06:56', '2023-05-22 10:06:56'),
(956, 5, 5, 'Log Out', '2023-05-22 10:07:25', '2023-05-22 10:07:25'),
(957, 1, 1, 'Log In', '2023-05-22 10:07:32', '2023-05-22 10:07:32'),
(958, 1, 1, 'Log Out', '2023-05-22 10:08:36', '2023-05-22 10:08:36'),
(959, 19, 5, 'Log In', '2023-05-22 10:08:43', '2023-05-22 10:08:43'),
(960, 19, 5, 'Log Out', '2023-05-22 10:09:04', '2023-05-22 10:09:04'),
(961, 1, 1, 'Log In', '2023-05-22 10:10:40', '2023-05-22 10:10:40'),
(962, 5, 5, 'Log Out', '2023-05-22 11:34:37', '2023-05-22 11:34:37'),
(963, 1, 1, 'Log In', '2023-05-22 11:34:46', '2023-05-22 11:34:46'),
(964, 1, 1, 'Create akun \'distributor Asd\'', '2023-05-22 11:36:39', '2023-05-22 11:36:39'),
(965, 1, 1, 'Delete akun \'distributor Asd\'', '2023-05-22 11:36:55', '2023-05-22 11:36:55'),
(966, 1, 1, 'Log Out', '2023-05-22 11:38:12', '2023-05-22 11:38:12'),
(967, 5, 5, 'Log In', '2023-05-22 11:38:35', '2023-05-22 11:38:35'),
(968, 5, 5, 'Create akun \'seller 2\'', '2023-05-22 11:40:43', '2023-05-22 11:40:43'),
(969, 5, 5, 'Log Out', '2023-05-22 11:41:02', '2023-05-22 11:41:02'),
(970, 22, 5, 'Log In', '2023-05-22 11:41:09', '2023-05-22 11:41:09'),
(971, 22, 5, 'Log Out', '2023-05-22 11:41:14', '2023-05-22 11:41:14'),
(972, 5, 5, 'Log In', '2023-05-22 11:41:44', '2023-05-22 11:41:44'),
(973, 5, 5, 'Delete akun \'seller 2\'', '2023-05-22 11:42:46', '2023-05-22 11:42:46'),
(974, 5, 5, 'Log Out', '2023-05-22 11:42:53', '2023-05-22 11:42:53'),
(975, 1, 1, 'Log In', '2023-05-22 11:43:01', '2023-05-22 11:43:01'),
(976, 1, 1, 'Create akun \'distributor Asd\'', '2023-05-22 11:52:03', '2023-05-22 11:52:03'),
(977, 1, 1, 'Log Out', '2023-05-22 11:52:15', '2023-05-22 11:52:15'),
(978, 23, 8, 'Log In', '2023-05-22 11:52:29', '2023-05-22 11:52:29'),
(979, 23, 8, 'Log Out', '2023-05-22 11:52:44', '2023-05-22 11:52:44'),
(980, 1, 1, 'Log In', '2023-05-22 11:52:53', '2023-05-22 11:52:53'),
(981, 1, 1, 'Delete akun \'distributor Asd\'', '2023-05-22 11:53:13', '2023-05-22 11:53:13'),
(982, 1, 1, 'Log In', '2023-05-22 11:56:59', '2023-05-22 11:56:59'),
(983, 1, 1, 'Create akun \'distributor Asd\'', '2023-05-22 11:58:44', '2023-05-22 11:58:44'),
(984, 1, 1, 'Log Out', '2023-05-22 11:58:52', '2023-05-22 11:58:52'),
(985, 24, 9, 'Log In', '2023-05-22 11:59:00', '2023-05-22 11:59:00'),
(986, 24, 9, 'Log Out', '2023-05-22 11:59:07', '2023-05-22 11:59:07'),
(987, 24, 9, 'Log In', '2023-05-22 11:59:14', '2023-05-22 11:59:14'),
(988, 24, 9, 'Create akun \'seller 3\'', '2023-05-22 12:00:38', '2023-05-22 12:00:38'),
(989, 24, 9, 'Log Out', '2023-05-22 12:00:44', '2023-05-22 12:00:44'),
(990, 25, 9, 'Log In', '2023-05-22 12:00:50', '2023-05-22 12:00:50'),
(991, 25, 9, 'Log Out', '2023-05-22 12:01:18', '2023-05-22 12:01:18'),
(992, 24, 9, 'Log In', '2023-05-22 12:01:30', '2023-05-22 12:01:30'),
(993, 25, 9, 'Log In', '2023-05-22 12:02:09', '2023-05-22 12:02:09'),
(994, 24, 9, 'Delete akun \'seller 3\'', '2023-05-22 12:02:16', '2023-05-22 12:02:16'),
(995, 24, 9, 'Log Out', '2023-05-22 12:02:20', '2023-05-22 12:02:20'),
(996, 1, 1, 'Log In', '2023-05-22 12:02:27', '2023-05-22 12:02:27'),
(997, 1, 1, 'Delete akun \'distributor Asd\'', '2023-05-22 12:02:39', '2023-05-22 12:02:39'),
(998, 1, 1, 'Log Out', '2023-05-22 12:20:57', '2023-05-22 12:20:57'),
(999, 5, 5, 'Log In', '2023-05-22 12:21:07', '2023-05-22 12:21:07'),
(1000, 5, 5, 'Log In', '2023-05-22 17:52:59', '2023-05-22 17:52:59'),
(1001, 19, 5, 'Log In', '2023-05-22 18:15:51', '2023-05-22 18:15:51'),
(1002, 5, 5, 'Log Out', '2023-05-22 18:58:21', '2023-05-22 18:58:21'),
(1003, 1, 1, 'Log In', '2023-05-22 18:58:28', '2023-05-22 18:58:28'),
(1004, 1, 1, 'Log Out', '2023-05-22 19:17:13', '2023-05-22 19:17:13'),
(1005, 5, 5, 'Log In', '2023-05-22 19:17:23', '2023-05-22 19:17:23'),
(1006, 5, 5, 'Log Out', '2023-05-22 19:20:16', '2023-05-22 19:20:16'),
(1007, 19, 5, 'Log In', '2023-05-22 19:20:25', '2023-05-22 19:20:25'),
(1008, 19, 5, 'Log Out', '2023-05-22 19:20:58', '2023-05-22 19:20:58'),
(1009, 5, 5, 'Log In', '2023-05-22 19:21:09', '2023-05-22 19:21:09'),
(1010, 19, 5, 'Log Out', '2023-05-22 19:27:12', '2023-05-22 19:27:12'),
(1011, 5, 5, 'Log In', '2023-05-22 19:27:21', '2023-05-22 19:27:21'),
(1012, 5, 5, 'Log Out', '2023-05-22 19:29:41', '2023-05-22 19:29:41'),
(1013, 1, 1, 'Log In', '2023-05-22 19:29:48', '2023-05-22 19:29:48'),
(1014, 5, 5, 'Log In', '2023-05-23 02:06:23', '2023-05-23 02:06:23'),
(1015, 1, 1, 'Log In', '2023-05-23 02:06:42', '2023-05-23 02:06:42'),
(1016, 1, 1, 'Log In', '2023-05-23 12:47:54', '2023-05-23 12:47:54'),
(1017, 1, 1, 'Create akun \'distributor Asd\'', '2023-05-23 12:48:59', '2023-05-23 12:48:59'),
(1018, 1, 1, 'Delete akun \'distributor Asd\'', '2023-05-23 12:52:41', '2023-05-23 12:52:41'),
(1019, 1, 1, 'Log In', '2023-05-23 12:53:05', '2023-05-23 12:53:05'),
(1020, 1, 1, 'Log Out', '2023-05-23 12:53:10', '2023-05-23 12:53:10'),
(1021, 5, 5, 'Log In', '2023-05-23 12:53:20', '2023-05-23 12:53:20'),
(1022, 5, 5, 'Log Out', '2023-05-23 13:24:42', '2023-05-23 13:24:42'),
(1023, 1, 1, 'Log In', '2023-05-23 13:24:48', '2023-05-23 13:24:48'),
(1024, 1, 1, 'Create akun \'distributor Asd\'', '2023-05-23 13:25:56', '2023-05-23 13:25:56'),
(1025, 1, 1, 'Log Out', '2023-05-23 13:26:09', '2023-05-23 13:26:09'),
(1026, 27, 11, 'Log In', '2023-05-23 13:26:21', '2023-05-23 13:26:21'),
(1027, 27, 11, 'Create akun \'seller 3\'', '2023-05-23 13:27:38', '2023-05-23 13:27:38'),
(1028, 27, 11, 'Log Out', '2023-05-23 13:27:43', '2023-05-23 13:27:43'),
(1029, 28, 11, 'Log In', '2023-05-23 13:27:51', '2023-05-23 13:27:51'),
(1030, 28, 11, 'Log Out', '2023-05-23 13:27:58', '2023-05-23 13:27:58'),
(1031, 27, 11, 'Log In', '2023-05-23 13:28:05', '2023-05-23 13:28:05'),
(1032, 27, 11, 'Delete akun \'seller 3\'', '2023-05-23 13:28:17', '2023-05-23 13:28:17'),
(1033, 27, 11, 'Log Out', '2023-05-23 13:28:21', '2023-05-23 13:28:21'),
(1034, 1, 1, 'Log In', '2023-05-23 13:28:29', '2023-05-23 13:28:29'),
(1035, 1, 1, 'Delete akun \'distributor Asd\'', '2023-05-23 13:28:40', '2023-05-23 13:28:40'),
(1036, 1, 1, 'Log Out', '2023-05-23 13:28:45', '2023-05-23 13:28:45'),
(1037, 5, 5, 'Log In', '2023-05-23 13:28:53', '2023-05-23 13:28:53'),
(1038, 5, 5, 'Log Out', '2023-05-23 13:57:14', '2023-05-23 13:57:14'),
(1039, 19, 5, 'Log In', '2023-05-23 13:57:21', '2023-05-23 13:57:21'),
(1040, 19, 5, 'Log Out', '2023-05-23 13:58:25', '2023-05-23 13:58:25'),
(1041, 5, 5, 'Log In', '2023-05-23 13:58:42', '2023-05-23 13:58:42'),
(1042, 5, 5, 'Log In', '2023-05-24 01:29:17', '2023-05-24 01:29:17'),
(1043, 5, 5, 'Log Out', '2023-05-24 03:23:23', '2023-05-24 03:23:23'),
(1044, 19, 5, 'Log In', '2023-05-24 03:23:30', '2023-05-24 03:23:30'),
(1045, 5, 5, 'Log In', '2023-05-24 03:34:58', '2023-05-24 03:34:58'),
(1046, 19, 5, 'Log Out', '2023-05-24 03:40:09', '2023-05-24 03:40:09'),
(1047, 5, 5, 'Log In', '2023-05-24 03:40:17', '2023-05-24 03:40:17'),
(1048, 5, 5, 'Log Out', '2023-05-24 03:47:07', '2023-05-24 03:47:07'),
(1049, 19, 5, 'Log In', '2023-05-24 03:47:13', '2023-05-24 03:47:13'),
(1050, 19, 5, 'Log Out', '2023-05-24 03:50:41', '2023-05-24 03:50:41'),
(1051, 5, 5, 'Log In', '2023-05-24 03:50:49', '2023-05-24 03:50:49'),
(1052, 5, 5, 'Log Out', '2023-05-24 03:51:24', '2023-05-24 03:51:24'),
(1053, 19, 5, 'Log In', '2023-05-24 03:51:32', '2023-05-24 03:51:32'),
(1054, 19, 5, 'Log Out', '2023-05-24 04:31:23', '2023-05-24 04:31:23'),
(1055, 1, 1, 'Log In', '2023-05-24 04:31:31', '2023-05-24 04:31:31'),
(1056, 1, 1, 'Create product \'asd\'', '2023-05-24 06:11:36', '2023-05-24 06:11:36'),
(1057, 5, 5, 'Log In', '2023-05-24 08:56:31', '2023-05-24 08:56:31'),
(1058, 5, 5, 'Log In', '2023-05-24 13:49:41', '2023-05-24 13:49:41'),
(1059, 1, 1, 'Log In', '2023-05-25 00:58:49', '2023-05-25 00:58:49'),
(1060, 1, 1, 'Log In', '2023-05-25 00:59:59', '2023-05-25 00:59:59'),
(1061, 5, 5, 'Log In', '2023-05-25 04:06:43', '2023-05-25 04:06:43'),
(1062, 3, 3, 'Log Out', '2023-05-25 04:49:59', '2023-05-25 04:49:59'),
(1063, 5, 5, 'Log In', '2023-05-25 04:50:10', '2023-05-25 04:50:10'),
(1064, 5, 5, 'Create transaksi \'T15122000106\'', '2023-05-25 04:51:16', '2023-05-25 04:51:16'),
(1065, 5, 5, 'Log Out', '2023-05-25 04:52:02', '2023-05-25 04:52:02'),
(1066, 1, 1, 'Log In', '2023-05-25 04:52:11', '2023-05-25 04:52:11'),
(1067, 1, 1, 'Approve transaksi distributor \'T15122000106\'', '2023-05-25 04:52:36', '2023-05-25 04:52:36'),
(1068, 1, 1, 'Log Out', '2023-05-25 04:52:41', '2023-05-25 04:52:41'),
(1069, 5, 5, 'Log In', '2023-05-25 04:52:51', '2023-05-25 04:52:51'),
(1070, 5, 5, 'Log Out', '2023-05-25 04:56:24', '2023-05-25 04:56:24'),
(1071, 5, 5, 'Log In', '2023-05-25 04:56:37', '2023-05-25 04:56:37'),
(1072, 5, 5, 'create barang \'Aqua Man\' hilang 4 pcs', '2023-05-25 05:15:54', '2023-05-25 05:15:54'),
(1073, 5, 5, 'Log Out', '2023-05-25 05:31:00', '2023-05-25 05:31:00'),
(1074, 19, 5, 'Log In', '2023-05-25 05:31:07', '2023-05-25 05:31:07'),
(1075, 1, 1, 'Log In', '2023-05-25 06:21:39', '2023-05-25 06:21:39'),
(1076, 3, 3, 'Log Out', '2023-05-25 08:43:18', '2023-05-25 08:43:18'),
(1077, 5, 5, 'Log In', '2023-05-25 08:43:28', '2023-05-25 08:43:28'),
(1078, 5, 5, 'Log Out', '2023-05-25 08:44:12', '2023-05-25 08:44:12'),
(1079, 1, 1, 'Log In', '2023-05-25 09:01:46', '2023-05-25 09:01:46'),
(1080, 1, 1, 'Import Product', '2023-05-25 09:03:07', '2023-05-25 09:03:07'),
(1081, 1, 1, 'Import Product', '2023-05-25 09:03:07', '2023-05-25 09:03:07'),
(1082, 1, 1, 'Import Product', '2023-05-25 09:04:24', '2023-05-25 09:04:24'),
(1083, 1, 1, 'Import Product', '2023-05-25 09:04:24', '2023-05-25 09:04:24'),
(1084, 1, 1, 'Input pasok \'P0001\'', '2023-05-25 09:24:14', '2023-05-25 09:24:14'),
(1085, 1, 1, 'Log Out', '2023-05-25 09:44:16', '2023-05-25 09:44:16'),
(1086, 5, 5, 'Log In', '2023-05-25 09:44:24', '2023-05-25 09:44:24'),
(1087, 5, 5, 'Create transaksi \'T15122000107\'', '2023-05-25 09:45:01', '2023-05-25 09:45:01'),
(1088, 5, 5, 'Create transaksi \'T15122000106\'', '2023-05-25 09:45:22', '2023-05-25 09:45:22'),
(1089, 5, 5, 'Create transaksi \'T15122000108\'', '2023-05-25 09:47:28', '2023-05-25 09:47:28'),
(1090, 5, 5, 'Create transaksi \'T15122000109\'', '2023-05-25 09:50:34', '2023-05-25 09:50:34'),
(1091, 5, 5, 'Create transaksi \'T15122000109\'', '2023-05-25 09:50:34', '2023-05-25 09:50:34'),
(1092, 1, 1, 'Log In', '2023-05-26 02:36:29', '2023-05-26 02:36:29'),
(1093, 5, 5, 'Log In', '2023-05-26 02:42:22', '2023-05-26 02:42:22'),
(1094, 5, 5, 'Log In', '2023-05-26 02:48:03', '2023-05-26 02:48:03'),
(1095, 5, 5, 'Log Out', '2023-05-26 03:25:42', '2023-05-26 03:25:42'),
(1096, 1, 1, 'Create akun \'distributor Asd\'', '2023-05-26 03:46:02', '2023-05-26 03:46:02'),
(1097, 29, 12, 'Log In', '2023-05-26 03:49:54', '2023-05-26 03:49:54'),
(1098, 29, 12, 'Log Out', '2023-05-26 03:50:02', '2023-05-26 03:50:02'),
(1099, 1, 1, 'Edit akun \'distributor Asd\'', '2023-05-26 03:54:00', '2023-05-26 03:54:00'),
(1100, 1, 1, 'Edit akun \'distributor Asd\'', '2023-05-26 03:54:26', '2023-05-26 03:54:26'),
(1101, 29, 12, 'Log In', '2023-05-26 03:54:39', '2023-05-26 03:54:39'),
(1102, 29, 12, 'Log Out', '2023-05-26 03:54:44', '2023-05-26 03:54:44'),
(1103, 1, 1, 'Delete akun \'distributor Asd\'', '2023-05-26 03:55:07', '2023-05-26 03:55:07'),
(1104, 5, 5, 'Log In', '2023-05-26 03:55:28', '2023-05-26 03:55:28'),
(1105, 5, 5, 'Create akun \'seller Tp\'', '2023-05-26 03:56:19', '2023-05-26 03:56:19'),
(1106, 30, 5, 'Log In', '2023-05-26 03:56:47', '2023-05-26 03:56:47'),
(1107, 30, 5, 'Log Out', '2023-05-26 03:56:54', '2023-05-26 03:56:54'),
(1108, 5, 5, 'Edit akun \'seller Tp\'', '2023-05-26 03:57:07', '2023-05-26 03:57:07'),
(1109, 30, 5, 'Log In', '2023-05-26 03:57:28', '2023-05-26 03:57:28'),
(1110, 30, 5, 'Log Out', '2023-05-26 03:57:32', '2023-05-26 03:57:32'),
(1111, 5, 5, 'Delete akun \'seller Tp\'', '2023-05-26 03:57:41', '2023-05-26 03:57:41'),
(1112, 5, 5, 'Log Out', '2023-05-26 03:57:50', '2023-05-26 03:57:50'),
(1113, 5, 5, 'Log In', '2023-05-26 03:58:02', '2023-05-26 03:58:02'),
(1114, 1, 1, 'Create product \'Asd Dsa\'', '2023-05-26 04:05:42', '2023-05-26 04:05:42'),
(1115, 1, 1, 'Edit product \'Asd Dsa\'', '2023-05-26 04:06:07', '2023-05-26 04:06:07'),
(1116, 1, 1, 'Edit product \'Asd Dsa\'', '2023-05-26 04:06:30', '2023-05-26 04:06:30'),
(1117, 1, 1, 'Import Product', '2023-05-26 04:08:12', '2023-05-26 04:08:12'),
(1118, 1, 1, 'Import Product', '2023-05-26 04:08:12', '2023-05-26 04:08:12'),
(1119, 1, 1, 'Edit product \'Parfum Aqua\'', '2023-05-26 04:08:59', '2023-05-26 04:08:59'),
(1120, 1, 1, 'Edit stok \'Parfum Aqua\' - distributor \'Distributor Tp\'', '2023-05-26 04:10:26', '2023-05-26 04:10:26'),
(1121, 1, 1, 'Edit stok \'Parfum Aqua\' - reseller \'seller 1\'', '2023-05-26 04:11:02', '2023-05-26 04:11:02'),
(1122, 1, 1, 'create barang \'Parfum Aqua\' hilang 5 pcs', '2023-05-26 04:11:43', '2023-05-26 04:11:43'),
(1123, 1, 1, 'Input pasok \'PS0001\'', '2023-05-26 04:12:49', '2023-05-26 04:12:49'),
(1124, 1, 1, 'Create akun \'distributor Asd\'', '2023-05-26 04:14:10', '2023-05-26 04:14:10'),
(1125, 5, 5, 'Edit stok \'Parfum Aqua\' - reseller \'seller 1\'', '2023-05-26 04:19:06', '2023-05-26 04:19:06'),
(1126, 5, 5, 'create barang \'Parfum Aqua\' hilang 2 pcs', '2023-05-26 04:19:35', '2023-05-26 04:19:35'),
(1127, 5, 5, 'Create Retur \'SK367532\'', '2023-05-26 04:30:39', '2023-05-26 04:30:39'),
(1128, 1, 1, 'Approve Retur distributor \'SK367532\'', '2023-05-26 04:31:07', '2023-05-26 04:31:07'),
(1129, 5, 5, 'Create Retur \'SK766899\'', '2023-05-26 04:35:17', '2023-05-26 04:35:17'),
(1130, 5, 5, 'Create transaksi \'T15122000107\'', '2023-05-26 05:16:59', '2023-05-26 05:16:59'),
(1131, 5, 5, 'Create transaksi \'T15122000108\'', '2023-05-26 05:35:32', '2023-05-26 05:35:32'),
(1132, 5, 5, 'Create transaksi \'T15122000110\'', '2023-05-26 05:39:36', '2023-05-26 05:39:36'),
(1133, 19, 5, 'Log In', '2023-05-26 06:10:00', '2023-05-26 06:10:00'),
(1134, 19, 5, 'Create transaksi \'T15122000111\'', '2023-05-26 06:12:09', '2023-05-26 06:12:09'),
(1135, 1, 1, 'Approve transaksi distributor \'T15122000110\'', '2023-05-26 06:13:26', '2023-05-26 06:13:26'),
(1136, 5, 5, 'Approve transaksi reseller \'T15122000111\'', '2023-05-26 06:14:00', '2023-05-26 06:14:00'),
(1137, 19, 5, 'Create transaksi \'T15122000109\'', '2023-05-26 06:15:17', '2023-05-26 06:15:17'),
(1138, 19, 5, 'Create Retur \'SK381900\'', '2023-05-26 06:17:47', '2023-05-26 06:17:47'),
(1139, 5, 5, 'Approve Retur reseller \'SK381900\'', '2023-05-26 06:18:19', '2023-05-26 06:18:19'),
(1140, 19, 5, 'Create Retur \'SK672446\'', '2023-05-26 06:18:51', '2023-05-26 06:18:51'),
(1141, 19, 5, 'Create Retur \'SK449790\'', '2023-05-26 06:37:01', '2023-05-26 06:37:01'),
(1142, 19, 5, 'Log Out', '2023-05-26 07:18:47', '2023-05-26 07:18:47'),
(1143, 1, 1, 'Edit akun \'distributor junaidi\'', '2023-05-26 07:19:40', '2023-05-26 07:19:40'),
(1144, 3, 3, 'Log In', '2023-05-26 07:19:48', '2023-05-26 07:19:48'),
(1145, 3, 3, 'Delete akun \'Jason Tenny\'', '2023-05-26 07:20:30', '2023-05-26 07:20:30'),
(1146, 3, 3, 'Log Out', '2023-05-26 07:20:36', '2023-05-26 07:20:36'),
(1147, 4, 4, 'Log In', '2023-05-26 07:20:50', '2023-05-26 07:20:50'),
(1148, 4, 4, 'Log Out', '2023-05-26 07:21:02', '2023-05-26 07:21:02'),
(1149, 5, 5, 'Log In', '2023-05-26 07:21:14', '2023-05-26 07:21:14'),
(1150, 5, 5, 'Delete akun \'iza iza\'', '2023-05-26 07:21:25', '2023-05-26 07:21:25'),
(1151, 5, 5, 'Delete akun \'rizky rizky\'', '2023-05-26 07:21:31', '2023-05-26 07:21:31'),
(1152, 5, 5, 'Delete akun \'albert putus\'', '2023-05-26 07:21:38', '2023-05-26 07:21:38'),
(1153, 5, 5, 'Delete akun \'rizky rizky\'', '2023-05-26 07:21:43', '2023-05-26 07:21:43'),
(1154, 5, 5, 'Delete akun \'sales 2\'', '2023-05-26 07:21:50', '2023-05-26 07:21:50'),
(1155, 5, 5, 'Log Out', '2023-05-26 07:21:58', '2023-05-26 07:21:58'),
(1156, 1, 1, 'Edit akun \'febri fewbri\'', '2023-05-26 07:22:32', '2023-05-26 07:22:32'),
(1157, 15, 6, 'Log In', '2023-05-26 07:22:41', '2023-05-26 07:22:41'),
(1158, 15, 6, 'Log Out', '2023-05-26 07:22:53', '2023-05-26 07:22:53'),
(1159, 19, 5, 'Log In', '2023-05-26 07:23:10', '2023-05-26 07:23:10'),
(1160, 1, 1, 'Delete akun \'distributor Asd\'', '2023-05-26 07:35:40', '2023-05-26 07:35:40'),
(1161, 1, 1, 'Create akun \'distributor Asd\'', '2023-05-26 07:56:12', '2023-05-26 07:56:12'),
(1162, 1, 1, 'Delete akun \'distributor Asd\'', '2023-05-26 07:58:30', '2023-05-26 07:58:30'),
(1163, 1, 1, 'Create akun \'distributor Asd\'', '2023-05-26 07:59:21', '2023-05-26 07:59:21'),
(1164, 5, 5, 'Create akun \'seller Tp\'', '2023-05-26 08:02:38', '2023-05-26 08:02:38'),
(1165, 19, 5, 'Log Out', '2023-05-26 08:04:52', '2023-05-26 08:04:52'),
(1166, 34, 5, 'Log In', '2023-05-26 08:04:59', '2023-05-26 08:04:59'),
(1167, 34, 5, 'Edit harga jual \'Parfum Aqua\'', '2023-05-26 08:06:18', '2023-05-26 08:06:18'),
(1168, 34, 5, 'Create transaksi \'T15122000112\'', '2023-05-26 08:07:04', '2023-05-26 08:07:04'),
(1169, 1, 1, 'Edit stok \'Parfum Aqua\' - distributor \'Distributor Tp\'', '2023-05-26 08:08:10', '2023-05-26 08:08:10'),
(1170, 5, 5, 'Approve transaksi reseller \'T15122000112\'', '2023-05-26 08:08:25', '2023-05-26 08:08:25'),
(1171, 34, 5, 'Create transaksi \'T15122000110\'', '2023-05-26 08:08:54', '2023-05-26 08:08:54'),
(1172, 1, 1, 'Import Product', '2023-05-26 09:28:41', '2023-05-26 09:28:41'),
(1173, 1, 1, 'Import Product', '2023-05-26 09:28:41', '2023-05-26 09:28:41'),
(1174, 1, 1, 'Create product \'Parfum Alami\'', '2023-05-26 09:46:18', '2023-05-26 09:46:18'),
(1175, 1, 1, 'Import Product', '2023-05-26 09:49:58', '2023-05-26 09:49:58'),
(1176, 1, 1, 'Import Product', '2023-05-26 09:49:58', '2023-05-26 09:49:58'),
(1177, 19, 5, 'Log In', '2023-05-27 03:29:36', '2023-05-27 03:29:36'),
(1178, 19, 5, 'Log Out', '2023-05-27 03:30:22', '2023-05-27 03:30:22'),
(1179, 1, 1, 'Log In', '2023-05-31 07:04:55', '2023-05-31 07:04:55'),
(1180, 1, 1, 'Log Out', '2023-05-31 07:06:01', '2023-05-31 07:06:01'),
(1181, 5, 5, 'Log In', '2023-05-31 07:06:10', '2023-05-31 07:06:10'),
(1182, 5, 5, 'Log Out', '2023-05-31 07:09:12', '2023-05-31 07:09:12'),
(1183, 5, 5, 'Log In', '2023-05-31 07:13:48', '2023-05-31 07:13:48'),
(1184, 5, 5, 'Log Out', '2023-05-31 07:18:06', '2023-05-31 07:18:06'),
(1185, 5, 5, 'Log In', '2023-05-31 07:18:13', '2023-05-31 07:18:13'),
(1186, 1, 1, 'Log In', '2023-05-31 07:19:59', '2023-05-31 07:19:59'),
(1187, 5, 5, 'Log Out', '2023-05-31 07:23:42', '2023-05-31 07:23:42'),
(1188, 4, 4, 'Log In', '2023-05-31 07:24:55', '2023-05-31 07:24:55'),
(1189, 4, 4, 'Log Out', '2023-05-31 07:25:15', '2023-05-31 07:25:15'),
(1190, 33, 29, 'Log In', '2023-05-31 07:25:25', '2023-05-31 07:25:25'),
(1191, 33, 29, 'Edit harga jual \'Parfum Kopi\'', '2023-05-31 07:26:27', '2023-05-31 07:26:27'),
(1192, 1, 1, 'Edit stok \'Parfum Kopi\' - distributor \'distributor Asd\'', '2023-05-31 07:27:05', '2023-05-31 07:27:05'),
(1193, 33, 29, 'create barang \'Parfum Kopi\' hilang 1 pcs', '2023-05-31 07:27:39', '2023-05-31 07:27:39'),
(1194, 33, 29, 'Log Out', '2023-05-31 07:29:22', '2023-05-31 07:29:22'),
(1195, 34, 5, 'Log In', '2023-05-31 07:29:48', '2023-05-31 07:29:48'),
(1196, 34, 5, 'Log Out', '2023-05-31 07:31:54', '2023-05-31 07:31:54'),
(1197, 5, 5, 'Log In', '2023-05-31 07:32:21', '2023-05-31 07:32:21'),
(1198, 1, 1, 'Log In', '2023-06-08 05:59:43', '2023-06-08 05:59:43'),
(1199, 1, 1, 'Log Out', '2023-06-08 06:00:53', '2023-06-08 06:00:53'),
(1200, 1, 1, 'Log In', '2023-06-09 03:33:38', '2023-06-09 03:33:38'),
(1201, 1, 1, 'Log Out', '2023-06-09 03:42:28', '2023-06-09 03:42:28'),
(1202, 5, 5, 'Log In', '2023-06-09 03:42:37', '2023-06-09 03:42:37'),
(1203, 5, 5, 'Log Out', '2023-06-09 03:48:28', '2023-06-09 03:48:28'),
(1204, 19, 5, 'Log In', '2023-06-09 03:48:52', '2023-06-09 03:48:52'),
(1205, 19, 5, 'Log Out', '2023-06-09 05:46:01', '2023-06-09 05:46:01'),
(1206, 1, 1, 'Log In', '2023-06-09 05:46:13', '2023-06-09 05:46:13'),
(1207, 19, 5, 'Log In', '2023-06-09 05:48:55', '2023-06-09 05:48:55'),
(1208, 5, 5, 'Log In', '2023-06-09 05:54:38', '2023-06-09 05:54:38'),
(1209, 1, 1, 'Log Out', '2023-06-09 07:20:04', '2023-06-09 07:20:04'),
(1210, 1, 1, 'Log In', '2023-06-27 12:03:26', '2023-06-27 12:03:26'),
(1211, 1, 1, 'Log In', '2023-08-02 08:29:32', '2023-08-02 08:29:32'),
(1212, 1, 1, 'Log In', '2023-08-02 08:33:31', '2023-08-02 08:33:31'),
(1213, 1, 1, 'Log Out', '2023-08-02 08:33:49', '2023-08-02 08:33:49'),
(1214, 5, 5, 'Log In', '2023-08-02 08:34:02', '2023-08-02 08:34:02'),
(1215, 5, 5, 'Log Out', '2023-08-02 08:34:46', '2023-08-02 08:34:46'),
(1216, 5, 5, 'Log In', '2023-08-02 08:35:02', '2023-08-02 08:35:02');

--
-- Indexes for dumped tables
--

--
-- Indexes for table `cash_opnames`
--
ALTER TABLE `cash_opnames`
  ADD PRIMARY KEY (`id`);

--
-- Indexes for table `categories`
--
ALTER TABLE `categories`
  ADD PRIMARY KEY (`id`);

--
-- Indexes for table `cities`
--
ALTER TABLE `cities`
  ADD PRIMARY KEY (`id`),
  ADD KEY `cities_province_id_foreign` (`province_id`);

--
-- Indexes for table `crm_claim_reward_histories`
--
ALTER TABLE `crm_claim_reward_histories`
  ADD PRIMARY KEY (`id`);

--
-- Indexes for table `crm_poins`
--
ALTER TABLE `crm_poins`
  ADD PRIMARY KEY (`id`);

--
-- Indexes for table `crm_reset_poin_histories`
--
ALTER TABLE `crm_reset_poin_histories`
  ADD PRIMARY KEY (`id`);

--
-- Indexes for table `crm_rewards`
--
ALTER TABLE `crm_rewards`
  ADD PRIMARY KEY (`id`);

--
-- Indexes for table `failed_jobs`
--
ALTER TABLE `failed_jobs`
  ADD PRIMARY KEY (`id`),
  ADD UNIQUE KEY `failed_jobs_uuid_unique` (`uuid`);

--
-- Indexes for table `groups`
--
ALTER TABLE `groups`
  ADD PRIMARY KEY (`id`);

--
-- Indexes for table `lost_products`
--
ALTER TABLE `lost_products`
  ADD PRIMARY KEY (`id`);

--
-- Indexes for table `migrations`
--
ALTER TABLE `migrations`
  ADD PRIMARY KEY (`id`);

--
-- Indexes for table `password_resets`
--
ALTER TABLE `password_resets`
  ADD KEY `password_resets_email_index` (`email`);

--
-- Indexes for table `personal_access_tokens`
--
ALTER TABLE `personal_access_tokens`
  ADD PRIMARY KEY (`id`),
  ADD UNIQUE KEY `personal_access_tokens_token_unique` (`token`),
  ADD KEY `personal_access_tokens_tokenable_type_tokenable_id_index` (`tokenable_type`,`tokenable_id`);

--
-- Indexes for table `poin_crms`
--
ALTER TABLE `poin_crms`
  ADD PRIMARY KEY (`id`);

--
-- Indexes for table `products`
--
ALTER TABLE `products`
  ADD PRIMARY KEY (`id`),
  ADD KEY `fk_products_id_productTypes` (`id_productType`);

--
-- Indexes for table `product_types`
--
ALTER TABLE `product_types`
  ADD PRIMARY KEY (`id`),
  ADD UNIQUE KEY `product_types_kode_produk_unique` (`kode_produk`);

--
-- Indexes for table `provinces`
--
ALTER TABLE `provinces`
  ADD PRIMARY KEY (`id`);

--
-- Indexes for table `retur_cashiers`
--
ALTER TABLE `retur_cashiers`
  ADD PRIMARY KEY (`id`);

--
-- Indexes for table `retur_cashier_histories`
--
ALTER TABLE `retur_cashier_histories`
  ADD PRIMARY KEY (`id`);

--
-- Indexes for table `retur_details`
--
ALTER TABLE `retur_details`
  ADD PRIMARY KEY (`id`);

--
-- Indexes for table `retur_histories`
--
ALTER TABLE `retur_histories`
  ADD PRIMARY KEY (`id`);

--
-- Indexes for table `sales_products`
--
ALTER TABLE `sales_products`
  ADD PRIMARY KEY (`id`);

--
-- Indexes for table `sales_stok_details`
--
ALTER TABLE `sales_stok_details`
  ADD PRIMARY KEY (`id`);

--
-- Indexes for table `sales_stok_histories`
--
ALTER TABLE `sales_stok_histories`
  ADD PRIMARY KEY (`id`);

--
-- Indexes for table `supply_details`
--
ALTER TABLE `supply_details`
  ADD PRIMARY KEY (`id`);

--
-- Indexes for table `supply_histories`
--
ALTER TABLE `supply_histories`
  ADD PRIMARY KEY (`id`);

--
-- Indexes for table `tracking_sales_details`
--
ALTER TABLE `tracking_sales_details`
  ADD PRIMARY KEY (`id`);

--
-- Indexes for table `tracking_sales_histories`
--
ALTER TABLE `tracking_sales_histories`
  ADD PRIMARY KEY (`id`);

--
-- Indexes for table `transaction_details`
--
ALTER TABLE `transaction_details`
  ADD PRIMARY KEY (`id`);

--
-- Indexes for table `transaction_detail_sells`
--
ALTER TABLE `transaction_detail_sells`
  ADD PRIMARY KEY (`id`);

--
-- Indexes for table `transaction_histories`
--
ALTER TABLE `transaction_histories`
  ADD PRIMARY KEY (`id`);

--
-- Indexes for table `transaction_history_sells`
--
ALTER TABLE `transaction_history_sells`
  ADD PRIMARY KEY (`id`);

--
-- Indexes for table `users`
--
ALTER TABLE `users`
  ADD PRIMARY KEY (`id`),
  ADD UNIQUE KEY `users_username_unique` (`username`),
  ADD UNIQUE KEY `users_ktp_unique` (`ktp`),
  ADD UNIQUE KEY `users_email_unique` (`email`);

--
-- Indexes for table `user_histories`
--
ALTER TABLE `user_histories`
  ADD PRIMARY KEY (`id`);

--
-- AUTO_INCREMENT for dumped tables
--

--
-- AUTO_INCREMENT for table `cash_opnames`
--
ALTER TABLE `cash_opnames`
  MODIFY `id` bigint(20) UNSIGNED NOT NULL AUTO_INCREMENT, AUTO_INCREMENT=5;

--
-- AUTO_INCREMENT for table `categories`
--
ALTER TABLE `categories`
  MODIFY `id` bigint(20) UNSIGNED NOT NULL AUTO_INCREMENT, AUTO_INCREMENT=11;

--
-- AUTO_INCREMENT for table `cities`
--
ALTER TABLE `cities`
  MODIFY `id` bigint(20) UNSIGNED NOT NULL AUTO_INCREMENT, AUTO_INCREMENT=9472;

--
-- AUTO_INCREMENT for table `crm_claim_reward_histories`
--
ALTER TABLE `crm_claim_reward_histories`
  MODIFY `id` bigint(20) UNSIGNED NOT NULL AUTO_INCREMENT;

--
-- AUTO_INCREMENT for table `crm_poins`
--
ALTER TABLE `crm_poins`
  MODIFY `id` bigint(20) UNSIGNED NOT NULL AUTO_INCREMENT, AUTO_INCREMENT=35;

--
-- AUTO_INCREMENT for table `crm_reset_poin_histories`
--
ALTER TABLE `crm_reset_poin_histories`
  MODIFY `id` bigint(20) UNSIGNED NOT NULL AUTO_INCREMENT;

--
-- AUTO_INCREMENT for table `crm_rewards`
--
ALTER TABLE `crm_rewards`
  MODIFY `id` bigint(20) UNSIGNED NOT NULL AUTO_INCREMENT, AUTO_INCREMENT=14;

--
-- AUTO_INCREMENT for table `failed_jobs`
--
ALTER TABLE `failed_jobs`
  MODIFY `id` bigint(20) UNSIGNED NOT NULL AUTO_INCREMENT;

--
-- AUTO_INCREMENT for table `groups`
--
ALTER TABLE `groups`
  MODIFY `id` bigint(20) UNSIGNED NOT NULL AUTO_INCREMENT, AUTO_INCREMENT=30;

--
-- AUTO_INCREMENT for table `lost_products`
--
ALTER TABLE `lost_products`
  MODIFY `id` bigint(20) UNSIGNED NOT NULL AUTO_INCREMENT, AUTO_INCREMENT=5;

--
-- AUTO_INCREMENT for table `migrations`
--
ALTER TABLE `migrations`
  MODIFY `id` int(10) UNSIGNED NOT NULL AUTO_INCREMENT, AUTO_INCREMENT=61;

--
-- AUTO_INCREMENT for table `personal_access_tokens`
--
ALTER TABLE `personal_access_tokens`
  MODIFY `id` bigint(20) UNSIGNED NOT NULL AUTO_INCREMENT;

--
-- AUTO_INCREMENT for table `poin_crms`
--
ALTER TABLE `poin_crms`
  MODIFY `id` bigint(20) UNSIGNED NOT NULL AUTO_INCREMENT;

--
-- AUTO_INCREMENT for table `products`
--
ALTER TABLE `products`
  MODIFY `id` bigint(20) UNSIGNED NOT NULL AUTO_INCREMENT, AUTO_INCREMENT=559;

--
-- AUTO_INCREMENT for table `product_types`
--
ALTER TABLE `product_types`
  MODIFY `id` bigint(20) UNSIGNED NOT NULL AUTO_INCREMENT, AUTO_INCREMENT=36;

--
-- AUTO_INCREMENT for table `provinces`
--
ALTER TABLE `provinces`
  MODIFY `id` bigint(20) UNSIGNED NOT NULL AUTO_INCREMENT, AUTO_INCREMENT=95;

--
-- AUTO_INCREMENT for table `retur_cashiers`
--
ALTER TABLE `retur_cashiers`
  MODIFY `id` bigint(20) UNSIGNED NOT NULL AUTO_INCREMENT, AUTO_INCREMENT=8;

--
-- AUTO_INCREMENT for table `retur_cashier_histories`
--
ALTER TABLE `retur_cashier_histories`
  MODIFY `id` bigint(20) UNSIGNED NOT NULL AUTO_INCREMENT, AUTO_INCREMENT=13;

--
-- AUTO_INCREMENT for table `retur_details`
--
ALTER TABLE `retur_details`
  MODIFY `id` bigint(20) UNSIGNED NOT NULL AUTO_INCREMENT, AUTO_INCREMENT=12;

--
-- AUTO_INCREMENT for table `retur_histories`
--
ALTER TABLE `retur_histories`
  MODIFY `id` bigint(20) UNSIGNED NOT NULL AUTO_INCREMENT, AUTO_INCREMENT=13;

--
-- AUTO_INCREMENT for table `sales_products`
--
ALTER TABLE `sales_products`
  MODIFY `id` bigint(20) UNSIGNED NOT NULL AUTO_INCREMENT, AUTO_INCREMENT=261;

--
-- AUTO_INCREMENT for table `sales_stok_details`
--
ALTER TABLE `sales_stok_details`
  MODIFY `id` bigint(20) UNSIGNED NOT NULL AUTO_INCREMENT;

--
-- AUTO_INCREMENT for table `sales_stok_histories`
--
ALTER TABLE `sales_stok_histories`
  MODIFY `id` bigint(20) UNSIGNED NOT NULL AUTO_INCREMENT;

--
-- AUTO_INCREMENT for table `supply_details`
--
ALTER TABLE `supply_details`
  MODIFY `id` bigint(20) UNSIGNED NOT NULL AUTO_INCREMENT, AUTO_INCREMENT=4;

--
-- AUTO_INCREMENT for table `supply_histories`
--
ALTER TABLE `supply_histories`
  MODIFY `id` bigint(20) UNSIGNED NOT NULL AUTO_INCREMENT, AUTO_INCREMENT=3;

--
-- AUTO_INCREMENT for table `tracking_sales_details`
--
ALTER TABLE `tracking_sales_details`
  MODIFY `id` bigint(20) UNSIGNED NOT NULL AUTO_INCREMENT, AUTO_INCREMENT=46;

--
-- AUTO_INCREMENT for table `tracking_sales_histories`
--
ALTER TABLE `tracking_sales_histories`
  MODIFY `id` bigint(20) UNSIGNED NOT NULL AUTO_INCREMENT, AUTO_INCREMENT=34;

--
-- AUTO_INCREMENT for table `transaction_details`
--
ALTER TABLE `transaction_details`
  MODIFY `id` bigint(20) UNSIGNED NOT NULL AUTO_INCREMENT, AUTO_INCREMENT=39;

--
-- AUTO_INCREMENT for table `transaction_detail_sells`
--
ALTER TABLE `transaction_detail_sells`
  MODIFY `id` bigint(20) UNSIGNED NOT NULL AUTO_INCREMENT, AUTO_INCREMENT=315;

--
-- AUTO_INCREMENT for table `transaction_histories`
--
ALTER TABLE `transaction_histories`
  MODIFY `id` bigint(20) UNSIGNED NOT NULL AUTO_INCREMENT, AUTO_INCREMENT=34;

--
-- AUTO_INCREMENT for table `transaction_history_sells`
--
ALTER TABLE `transaction_history_sells`
  MODIFY `id` bigint(20) UNSIGNED NOT NULL AUTO_INCREMENT, AUTO_INCREMENT=160;

--
-- AUTO_INCREMENT for table `users`
--
ALTER TABLE `users`
  MODIFY `id` bigint(20) UNSIGNED NOT NULL AUTO_INCREMENT, AUTO_INCREMENT=35;

--
-- AUTO_INCREMENT for table `user_histories`
--
ALTER TABLE `user_histories`
  MODIFY `id` bigint(20) UNSIGNED NOT NULL AUTO_INCREMENT, AUTO_INCREMENT=1217;

--
-- Constraints for dumped tables
--

--
-- Constraints for table `cities`
--
ALTER TABLE `cities`
  ADD CONSTRAINT `cities_province_id_foreign` FOREIGN KEY (`province_id`) REFERENCES `provinces` (`id`);

--
-- Constraints for table `products`
--
ALTER TABLE `products`
  ADD CONSTRAINT `fk_products_id_productTypes` FOREIGN KEY (`id_productType`) REFERENCES `product_types` (`id`) ON DELETE CASCADE;
COMMIT;

/*!40101 SET CHARACTER_SET_CLIENT=@OLD_CHARACTER_SET_CLIENT */;
/*!40101 SET CHARACTER_SET_RESULTS=@OLD_CHARACTER_SET_RESULTS */;
/*!40101 SET COLLATION_CONNECTION=@OLD_COLLATION_CONNECTION */;
